commit_sha	submodule
00355edc07073b71e9bb8d4640797826de838298	9b7310d2-2d5c-4b70-8fd3-f286f3cfc61b
00355edc07073b71e9bb8d4640797826de838298	git-hangup-investigation
00355edc07073b71e9bb8d4640797826de838298	git-lfs-lite
00355edc07073b71e9bb8d4640797826de838298	githooks
00355edc07073b71e9bb8d4640797826de838298	llama-cpp-tk
00355edc07073b71e9bb8d4640797826de838298	mcp
00355edc07073b71e9bb8d4640797826de838298	mdns-inspector
00355edc07073b71e9bb8d4640797826de838298	mouse-pointer
00355edc07073b71e9bb8d4640797826de838298	pictogram
00355edc07073b71e9bb8d4640797826de838298	remove-desktop-ini
00355edc07073b71e9bb8d4640797826de838298	shellex-rust
00355edc07073b71e9bb8d4640797826de838298	static-lunr
00355edc07073b71e9bb8d4640797826de838298	test/add-http-tests-and-fix-stdio
00355edc07073b71e9bb8d4640797826de838298	windows-moukaeritai-work
00620cc1bf068c8ebfdf6423c60deddd2c98ecc6	9b7310d2-2d5c-4b70-8fd3-f286f3cfc61b
00620cc1bf068c8ebfdf6423c60deddd2c98ecc6	git-hangup-investigation
00620cc1bf068c8ebfdf6423c60deddd2c98ecc6	git-lfs-lite
00620cc1bf068c8ebfdf6423c60deddd2c98ecc6	githooks
00620cc1bf068c8ebfdf6423c60deddd2c98ecc6	llama-cpp-tk
00620cc1bf068c8ebfdf6423c60deddd2c98ecc6	mcp
00620cc1bf068c8ebfdf6423c60deddd2c98ecc6	mdns-inspector
00620cc1bf068c8ebfdf6423c60deddd2c98ecc6	mouse-pointer
00620cc1bf068c8ebfdf6423c60deddd2c98ecc6	pictogram
00620cc1bf068c8ebfdf6423c60deddd2c98ecc6	remove-desktop-ini
00620cc1bf068c8ebfdf6423c60deddd2c98ecc6	shellex-rust
00620cc1bf068c8ebfdf6423c60deddd2c98ecc6	static-lunr
00620cc1bf068c8ebfdf6423c60deddd2c98ecc6	test/add-http-tests-and-fix-stdio
00620cc1bf068c8ebfdf6423c60deddd2c98ecc6	windows-moukaeritai-work
0178c38d97decfbca8d7664104c02ac402786e93	9b7310d2-2d5c-4b70-8fd3-f286f3cfc61b
0178c38d97decfbca8d7664104c02ac402786e93	feat/mcp-filelist-server
0178c38d97decfbca8d7664104c02ac402786e93	git-hangup-investigation
0178c38d97decfbca8d7664104c02ac402786e93	git-lfs-lite
0178c38d97decfbca8d7664104c02ac402786e93	githooks
0178c38d97decfbca8d7664104c02ac402786e93	llama-cpp-tk
0178c38d97decfbca8d7664104c02ac402786e93	mcp
0178c38d97decfbca8d7664104c02ac402786e93	mdns-inspector
0178c38d97decfbca8d7664104c02ac402786e93	mouse-pointer
0178c38d97decfbca8d7664104c02ac402786e93	pictogram
0178c38d97decfbca8d7664104c02ac402786e93	remove-desktop-ini
0178c38d97decfbca8d7664104c02ac402786e93	shellex-rust
0178c38d97decfbca8d7664104c02ac402786e93	static-lunr
0178c38d97decfbca8d7664104c02ac402786e93	test/add-http-tests-and-fix-stdio
0178c38d97decfbca8d7664104c02ac402786e93	windows-moukaeritai-work
017daae8181b4b16503b68f445022b1f7662afef	9b7310d2-2d5c-4b70-8fd3-f286f3cfc61b
017daae8181b4b16503b68f445022b1f7662afef	git-hangup-investigation
017daae8181b4b16503b68f445022b1f7662afef	git-lfs-lite
017daae8181b4b16503b68f445022b1f7662afef	githooks
017daae8181b4b16503b68f445022b1f7662afef	llama-cpp-tk
017daae8181b4b16503b68f445022b1f7662afef	mcp
017daae8181b4b16503b68f445022b1f7662afef	mdns-inspector
017daae8181b4b16503b68f445022b1f7662afef	mouse-pointer
017daae8181b4b16503b68f445022b1f7662afef	pictogram
017daae8181b4b16503b68f445022b1f7662afef	remove-desktop-ini
017daae8181b4b16503b68f445022b1f7662afef	shellex-rust
017daae8181b4b16503b68f445022b1f7662afef	static-lunr
017daae8181b4b16503b68f445022b1f7662afef	test/add-http-tests-and-fix-stdio
017daae8181b4b16503b68f445022b1f7662afef	windows-moukaeritai-work
01aa136b196e7052f09bfbbed2bc92e4e1bff808	9b7310d2-2d5c-4b70-8fd3-f286f3cfc61b
01aa136b196e7052f09bfbbed2bc92e4e1bff808	git-hangup-investigation
01aa136b196e7052f09bfbbed2bc92e4e1bff808	git-lfs-lite
01aa136b196e7052f09bfbbed2bc92e4e1bff808	githooks
01aa136b196e7052f09bfbbed2bc92e4e1bff808	llama-cpp-tk
01aa136b196e7052f09bfbbed2bc92e4e1bff808	mcp
01aa136b196e7052f09bfbbed2bc92e4e1bff808	mdns-inspector
01aa136b196e7052f09bfbbed2bc92e4e1bff808	mouse-pointer
01aa136b196e7052f09bfbbed2bc92e4e1bff808	pictogram
01aa136b196e7052f09bfbbed2bc92e4e1bff808	remove-desktop-ini
01aa136b196e7052f09bfbbed2bc92e4e1bff808	shellex-rust
01aa136b196e7052f09bfbbed2bc92e4e1bff808	static-lunr
01aa136b196e7052f09bfbbed2bc92e4e1bff808	test/add-http-tests-and-fix-stdio
01aa136b196e7052f09bfbbed2bc92e4e1bff808	windows-moukaeritai-work
01da758f82e09bb429882eed29ea0ae80d8bc646	9b7310d2-2d5c-4b70-8fd3-f286f3cfc61b
01da758f82e09bb429882eed29ea0ae80d8bc646	git-hangup-investigation
01da758f82e09bb429882eed29ea0ae80d8bc646	git-lfs-lite
01da758f82e09bb429882eed29ea0ae80d8bc646	githooks
01da758f82e09bb429882eed29ea0ae80d8bc646	llama-cpp-tk
01da758f82e09bb429882eed29ea0ae80d8bc646	mcp
01da758f82e09bb429882eed29ea0ae80d8bc646	mdns-inspector
01da758f82e09bb429882eed29ea0ae80d8bc646	mouse-pointer
01da758f82e09bb429882eed29ea0ae80d8bc646	pictogram
01da758f82e09bb429882eed29ea0ae80d8bc646	remove-desktop-ini
01da758f82e09bb429882eed29ea0ae80d8bc646	shellex-rust
01da758f82e09bb429882eed29ea0ae80d8bc646	static-lunr
01da758f82e09bb429882eed29ea0ae80d8bc646	test/add-http-tests-and-fix-stdio
01da758f82e09bb429882eed29ea0ae80d8bc646	windows-moukaeritai-work
028837785b602e53b557f47b0d74e867765a26ce	9b7310d2-2d5c-4b70-8fd3-f286f3cfc61b
028837785b602e53b557f47b0d74e867765a26ce	git-hangup-investigation
028837785b602e53b557f47b0d74e867765a26ce	git-lfs-lite
028837785b602e53b557f47b0d74e867765a26ce	githooks
028837785b602e53b557f47b0d74e867765a26ce	llama-cpp-tk
028837785b602e53b557f47b0d74e867765a26ce	mcp
028837785b602e53b557f47b0d74e867765a26ce	mdns-inspector
028837785b602e53b557f47b0d74e867765a26ce	mouse-pointer
028837785b602e53b557f47b0d74e867765a26ce	pictogram
028837785b602e53b557f47b0d74e867765a26ce	remove-desktop-ini
028837785b602e53b557f47b0d74e867765a26ce	shellex-rust
028837785b602e53b557f47b0d74e867765a26ce	static-lunr
028837785b602e53b557f47b0d74e867765a26ce	test/add-http-tests-and-fix-stdio
028837785b602e53b557f47b0d74e867765a26ce	windows-moukaeritai-work
02fc689dd84dbfee411f1441a7446ab3a00f8b91	9b7310d2-2d5c-4b70-8fd3-f286f3cfc61b
02fc689dd84dbfee411f1441a7446ab3a00f8b91	git-hangup-investigation
02fc689dd84dbfee411f1441a7446ab3a00f8b91	git-lfs-lite
02fc689dd84dbfee411f1441a7446ab3a00f8b91	githooks
02fc689dd84dbfee411f1441a7446ab3a00f8b91	llama-cpp-tk
02fc689dd84dbfee411f1441a7446ab3a00f8b91	mcp
02fc689dd84dbfee411f1441a7446ab3a00f8b91	mdns-inspector
02fc689dd84dbfee411f1441a7446ab3a00f8b91	mouse-pointer
02fc689dd84dbfee411f1441a7446ab3a00f8b91	pictogram
02fc689dd84dbfee411f1441a7446ab3a00f8b91	remove-desktop-ini
02fc689dd84dbfee411f1441a7446ab3a00f8b91	shellex-rust
02fc689dd84dbfee411f1441a7446ab3a00f8b91	static-lunr
02fc689dd84dbfee411f1441a7446ab3a00f8b91	test/add-http-tests-and-fix-stdio
02fc689dd84dbfee411f1441a7446ab3a00f8b91	windows-moukaeritai-work
04e74b8a63100af258244a6d970773801c54cdc6	9b7310d2-2d5c-4b70-8fd3-f286f3cfc61b
04e74b8a63100af258244a6d970773801c54cdc6	feat/mcp-filelist-server
04e74b8a63100af258244a6d970773801c54cdc6	git-hangup-investigation
04e74b8a63100af258244a6d970773801c54cdc6	git-lfs-lite
04e74b8a63100af258244a6d970773801c54cdc6	githooks
04e74b8a63100af258244a6d970773801c54cdc6	llama-cpp-tk
04e74b8a63100af258244a6d970773801c54cdc6	mcp
04e74b8a63100af258244a6d970773801c54cdc6	mdns-inspector
04e74b8a63100af258244a6d970773801c54cdc6	mouse-pointer
04e74b8a63100af258244a6d970773801c54cdc6	pictogram
04e74b8a63100af258244a6d970773801c54cdc6	remove-desktop-ini
04e74b8a63100af258244a6d970773801c54cdc6	shellex-rust
04e74b8a63100af258244a6d970773801c54cdc6	static-lunr
04e74b8a63100af258244a6d970773801c54cdc6	test/add-http-tests-and-fix-stdio
04e74b8a63100af258244a6d970773801c54cdc6	windows-moukaeritai-work
05cdd223150adb8fe6e64e4cb9def63f08d3bd1c	9b7310d2-2d5c-4b70-8fd3-f286f3cfc61b
05cdd223150adb8fe6e64e4cb9def63f08d3bd1c	git-hangup-investigation
05cdd223150adb8fe6e64e4cb9def63f08d3bd1c	git-lfs-lite
05cdd223150adb8fe6e64e4cb9def63f08d3bd1c	githooks
05cdd223150adb8fe6e64e4cb9def63f08d3bd1c	llama-cpp-tk
05cdd223150adb8fe6e64e4cb9def63f08d3bd1c	mcp
05cdd223150adb8fe6e64e4cb9def63f08d3bd1c	mdns-inspector
05cdd223150adb8fe6e64e4cb9def63f08d3bd1c	mouse-pointer
05cdd223150adb8fe6e64e4cb9def63f08d3bd1c	pictogram
05cdd223150adb8fe6e64e4cb9def63f08d3bd1c	remove-desktop-ini
05cdd223150adb8fe6e64e4cb9def63f08d3bd1c	shellex-rust
05cdd223150adb8fe6e64e4cb9def63f08d3bd1c	static-lunr
05cdd223150adb8fe6e64e4cb9def63f08d3bd1c	test/add-http-tests-and-fix-stdio
05cdd223150adb8fe6e64e4cb9def63f08d3bd1c	windows-moukaeritai-work
068e271e26dc8974e82fe7c78f131ba778d15781	9b7310d2-2d5c-4b70-8fd3-f286f3cfc61b
068e271e26dc8974e82fe7c78f131ba778d15781	git-hangup-investigation
068e271e26dc8974e82fe7c78f131ba778d15781	git-lfs-lite
068e271e26dc8974e82fe7c78f131ba778d15781	githooks
068e271e26dc8974e82fe7c78f131ba778d15781	llama-cpp-tk
068e271e26dc8974e82fe7c78f131ba778d15781	mcp
068e271e26dc8974e82fe7c78f131ba778d15781	mdns-inspector
068e271e26dc8974e82fe7c78f131ba778d15781	mouse-pointer
068e271e26dc8974e82fe7c78f131ba778d15781	pictogram
068e271e26dc8974e82fe7c78f131ba778d15781	remove-desktop-ini
068e271e26dc8974e82fe7c78f131ba778d15781	shellex-rust
068e271e26dc8974e82fe7c78f131ba778d15781	static-lunr
068e271e26dc8974e82fe7c78f131ba778d15781	test/add-http-tests-and-fix-stdio
068e271e26dc8974e82fe7c78f131ba778d15781	windows-moukaeritai-work
08a8551ac6e9fa21e83e7aa8239d00f4f4f38396	9b7310d2-2d5c-4b70-8fd3-f286f3cfc61b
08a8551ac6e9fa21e83e7aa8239d00f4f4f38396	feat/mcp-filelist-server
08a8551ac6e9fa21e83e7aa8239d00f4f4f38396	git-hangup-investigation
08a8551ac6e9fa21e83e7aa8239d00f4f4f38396	git-lfs-lite
08a8551ac6e9fa21e83e7aa8239d00f4f4f38396	githooks
08a8551ac6e9fa21e83e7aa8239d00f4f4f38396	llama-cpp-tk
08a8551ac6e9fa21e83e7aa8239d00f4f4f38396	mcp
08a8551ac6e9fa21e83e7aa8239d00f4f4f38396	mdns-inspector
08a8551ac6e9fa21e83e7aa8239d00f4f4f38396	mouse-pointer
08a8551ac6e9fa21e83e7aa8239d00f4f4f38396	pictogram
08a8551ac6e9fa21e83e7aa8239d00f4f4f38396	remove-desktop-ini
08a8551ac6e9fa21e83e7aa8239d00f4f4f38396	shellex-rust
08a8551ac6e9fa21e83e7aa8239d00f4f4f38396	static-lunr
08a8551ac6e9fa21e83e7aa8239d00f4f4f38396	test/add-http-tests-and-fix-stdio
08a8551ac6e9fa21e83e7aa8239d00f4f4f38396	windows-moukaeritai-work
08b6815a4ab3f23fd5d9f1f462135df2323ac630	9b7310d2-2d5c-4b70-8fd3-f286f3cfc61b
08b6815a4ab3f23fd5d9f1f462135df2323ac630	git-hangup-investigation
08b6815a4ab3f23fd5d9f1f462135df2323ac630	git-lfs-lite
08b6815a4ab3f23fd5d9f1f462135df2323ac630	githooks
08b6815a4ab3f23fd5d9f1f462135df2323ac630	llama-cpp-tk
08b6815a4ab3f23fd5d9f1f462135df2323ac630	mcp
08b6815a4ab3f23fd5d9f1f462135df2323ac630	mdns-inspector
08b6815a4ab3f23fd5d9f1f462135df2323ac630	mouse-pointer
08b6815a4ab3f23fd5d9f1f462135df2323ac630	pictogram
08b6815a4ab3f23fd5d9f1f462135df2323ac630	remove-desktop-ini
08b6815a4ab3f23fd5d9f1f462135df2323ac630	shellex-rust
08b6815a4ab3f23fd5d9f1f462135df2323ac630	static-lunr
08b6815a4ab3f23fd5d9f1f462135df2323ac630	test/add-http-tests-and-fix-stdio
08b6815a4ab3f23fd5d9f1f462135df2323ac630	windows-moukaeritai-work
08cf43b414f9a4a0f1c50b9b55b2ff15d7d75369	9b7310d2-2d5c-4b70-8fd3-f286f3cfc61b
08cf43b414f9a4a0f1c50b9b55b2ff15d7d75369	git-hangup-investigation
08cf43b414f9a4a0f1c50b9b55b2ff15d7d75369	git-lfs-lite
08cf43b414f9a4a0f1c50b9b55b2ff15d7d75369	githooks
08cf43b414f9a4a0f1c50b9b55b2ff15d7d75369	llama-cpp-tk
08cf43b414f9a4a0f1c50b9b55b2ff15d7d75369	mcp
08cf43b414f9a4a0f1c50b9b55b2ff15d7d75369	mdns-inspector
08cf43b414f9a4a0f1c50b9b55b2ff15d7d75369	mouse-pointer
08cf43b414f9a4a0f1c50b9b55b2ff15d7d75369	pictogram
08cf43b414f9a4a0f1c50b9b55b2ff15d7d75369	remove-desktop-ini
08cf43b414f9a4a0f1c50b9b55b2ff15d7d75369	shellex-rust
08cf43b414f9a4a0f1c50b9b55b2ff15d7d75369	static-lunr
08cf43b414f9a4a0f1c50b9b55b2ff15d7d75369	test/add-http-tests-and-fix-stdio
08cf43b414f9a4a0f1c50b9b55b2ff15d7d75369	windows-moukaeritai-work
09c4e4e1f129187540a7665431b3a11e4111a2ad	9b7310d2-2d5c-4b70-8fd3-f286f3cfc61b
09c4e4e1f129187540a7665431b3a11e4111a2ad	git-hangup-investigation
09c4e4e1f129187540a7665431b3a11e4111a2ad	git-lfs-lite
09c4e4e1f129187540a7665431b3a11e4111a2ad	githooks
09c4e4e1f129187540a7665431b3a11e4111a2ad	llama-cpp-tk
09c4e4e1f129187540a7665431b3a11e4111a2ad	mcp
09c4e4e1f129187540a7665431b3a11e4111a2ad	mdns-inspector
09c4e4e1f129187540a7665431b3a11e4111a2ad	mouse-pointer
09c4e4e1f129187540a7665431b3a11e4111a2ad	pictogram
09c4e4e1f129187540a7665431b3a11e4111a2ad	remove-desktop-ini
09c4e4e1f129187540a7665431b3a11e4111a2ad	shellex-rust
09c4e4e1f129187540a7665431b3a11e4111a2ad	static-lunr
09c4e4e1f129187540a7665431b3a11e4111a2ad	test/add-http-tests-and-fix-stdio
09c4e4e1f129187540a7665431b3a11e4111a2ad	windows-moukaeritai-work
0a59cf9c901dbf52ce9172d2ab12d9d3c8e861e8	9b7310d2-2d5c-4b70-8fd3-f286f3cfc61b
0a59cf9c901dbf52ce9172d2ab12d9d3c8e861e8	git-hangup-investigation
0a59cf9c901dbf52ce9172d2ab12d9d3c8e861e8	git-lfs-lite
0a59cf9c901dbf52ce9172d2ab12d9d3c8e861e8	githooks
0a59cf9c901dbf52ce9172d2ab12d9d3c8e861e8	llama-cpp-tk
0a59cf9c901dbf52ce9172d2ab12d9d3c8e861e8	mcp
0a59cf9c901dbf52ce9172d2ab12d9d3c8e861e8	mdns-inspector
0a59cf9c901dbf52ce9172d2ab12d9d3c8e861e8	mouse-pointer
0a59cf9c901dbf52ce9172d2ab12d9d3c8e861e8	pictogram
0a59cf9c901dbf52ce9172d2ab12d9d3c8e861e8	remove-desktop-ini
0a59cf9c901dbf52ce9172d2ab12d9d3c8e861e8	shellex-rust
0a59cf9c901dbf52ce9172d2ab12d9d3c8e861e8	static-lunr
0a59cf9c901dbf52ce9172d2ab12d9d3c8e861e8	test/add-http-tests-and-fix-stdio
0a59cf9c901dbf52ce9172d2ab12d9d3c8e861e8	windows-moukaeritai-work
0a68400278829b3dfc617621498a41355ae4ccc5	9b7310d2-2d5c-4b70-8fd3-f286f3cfc61b
0a68400278829b3dfc617621498a41355ae4ccc5	git-hangup-investigation
0a68400278829b3dfc617621498a41355ae4ccc5	git-lfs-lite
0a68400278829b3dfc617621498a41355ae4ccc5	githooks
0a68400278829b3dfc617621498a41355ae4ccc5	llama-cpp-tk
0a68400278829b3dfc617621498a41355ae4ccc5	mcp
0a68400278829b3dfc617621498a41355ae4ccc5	mdns-inspector
0a68400278829b3dfc617621498a41355ae4ccc5	mouse-pointer
0a68400278829b3dfc617621498a41355ae4ccc5	pictogram
0a68400278829b3dfc617621498a41355ae4ccc5	remove-desktop-ini
0a68400278829b3dfc617621498a41355ae4ccc5	shellex-rust
0a68400278829b3dfc617621498a41355ae4ccc5	static-lunr
0a68400278829b3dfc617621498a41355ae4ccc5	test/add-http-tests-and-fix-stdio
0a68400278829b3dfc617621498a41355ae4ccc5	windows-moukaeritai-work
0ad3fa83a4641180e9b9216c152a8dd097476db9	9b7310d2-2d5c-4b70-8fd3-f286f3cfc61b
0ad3fa83a4641180e9b9216c152a8dd097476db9	git-hangup-investigation
0ad3fa83a4641180e9b9216c152a8dd097476db9	git-lfs-lite
0ad3fa83a4641180e9b9216c152a8dd097476db9	githooks
0ad3fa83a4641180e9b9216c152a8dd097476db9	llama-cpp-tk
0ad3fa83a4641180e9b9216c152a8dd097476db9	mcp
0ad3fa83a4641180e9b9216c152a8dd097476db9	mdns-inspector
0ad3fa83a4641180e9b9216c152a8dd097476db9	mouse-pointer
0ad3fa83a4641180e9b9216c152a8dd097476db9	pictogram
0ad3fa83a4641180e9b9216c152a8dd097476db9	remove-desktop-ini
0ad3fa83a4641180e9b9216c152a8dd097476db9	shellex-rust
0ad3fa83a4641180e9b9216c152a8dd097476db9	static-lunr
0ad3fa83a4641180e9b9216c152a8dd097476db9	test/add-http-tests-and-fix-stdio
0ad3fa83a4641180e9b9216c152a8dd097476db9	windows-moukaeritai-work
0b0cc7293e7decd06e8099838ce4e6605797efd3	9b7310d2-2d5c-4b70-8fd3-f286f3cfc61b
0b0cc7293e7decd06e8099838ce4e6605797efd3	feat/mcp-filelist-server
0b0cc7293e7decd06e8099838ce4e6605797efd3	git-hangup-investigation
0b0cc7293e7decd06e8099838ce4e6605797efd3	git-lfs-lite
0b0cc7293e7decd06e8099838ce4e6605797efd3	githooks
0b0cc7293e7decd06e8099838ce4e6605797efd3	llama-cpp-tk
0b0cc7293e7decd06e8099838ce4e6605797efd3	mcp
0b0cc7293e7decd06e8099838ce4e6605797efd3	mdns-inspector
0b0cc7293e7decd06e8099838ce4e6605797efd3	mouse-pointer
0b0cc7293e7decd06e8099838ce4e6605797efd3	pictogram
0b0cc7293e7decd06e8099838ce4e6605797efd3	remove-desktop-ini
0b0cc7293e7decd06e8099838ce4e6605797efd3	shellex-rust
0b0cc7293e7decd06e8099838ce4e6605797efd3	static-lunr
0b0cc7293e7decd06e8099838ce4e6605797efd3	test/add-http-tests-and-fix-stdio
0b0cc7293e7decd06e8099838ce4e6605797efd3	windows-moukaeritai-work
0bacf95c8749d1e77a995d49fb0eccbbece21fb1	9b7310d2-2d5c-4b70-8fd3-f286f3cfc61b
0bacf95c8749d1e77a995d49fb0eccbbece21fb1	git-hangup-investigation
0bacf95c8749d1e77a995d49fb0eccbbece21fb1	git-lfs-lite
0bacf95c8749d1e77a995d49fb0eccbbece21fb1	githooks
0bacf95c8749d1e77a995d49fb0eccbbece21fb1	llama-cpp-tk
0bacf95c8749d1e77a995d49fb0eccbbece21fb1	mcp
0bacf95c8749d1e77a995d49fb0eccbbece21fb1	mdns-inspector
0bacf95c8749d1e77a995d49fb0eccbbece21fb1	mouse-pointer
0bacf95c8749d1e77a995d49fb0eccbbece21fb1	pictogram
0bacf95c8749d1e77a995d49fb0eccbbece21fb1	remove-desktop-ini
0bacf95c8749d1e77a995d49fb0eccbbece21fb1	shellex-rust
0bacf95c8749d1e77a995d49fb0eccbbece21fb1	static-lunr
0bacf95c8749d1e77a995d49fb0eccbbece21fb1	test/add-http-tests-and-fix-stdio
0bacf95c8749d1e77a995d49fb0eccbbece21fb1	windows-moukaeritai-work
0cfe43c83dc2ff53e6504a8b7a4177407df12014	9b7310d2-2d5c-4b70-8fd3-f286f3cfc61b
0cfe43c83dc2ff53e6504a8b7a4177407df12014	git-hangup-investigation
0cfe43c83dc2ff53e6504a8b7a4177407df12014	git-lfs-lite
0cfe43c83dc2ff53e6504a8b7a4177407df12014	githooks
0cfe43c83dc2ff53e6504a8b7a4177407df12014	llama-cpp-tk
0cfe43c83dc2ff53e6504a8b7a4177407df12014	mcp
0cfe43c83dc2ff53e6504a8b7a4177407df12014	mdns-inspector
0cfe43c83dc2ff53e6504a8b7a4177407df12014	mouse-pointer
0cfe43c83dc2ff53e6504a8b7a4177407df12014	pictogram
0cfe43c83dc2ff53e6504a8b7a4177407df12014	remove-desktop-ini
0cfe43c83dc2ff53e6504a8b7a4177407df12014	shellex-rust
0cfe43c83dc2ff53e6504a8b7a4177407df12014	static-lunr
0cfe43c83dc2ff53e6504a8b7a4177407df12014	test/add-http-tests-and-fix-stdio
0cfe43c83dc2ff53e6504a8b7a4177407df12014	windows-moukaeritai-work
0d1995496d4614dacb7a7ccaf4282437677172ae	9b7310d2-2d5c-4b70-8fd3-f286f3cfc61b
0d1995496d4614dacb7a7ccaf4282437677172ae	git-hangup-investigation
0d1995496d4614dacb7a7ccaf4282437677172ae	git-lfs-lite
0d1995496d4614dacb7a7ccaf4282437677172ae	githooks
0d1995496d4614dacb7a7ccaf4282437677172ae	llama-cpp-tk
0d1995496d4614dacb7a7ccaf4282437677172ae	mcp
0d1995496d4614dacb7a7ccaf4282437677172ae	mdns-inspector
0d1995496d4614dacb7a7ccaf4282437677172ae	mouse-pointer
0d1995496d4614dacb7a7ccaf4282437677172ae	pictogram
0d1995496d4614dacb7a7ccaf4282437677172ae	remove-desktop-ini
0d1995496d4614dacb7a7ccaf4282437677172ae	shellex-rust
0d1995496d4614dacb7a7ccaf4282437677172ae	static-lunr
0d1995496d4614dacb7a7ccaf4282437677172ae	test/add-http-tests-and-fix-stdio
0d1995496d4614dacb7a7ccaf4282437677172ae	windows-moukaeritai-work
0d95224f02ccd7ffbb7e271f9d4beffefbf69ab5	9b7310d2-2d5c-4b70-8fd3-f286f3cfc61b
0d95224f02ccd7ffbb7e271f9d4beffefbf69ab5	git-hangup-investigation
0d95224f02ccd7ffbb7e271f9d4beffefbf69ab5	git-lfs-lite
0d95224f02ccd7ffbb7e271f9d4beffefbf69ab5	githooks
0d95224f02ccd7ffbb7e271f9d4beffefbf69ab5	llama-cpp-tk
0d95224f02ccd7ffbb7e271f9d4beffefbf69ab5	mcp
0d95224f02ccd7ffbb7e271f9d4beffefbf69ab5	mdns-inspector
0d95224f02ccd7ffbb7e271f9d4beffefbf69ab5	mouse-pointer
0d95224f02ccd7ffbb7e271f9d4beffefbf69ab5	pictogram
0d95224f02ccd7ffbb7e271f9d4beffefbf69ab5	remove-desktop-ini
0d95224f02ccd7ffbb7e271f9d4beffefbf69ab5	shellex-rust
0d95224f02ccd7ffbb7e271f9d4beffefbf69ab5	static-lunr
0d95224f02ccd7ffbb7e271f9d4beffefbf69ab5	test/add-http-tests-and-fix-stdio
0d95224f02ccd7ffbb7e271f9d4beffefbf69ab5	windows-moukaeritai-work
0dd408118b222b17e50b8b8fce35a4747f4d311f	9b7310d2-2d5c-4b70-8fd3-f286f3cfc61b
0dd408118b222b17e50b8b8fce35a4747f4d311f	git-hangup-investigation
0dd408118b222b17e50b8b8fce35a4747f4d311f	git-lfs-lite
0dd408118b222b17e50b8b8fce35a4747f4d311f	githooks
0dd408118b222b17e50b8b8fce35a4747f4d311f	llama-cpp-tk
0dd408118b222b17e50b8b8fce35a4747f4d311f	mcp
0dd408118b222b17e50b8b8fce35a4747f4d311f	mdns-inspector
0dd408118b222b17e50b8b8fce35a4747f4d311f	mouse-pointer
0dd408118b222b17e50b8b8fce35a4747f4d311f	pictogram
0dd408118b222b17e50b8b8fce35a4747f4d311f	remove-desktop-ini
0dd408118b222b17e50b8b8fce35a4747f4d311f	shellex-rust
0dd408118b222b17e50b8b8fce35a4747f4d311f	static-lunr
0dd408118b222b17e50b8b8fce35a4747f4d311f	test/add-http-tests-and-fix-stdio
0dd408118b222b17e50b8b8fce35a4747f4d311f	windows-moukaeritai-work
0e0528b5236853f17379db130dfee12653d91e26	9b7310d2-2d5c-4b70-8fd3-f286f3cfc61b
0e0528b5236853f17379db130dfee12653d91e26	git-hangup-investigation
0e0528b5236853f17379db130dfee12653d91e26	git-lfs-lite
0e0528b5236853f17379db130dfee12653d91e26	githooks
0e0528b5236853f17379db130dfee12653d91e26	llama-cpp-tk
0e0528b5236853f17379db130dfee12653d91e26	mcp
0e0528b5236853f17379db130dfee12653d91e26	mdns-inspector
0e0528b5236853f17379db130dfee12653d91e26	mouse-pointer
0e0528b5236853f17379db130dfee12653d91e26	pictogram
0e0528b5236853f17379db130dfee12653d91e26	remove-desktop-ini
0e0528b5236853f17379db130dfee12653d91e26	shellex-rust
0e0528b5236853f17379db130dfee12653d91e26	static-lunr
0e0528b5236853f17379db130dfee12653d91e26	test/add-http-tests-and-fix-stdio
0e0528b5236853f17379db130dfee12653d91e26	windows-moukaeritai-work
0f02209b5c1ed88d1cf03974064d9a3d5b48df3c	9b7310d2-2d5c-4b70-8fd3-f286f3cfc61b
0f02209b5c1ed88d1cf03974064d9a3d5b48df3c	feat/mcp-filelist-server
0f02209b5c1ed88d1cf03974064d9a3d5b48df3c	git-hangup-investigation
0f02209b5c1ed88d1cf03974064d9a3d5b48df3c	git-lfs-lite
0f02209b5c1ed88d1cf03974064d9a3d5b48df3c	githooks
0f02209b5c1ed88d1cf03974064d9a3d5b48df3c	llama-cpp-tk
0f02209b5c1ed88d1cf03974064d9a3d5b48df3c	mcp
0f02209b5c1ed88d1cf03974064d9a3d5b48df3c	mdns-inspector
0f02209b5c1ed88d1cf03974064d9a3d5b48df3c	mouse-pointer
0f02209b5c1ed88d1cf03974064d9a3d5b48df3c	pictogram
0f02209b5c1ed88d1cf03974064d9a3d5b48df3c	remove-desktop-ini
0f02209b5c1ed88d1cf03974064d9a3d5b48df3c	shellex-rust
0f02209b5c1ed88d1cf03974064d9a3d5b48df3c	static-lunr
0f02209b5c1ed88d1cf03974064d9a3d5b48df3c	test/add-http-tests-and-fix-stdio
0f02209b5c1ed88d1cf03974064d9a3d5b48df3c	windows-moukaeritai-work
0f33767ece2f3b97161c1f32e197fd8272d79170	9b7310d2-2d5c-4b70-8fd3-f286f3cfc61b
0f33767ece2f3b97161c1f32e197fd8272d79170	git-hangup-investigation
0f33767ece2f3b97161c1f32e197fd8272d79170	git-lfs-lite
0f33767ece2f3b97161c1f32e197fd8272d79170	githooks
0f33767ece2f3b97161c1f32e197fd8272d79170	llama-cpp-tk
0f33767ece2f3b97161c1f32e197fd8272d79170	mcp
0f33767ece2f3b97161c1f32e197fd8272d79170	mdns-inspector
0f33767ece2f3b97161c1f32e197fd8272d79170	mouse-pointer
0f33767ece2f3b97161c1f32e197fd8272d79170	pictogram
0f33767ece2f3b97161c1f32e197fd8272d79170	remove-desktop-ini
0f33767ece2f3b97161c1f32e197fd8272d79170	shellex-rust
0f33767ece2f3b97161c1f32e197fd8272d79170	static-lunr
0f33767ece2f3b97161c1f32e197fd8272d79170	test/add-http-tests-and-fix-stdio
0f33767ece2f3b97161c1f32e197fd8272d79170	windows-moukaeritai-work
1047b18ab01c3556f8577a906f2190bcee2cb8b6	9b7310d2-2d5c-4b70-8fd3-f286f3cfc61b
1047b18ab01c3556f8577a906f2190bcee2cb8b6	feat/mcp-filelist-server
1047b18ab01c3556f8577a906f2190bcee2cb8b6	git-hangup-investigation
1047b18ab01c3556f8577a906f2190bcee2cb8b6	git-lfs-lite
1047b18ab01c3556f8577a906f2190bcee2cb8b6	githooks
1047b18ab01c3556f8577a906f2190bcee2cb8b6	llama-cpp-tk
1047b18ab01c3556f8577a906f2190bcee2cb8b6	mcp
1047b18ab01c3556f8577a906f2190bcee2cb8b6	mdns-inspector
1047b18ab01c3556f8577a906f2190bcee2cb8b6	mouse-pointer
1047b18ab01c3556f8577a906f2190bcee2cb8b6	pictogram
1047b18ab01c3556f8577a906f2190bcee2cb8b6	remove-desktop-ini
1047b18ab01c3556f8577a906f2190bcee2cb8b6	shellex-rust
1047b18ab01c3556f8577a906f2190bcee2cb8b6	static-lunr
1047b18ab01c3556f8577a906f2190bcee2cb8b6	test/add-http-tests-and-fix-stdio
1047b18ab01c3556f8577a906f2190bcee2cb8b6	windows-moukaeritai-work
104db72d9fc5e426423c0fda6f602434b1d4c692	9b7310d2-2d5c-4b70-8fd3-f286f3cfc61b
104db72d9fc5e426423c0fda6f602434b1d4c692	git-hangup-investigation
104db72d9fc5e426423c0fda6f602434b1d4c692	git-lfs-lite
104db72d9fc5e426423c0fda6f602434b1d4c692	githooks
104db72d9fc5e426423c0fda6f602434b1d4c692	llama-cpp-tk
104db72d9fc5e426423c0fda6f602434b1d4c692	mcp
104db72d9fc5e426423c0fda6f602434b1d4c692	mdns-inspector
104db72d9fc5e426423c0fda6f602434b1d4c692	mouse-pointer
104db72d9fc5e426423c0fda6f602434b1d4c692	pictogram
104db72d9fc5e426423c0fda6f602434b1d4c692	remove-desktop-ini
104db72d9fc5e426423c0fda6f602434b1d4c692	shellex-rust
104db72d9fc5e426423c0fda6f602434b1d4c692	static-lunr
104db72d9fc5e426423c0fda6f602434b1d4c692	test/add-http-tests-and-fix-stdio
104db72d9fc5e426423c0fda6f602434b1d4c692	windows-moukaeritai-work
113a7715c49d926eeba4771272e2676c5ac02f98	9b7310d2-2d5c-4b70-8fd3-f286f3cfc61b
113a7715c49d926eeba4771272e2676c5ac02f98	git-hangup-investigation
113a7715c49d926eeba4771272e2676c5ac02f98	git-lfs-lite
113a7715c49d926eeba4771272e2676c5ac02f98	githooks
113a7715c49d926eeba4771272e2676c5ac02f98	llama-cpp-tk
113a7715c49d926eeba4771272e2676c5ac02f98	mcp
113a7715c49d926eeba4771272e2676c5ac02f98	mdns-inspector
113a7715c49d926eeba4771272e2676c5ac02f98	mouse-pointer
113a7715c49d926eeba4771272e2676c5ac02f98	pictogram
113a7715c49d926eeba4771272e2676c5ac02f98	remove-desktop-ini
113a7715c49d926eeba4771272e2676c5ac02f98	shellex-rust
113a7715c49d926eeba4771272e2676c5ac02f98	static-lunr
113a7715c49d926eeba4771272e2676c5ac02f98	test/add-http-tests-and-fix-stdio
113a7715c49d926eeba4771272e2676c5ac02f98	windows-moukaeritai-work
11860465fb507232e30f460247687f7efe3a37aa	9b7310d2-2d5c-4b70-8fd3-f286f3cfc61b
11860465fb507232e30f460247687f7efe3a37aa	git-hangup-investigation
11860465fb507232e30f460247687f7efe3a37aa	git-lfs-lite
11860465fb507232e30f460247687f7efe3a37aa	githooks
11860465fb507232e30f460247687f7efe3a37aa	llama-cpp-tk
11860465fb507232e30f460247687f7efe3a37aa	mcp
11860465fb507232e30f460247687f7efe3a37aa	mdns-inspector
11860465fb507232e30f460247687f7efe3a37aa	mouse-pointer
11860465fb507232e30f460247687f7efe3a37aa	pictogram
11860465fb507232e30f460247687f7efe3a37aa	remove-desktop-ini
11860465fb507232e30f460247687f7efe3a37aa	shellex-rust
11860465fb507232e30f460247687f7efe3a37aa	static-lunr
11860465fb507232e30f460247687f7efe3a37aa	test/add-http-tests-and-fix-stdio
11860465fb507232e30f460247687f7efe3a37aa	windows-moukaeritai-work
126a2e99160dcef32a0236080267ba82a612dc20	9b7310d2-2d5c-4b70-8fd3-f286f3cfc61b
126a2e99160dcef32a0236080267ba82a612dc20	feat/mcp-filelist-server
126a2e99160dcef32a0236080267ba82a612dc20	git-hangup-investigation
126a2e99160dcef32a0236080267ba82a612dc20	git-lfs-lite
126a2e99160dcef32a0236080267ba82a612dc20	githooks
126a2e99160dcef32a0236080267ba82a612dc20	llama-cpp-tk
126a2e99160dcef32a0236080267ba82a612dc20	mcp
126a2e99160dcef32a0236080267ba82a612dc20	mdns-inspector
126a2e99160dcef32a0236080267ba82a612dc20	mouse-pointer
126a2e99160dcef32a0236080267ba82a612dc20	pictogram
126a2e99160dcef32a0236080267ba82a612dc20	remove-desktop-ini
126a2e99160dcef32a0236080267ba82a612dc20	shellex-rust
126a2e99160dcef32a0236080267ba82a612dc20	static-lunr
126a2e99160dcef32a0236080267ba82a612dc20	test/add-http-tests-and-fix-stdio
126a2e99160dcef32a0236080267ba82a612dc20	windows-moukaeritai-work
126e720e12c625adf43b11e536934bedbc534814	9b7310d2-2d5c-4b70-8fd3-f286f3cfc61b
126e720e12c625adf43b11e536934bedbc534814	feat/mcp-filelist-server
126e720e12c625adf43b11e536934bedbc534814	git-hangup-investigation
126e720e12c625adf43b11e536934bedbc534814	git-lfs-lite
126e720e12c625adf43b11e536934bedbc534814	githooks
126e720e12c625adf43b11e536934bedbc534814	llama-cpp-tk
126e720e12c625adf43b11e536934bedbc534814	mcp
126e720e12c625adf43b11e536934bedbc534814	mdns-inspector
126e720e12c625adf43b11e536934bedbc534814	mouse-pointer
126e720e12c625adf43b11e536934bedbc534814	pictogram
126e720e12c625adf43b11e536934bedbc534814	remove-desktop-ini
126e720e12c625adf43b11e536934bedbc534814	shellex-rust
126e720e12c625adf43b11e536934bedbc534814	static-lunr
126e720e12c625adf43b11e536934bedbc534814	test/add-http-tests-and-fix-stdio
126e720e12c625adf43b11e536934bedbc534814	windows-moukaeritai-work
12cb395516bc3a407e3b2b11e6ec5b6d0ece8596	9b7310d2-2d5c-4b70-8fd3-f286f3cfc61b
12cb395516bc3a407e3b2b11e6ec5b6d0ece8596	feat/mcp-filelist-server
12cb395516bc3a407e3b2b11e6ec5b6d0ece8596	git-hangup-investigation
12cb395516bc3a407e3b2b11e6ec5b6d0ece8596	git-lfs-lite
12cb395516bc3a407e3b2b11e6ec5b6d0ece8596	githooks
12cb395516bc3a407e3b2b11e6ec5b6d0ece8596	llama-cpp-tk
12cb395516bc3a407e3b2b11e6ec5b6d0ece8596	mcp
12cb395516bc3a407e3b2b11e6ec5b6d0ece8596	mdns-inspector
12cb395516bc3a407e3b2b11e6ec5b6d0ece8596	mouse-pointer
12cb395516bc3a407e3b2b11e6ec5b6d0ece8596	pictogram
12cb395516bc3a407e3b2b11e6ec5b6d0ece8596	remove-desktop-ini
12cb395516bc3a407e3b2b11e6ec5b6d0ece8596	shellex-rust
12cb395516bc3a407e3b2b11e6ec5b6d0ece8596	static-lunr
12cb395516bc3a407e3b2b11e6ec5b6d0ece8596	test/add-http-tests-and-fix-stdio
12cb395516bc3a407e3b2b11e6ec5b6d0ece8596	windows-moukaeritai-work
138324448bdd7db546e2cc5bbc2ede091ae80e85	9b7310d2-2d5c-4b70-8fd3-f286f3cfc61b
138324448bdd7db546e2cc5bbc2ede091ae80e85	git-hangup-investigation
138324448bdd7db546e2cc5bbc2ede091ae80e85	git-lfs-lite
138324448bdd7db546e2cc5bbc2ede091ae80e85	githooks
138324448bdd7db546e2cc5bbc2ede091ae80e85	llama-cpp-tk
138324448bdd7db546e2cc5bbc2ede091ae80e85	mcp
138324448bdd7db546e2cc5bbc2ede091ae80e85	mdns-inspector
138324448bdd7db546e2cc5bbc2ede091ae80e85	mouse-pointer
138324448bdd7db546e2cc5bbc2ede091ae80e85	pictogram
138324448bdd7db546e2cc5bbc2ede091ae80e85	remove-desktop-ini
138324448bdd7db546e2cc5bbc2ede091ae80e85	shellex-rust
138324448bdd7db546e2cc5bbc2ede091ae80e85	static-lunr
138324448bdd7db546e2cc5bbc2ede091ae80e85	test/add-http-tests-and-fix-stdio
138324448bdd7db546e2cc5bbc2ede091ae80e85	windows-moukaeritai-work
1391380430fa61fdafa88bd0534e00fbbea6bc60	9b7310d2-2d5c-4b70-8fd3-f286f3cfc61b
1391380430fa61fdafa88bd0534e00fbbea6bc60	git-hangup-investigation
1391380430fa61fdafa88bd0534e00fbbea6bc60	git-lfs-lite
1391380430fa61fdafa88bd0534e00fbbea6bc60	githooks
1391380430fa61fdafa88bd0534e00fbbea6bc60	llama-cpp-tk
1391380430fa61fdafa88bd0534e00fbbea6bc60	mcp
1391380430fa61fdafa88bd0534e00fbbea6bc60	mdns-inspector
1391380430fa61fdafa88bd0534e00fbbea6bc60	mouse-pointer
1391380430fa61fdafa88bd0534e00fbbea6bc60	pictogram
1391380430fa61fdafa88bd0534e00fbbea6bc60	remove-desktop-ini
1391380430fa61fdafa88bd0534e00fbbea6bc60	shellex-rust
1391380430fa61fdafa88bd0534e00fbbea6bc60	static-lunr
1391380430fa61fdafa88bd0534e00fbbea6bc60	test/add-http-tests-and-fix-stdio
1391380430fa61fdafa88bd0534e00fbbea6bc60	windows-moukaeritai-work
140e37f95b62c0672dc3654c37cd4c65799600a7	9b7310d2-2d5c-4b70-8fd3-f286f3cfc61b
140e37f95b62c0672dc3654c37cd4c65799600a7	git-hangup-investigation
140e37f95b62c0672dc3654c37cd4c65799600a7	git-lfs-lite
140e37f95b62c0672dc3654c37cd4c65799600a7	githooks
140e37f95b62c0672dc3654c37cd4c65799600a7	llama-cpp-tk
140e37f95b62c0672dc3654c37cd4c65799600a7	mcp
140e37f95b62c0672dc3654c37cd4c65799600a7	mdns-inspector
140e37f95b62c0672dc3654c37cd4c65799600a7	mouse-pointer
140e37f95b62c0672dc3654c37cd4c65799600a7	pictogram
140e37f95b62c0672dc3654c37cd4c65799600a7	remove-desktop-ini
140e37f95b62c0672dc3654c37cd4c65799600a7	shellex-rust
140e37f95b62c0672dc3654c37cd4c65799600a7	static-lunr
140e37f95b62c0672dc3654c37cd4c65799600a7	test/add-http-tests-and-fix-stdio
140e37f95b62c0672dc3654c37cd4c65799600a7	windows-moukaeritai-work
14f604c851b3bca843c91e8b6ff1d95df47db02f	9b7310d2-2d5c-4b70-8fd3-f286f3cfc61b
14f604c851b3bca843c91e8b6ff1d95df47db02f	git-hangup-investigation
14f604c851b3bca843c91e8b6ff1d95df47db02f	git-lfs-lite
14f604c851b3bca843c91e8b6ff1d95df47db02f	githooks
14f604c851b3bca843c91e8b6ff1d95df47db02f	llama-cpp-tk
14f604c851b3bca843c91e8b6ff1d95df47db02f	mcp
14f604c851b3bca843c91e8b6ff1d95df47db02f	mdns-inspector
14f604c851b3bca843c91e8b6ff1d95df47db02f	mouse-pointer
14f604c851b3bca843c91e8b6ff1d95df47db02f	pictogram
14f604c851b3bca843c91e8b6ff1d95df47db02f	remove-desktop-ini
14f604c851b3bca843c91e8b6ff1d95df47db02f	shellex-rust
14f604c851b3bca843c91e8b6ff1d95df47db02f	static-lunr
14f604c851b3bca843c91e8b6ff1d95df47db02f	test/add-http-tests-and-fix-stdio
14f604c851b3bca843c91e8b6ff1d95df47db02f	windows-moukaeritai-work
160dcb97c1a4351bf09b77dad6847a033d3be6cd	9b7310d2-2d5c-4b70-8fd3-f286f3cfc61b
160dcb97c1a4351bf09b77dad6847a033d3be6cd	feat/mcp-filelist-server
160dcb97c1a4351bf09b77dad6847a033d3be6cd	git-hangup-investigation
160dcb97c1a4351bf09b77dad6847a033d3be6cd	git-lfs-lite
160dcb97c1a4351bf09b77dad6847a033d3be6cd	githooks
160dcb97c1a4351bf09b77dad6847a033d3be6cd	llama-cpp-tk
160dcb97c1a4351bf09b77dad6847a033d3be6cd	mcp
160dcb97c1a4351bf09b77dad6847a033d3be6cd	mdns-inspector
160dcb97c1a4351bf09b77dad6847a033d3be6cd	mouse-pointer
160dcb97c1a4351bf09b77dad6847a033d3be6cd	pictogram
160dcb97c1a4351bf09b77dad6847a033d3be6cd	remove-desktop-ini
160dcb97c1a4351bf09b77dad6847a033d3be6cd	shellex-rust
160dcb97c1a4351bf09b77dad6847a033d3be6cd	static-lunr
160dcb97c1a4351bf09b77dad6847a033d3be6cd	test/add-http-tests-and-fix-stdio
160dcb97c1a4351bf09b77dad6847a033d3be6cd	windows-moukaeritai-work
1723e8a2cfef948b460d55276e1c4b84677f14a4	9b7310d2-2d5c-4b70-8fd3-f286f3cfc61b
1723e8a2cfef948b460d55276e1c4b84677f14a4	git-hangup-investigation
1723e8a2cfef948b460d55276e1c4b84677f14a4	git-lfs-lite
1723e8a2cfef948b460d55276e1c4b84677f14a4	githooks
1723e8a2cfef948b460d55276e1c4b84677f14a4	llama-cpp-tk
1723e8a2cfef948b460d55276e1c4b84677f14a4	mcp
1723e8a2cfef948b460d55276e1c4b84677f14a4	mdns-inspector
1723e8a2cfef948b460d55276e1c4b84677f14a4	mouse-pointer
1723e8a2cfef948b460d55276e1c4b84677f14a4	pictogram
1723e8a2cfef948b460d55276e1c4b84677f14a4	remove-desktop-ini
1723e8a2cfef948b460d55276e1c4b84677f14a4	shellex-rust
1723e8a2cfef948b460d55276e1c4b84677f14a4	static-lunr
1723e8a2cfef948b460d55276e1c4b84677f14a4	test/add-http-tests-and-fix-stdio
1723e8a2cfef948b460d55276e1c4b84677f14a4	windows-moukaeritai-work
17256281e9ef18e88ce297ec4a50bf19074fcc78	9b7310d2-2d5c-4b70-8fd3-f286f3cfc61b
17256281e9ef18e88ce297ec4a50bf19074fcc78	feat/mcp-filelist-server
17256281e9ef18e88ce297ec4a50bf19074fcc78	git-hangup-investigation
17256281e9ef18e88ce297ec4a50bf19074fcc78	git-lfs-lite
17256281e9ef18e88ce297ec4a50bf19074fcc78	githooks
17256281e9ef18e88ce297ec4a50bf19074fcc78	llama-cpp-tk
17256281e9ef18e88ce297ec4a50bf19074fcc78	mcp
17256281e9ef18e88ce297ec4a50bf19074fcc78	mdns-inspector
17256281e9ef18e88ce297ec4a50bf19074fcc78	mouse-pointer
17256281e9ef18e88ce297ec4a50bf19074fcc78	pictogram
17256281e9ef18e88ce297ec4a50bf19074fcc78	remove-desktop-ini
17256281e9ef18e88ce297ec4a50bf19074fcc78	shellex-rust
17256281e9ef18e88ce297ec4a50bf19074fcc78	static-lunr
17256281e9ef18e88ce297ec4a50bf19074fcc78	test/add-http-tests-and-fix-stdio
17256281e9ef18e88ce297ec4a50bf19074fcc78	windows-moukaeritai-work
17d58e4126324f0441a4f06e65826664d657edec	9b7310d2-2d5c-4b70-8fd3-f286f3cfc61b
17d58e4126324f0441a4f06e65826664d657edec	git-hangup-investigation
17d58e4126324f0441a4f06e65826664d657edec	git-lfs-lite
17d58e4126324f0441a4f06e65826664d657edec	githooks
17d58e4126324f0441a4f06e65826664d657edec	llama-cpp-tk
17d58e4126324f0441a4f06e65826664d657edec	mcp
17d58e4126324f0441a4f06e65826664d657edec	mdns-inspector
17d58e4126324f0441a4f06e65826664d657edec	mouse-pointer
17d58e4126324f0441a4f06e65826664d657edec	pictogram
17d58e4126324f0441a4f06e65826664d657edec	remove-desktop-ini
17d58e4126324f0441a4f06e65826664d657edec	shellex-rust
17d58e4126324f0441a4f06e65826664d657edec	static-lunr
17d58e4126324f0441a4f06e65826664d657edec	test/add-http-tests-and-fix-stdio
17d58e4126324f0441a4f06e65826664d657edec	windows-moukaeritai-work
18eb0ecf6eedf3ba1014e6b80833a8684ba2ca42	9b7310d2-2d5c-4b70-8fd3-f286f3cfc61b
18eb0ecf6eedf3ba1014e6b80833a8684ba2ca42	git-hangup-investigation
18eb0ecf6eedf3ba1014e6b80833a8684ba2ca42	git-lfs-lite
18eb0ecf6eedf3ba1014e6b80833a8684ba2ca42	githooks
18eb0ecf6eedf3ba1014e6b80833a8684ba2ca42	llama-cpp-tk
18eb0ecf6eedf3ba1014e6b80833a8684ba2ca42	mcp
18eb0ecf6eedf3ba1014e6b80833a8684ba2ca42	mdns-inspector
18eb0ecf6eedf3ba1014e6b80833a8684ba2ca42	mouse-pointer
18eb0ecf6eedf3ba1014e6b80833a8684ba2ca42	pictogram
18eb0ecf6eedf3ba1014e6b80833a8684ba2ca42	remove-desktop-ini
18eb0ecf6eedf3ba1014e6b80833a8684ba2ca42	shellex-rust
18eb0ecf6eedf3ba1014e6b80833a8684ba2ca42	static-lunr
18eb0ecf6eedf3ba1014e6b80833a8684ba2ca42	test/add-http-tests-and-fix-stdio
18eb0ecf6eedf3ba1014e6b80833a8684ba2ca42	windows-moukaeritai-work
19c30980c923d4ea51a2776fa166f4aca2ad077e	9b7310d2-2d5c-4b70-8fd3-f286f3cfc61b
19c30980c923d4ea51a2776fa166f4aca2ad077e	git-hangup-investigation
19c30980c923d4ea51a2776fa166f4aca2ad077e	git-lfs-lite
19c30980c923d4ea51a2776fa166f4aca2ad077e	githooks
19c30980c923d4ea51a2776fa166f4aca2ad077e	llama-cpp-tk
19c30980c923d4ea51a2776fa166f4aca2ad077e	mcp
19c30980c923d4ea51a2776fa166f4aca2ad077e	mdns-inspector
19c30980c923d4ea51a2776fa166f4aca2ad077e	mouse-pointer
19c30980c923d4ea51a2776fa166f4aca2ad077e	pictogram
19c30980c923d4ea51a2776fa166f4aca2ad077e	remove-desktop-ini
19c30980c923d4ea51a2776fa166f4aca2ad077e	shellex-rust
19c30980c923d4ea51a2776fa166f4aca2ad077e	static-lunr
19c30980c923d4ea51a2776fa166f4aca2ad077e	test/add-http-tests-and-fix-stdio
19c30980c923d4ea51a2776fa166f4aca2ad077e	windows-moukaeritai-work
1a661023405d0e89e12d9687888ccdea1a9ad6a7	9b7310d2-2d5c-4b70-8fd3-f286f3cfc61b
1a661023405d0e89e12d9687888ccdea1a9ad6a7	git-hangup-investigation
1a661023405d0e89e12d9687888ccdea1a9ad6a7	git-lfs-lite
1a661023405d0e89e12d9687888ccdea1a9ad6a7	githooks
1a661023405d0e89e12d9687888ccdea1a9ad6a7	llama-cpp-tk
1a661023405d0e89e12d9687888ccdea1a9ad6a7	mcp
1a661023405d0e89e12d9687888ccdea1a9ad6a7	mdns-inspector
1a661023405d0e89e12d9687888ccdea1a9ad6a7	mouse-pointer
1a661023405d0e89e12d9687888ccdea1a9ad6a7	pictogram
1a661023405d0e89e12d9687888ccdea1a9ad6a7	remove-desktop-ini
1a661023405d0e89e12d9687888ccdea1a9ad6a7	shellex-rust
1a661023405d0e89e12d9687888ccdea1a9ad6a7	static-lunr
1a661023405d0e89e12d9687888ccdea1a9ad6a7	test/add-http-tests-and-fix-stdio
1a661023405d0e89e12d9687888ccdea1a9ad6a7	windows-moukaeritai-work
1a974d3217a0aa5fdc7cbbce7534c1891505a8ea	9b7310d2-2d5c-4b70-8fd3-f286f3cfc61b
1a974d3217a0aa5fdc7cbbce7534c1891505a8ea	git-hangup-investigation
1a974d3217a0aa5fdc7cbbce7534c1891505a8ea	git-lfs-lite
1a974d3217a0aa5fdc7cbbce7534c1891505a8ea	githooks
1a974d3217a0aa5fdc7cbbce7534c1891505a8ea	llama-cpp-tk
1a974d3217a0aa5fdc7cbbce7534c1891505a8ea	mcp
1a974d3217a0aa5fdc7cbbce7534c1891505a8ea	mdns-inspector
1a974d3217a0aa5fdc7cbbce7534c1891505a8ea	mouse-pointer
1a974d3217a0aa5fdc7cbbce7534c1891505a8ea	pictogram
1a974d3217a0aa5fdc7cbbce7534c1891505a8ea	remove-desktop-ini
1a974d3217a0aa5fdc7cbbce7534c1891505a8ea	shellex-rust
1a974d3217a0aa5fdc7cbbce7534c1891505a8ea	static-lunr
1a974d3217a0aa5fdc7cbbce7534c1891505a8ea	test/add-http-tests-and-fix-stdio
1a974d3217a0aa5fdc7cbbce7534c1891505a8ea	windows-moukaeritai-work
1b33507d3df498888057e53d39ce86bcea6f2b2d	9b7310d2-2d5c-4b70-8fd3-f286f3cfc61b
1b33507d3df498888057e53d39ce86bcea6f2b2d	git-hangup-investigation
1b33507d3df498888057e53d39ce86bcea6f2b2d	git-lfs-lite
1b33507d3df498888057e53d39ce86bcea6f2b2d	githooks
1b33507d3df498888057e53d39ce86bcea6f2b2d	llama-cpp-tk
1b33507d3df498888057e53d39ce86bcea6f2b2d	mcp
1b33507d3df498888057e53d39ce86bcea6f2b2d	mdns-inspector
1b33507d3df498888057e53d39ce86bcea6f2b2d	mouse-pointer
1b33507d3df498888057e53d39ce86bcea6f2b2d	pictogram
1b33507d3df498888057e53d39ce86bcea6f2b2d	remove-desktop-ini
1b33507d3df498888057e53d39ce86bcea6f2b2d	shellex-rust
1b33507d3df498888057e53d39ce86bcea6f2b2d	static-lunr
1b33507d3df498888057e53d39ce86bcea6f2b2d	test/add-http-tests-and-fix-stdio
1b33507d3df498888057e53d39ce86bcea6f2b2d	windows-moukaeritai-work
1b81a006ad1fce7388a0c22aa950f3619302a9ff	9b7310d2-2d5c-4b70-8fd3-f286f3cfc61b
1b81a006ad1fce7388a0c22aa950f3619302a9ff	git-hangup-investigation
1b81a006ad1fce7388a0c22aa950f3619302a9ff	git-lfs-lite
1b81a006ad1fce7388a0c22aa950f3619302a9ff	githooks
1b81a006ad1fce7388a0c22aa950f3619302a9ff	llama-cpp-tk
1b81a006ad1fce7388a0c22aa950f3619302a9ff	mcp
1b81a006ad1fce7388a0c22aa950f3619302a9ff	mdns-inspector
1b81a006ad1fce7388a0c22aa950f3619302a9ff	mouse-pointer
1b81a006ad1fce7388a0c22aa950f3619302a9ff	pictogram
1b81a006ad1fce7388a0c22aa950f3619302a9ff	remove-desktop-ini
1b81a006ad1fce7388a0c22aa950f3619302a9ff	shellex-rust
1b81a006ad1fce7388a0c22aa950f3619302a9ff	static-lunr
1b81a006ad1fce7388a0c22aa950f3619302a9ff	test/add-http-tests-and-fix-stdio
1b81a006ad1fce7388a0c22aa950f3619302a9ff	windows-moukaeritai-work
1ba5bcb77fae52d67511c3440c59febbbd97be80	9b7310d2-2d5c-4b70-8fd3-f286f3cfc61b
1ba5bcb77fae52d67511c3440c59febbbd97be80	git-hangup-investigation
1ba5bcb77fae52d67511c3440c59febbbd97be80	git-lfs-lite
1ba5bcb77fae52d67511c3440c59febbbd97be80	githooks
1ba5bcb77fae52d67511c3440c59febbbd97be80	llama-cpp-tk
1ba5bcb77fae52d67511c3440c59febbbd97be80	mcp
1ba5bcb77fae52d67511c3440c59febbbd97be80	mdns-inspector
1ba5bcb77fae52d67511c3440c59febbbd97be80	mouse-pointer
1ba5bcb77fae52d67511c3440c59febbbd97be80	pictogram
1ba5bcb77fae52d67511c3440c59febbbd97be80	remove-desktop-ini
1ba5bcb77fae52d67511c3440c59febbbd97be80	shellex-rust
1ba5bcb77fae52d67511c3440c59febbbd97be80	static-lunr
1ba5bcb77fae52d67511c3440c59febbbd97be80	test/add-http-tests-and-fix-stdio
1ba5bcb77fae52d67511c3440c59febbbd97be80	windows-moukaeritai-work
1baeb8e44f8214f4dc2e5b21b565976ee7e67f74	9b7310d2-2d5c-4b70-8fd3-f286f3cfc61b
1baeb8e44f8214f4dc2e5b21b565976ee7e67f74	feat/mcp-filelist-server
1baeb8e44f8214f4dc2e5b21b565976ee7e67f74	git-hangup-investigation
1baeb8e44f8214f4dc2e5b21b565976ee7e67f74	git-lfs-lite
1baeb8e44f8214f4dc2e5b21b565976ee7e67f74	githooks
1baeb8e44f8214f4dc2e5b21b565976ee7e67f74	llama-cpp-tk
1baeb8e44f8214f4dc2e5b21b565976ee7e67f74	mcp
1baeb8e44f8214f4dc2e5b21b565976ee7e67f74	mdns-inspector
1baeb8e44f8214f4dc2e5b21b565976ee7e67f74	mouse-pointer
1baeb8e44f8214f4dc2e5b21b565976ee7e67f74	pictogram
1baeb8e44f8214f4dc2e5b21b565976ee7e67f74	remove-desktop-ini
1baeb8e44f8214f4dc2e5b21b565976ee7e67f74	shellex-rust
1baeb8e44f8214f4dc2e5b21b565976ee7e67f74	static-lunr
1baeb8e44f8214f4dc2e5b21b565976ee7e67f74	test/add-http-tests-and-fix-stdio
1baeb8e44f8214f4dc2e5b21b565976ee7e67f74	windows-moukaeritai-work
1be0387ab9116ab011f5b2a94592eaf9bbaff773	9b7310d2-2d5c-4b70-8fd3-f286f3cfc61b
1be0387ab9116ab011f5b2a94592eaf9bbaff773	git-hangup-investigation
1be0387ab9116ab011f5b2a94592eaf9bbaff773	git-lfs-lite
1be0387ab9116ab011f5b2a94592eaf9bbaff773	githooks
1be0387ab9116ab011f5b2a94592eaf9bbaff773	llama-cpp-tk
1be0387ab9116ab011f5b2a94592eaf9bbaff773	mcp
1be0387ab9116ab011f5b2a94592eaf9bbaff773	mdns-inspector
1be0387ab9116ab011f5b2a94592eaf9bbaff773	mouse-pointer
1be0387ab9116ab011f5b2a94592eaf9bbaff773	pictogram
1be0387ab9116ab011f5b2a94592eaf9bbaff773	remove-desktop-ini
1be0387ab9116ab011f5b2a94592eaf9bbaff773	shellex-rust
1be0387ab9116ab011f5b2a94592eaf9bbaff773	static-lunr
1be0387ab9116ab011f5b2a94592eaf9bbaff773	test/add-http-tests-and-fix-stdio
1be0387ab9116ab011f5b2a94592eaf9bbaff773	windows-moukaeritai-work
1e25842483ab8a5fa43774f85746d2e373bd3546	9b7310d2-2d5c-4b70-8fd3-f286f3cfc61b
1e25842483ab8a5fa43774f85746d2e373bd3546	git-hangup-investigation
1e25842483ab8a5fa43774f85746d2e373bd3546	git-lfs-lite
1e25842483ab8a5fa43774f85746d2e373bd3546	githooks
1e25842483ab8a5fa43774f85746d2e373bd3546	llama-cpp-tk
1e25842483ab8a5fa43774f85746d2e373bd3546	mcp
1e25842483ab8a5fa43774f85746d2e373bd3546	mdns-inspector
1e25842483ab8a5fa43774f85746d2e373bd3546	mouse-pointer
1e25842483ab8a5fa43774f85746d2e373bd3546	pictogram
1e25842483ab8a5fa43774f85746d2e373bd3546	remove-desktop-ini
1e25842483ab8a5fa43774f85746d2e373bd3546	shellex-rust
1e25842483ab8a5fa43774f85746d2e373bd3546	static-lunr
1e25842483ab8a5fa43774f85746d2e373bd3546	test/add-http-tests-and-fix-stdio
1e25842483ab8a5fa43774f85746d2e373bd3546	windows-moukaeritai-work
1fcd4eb5adcc1a96d77fc72ffe5685d17278a9e0	9b7310d2-2d5c-4b70-8fd3-f286f3cfc61b
1fcd4eb5adcc1a96d77fc72ffe5685d17278a9e0	git-hangup-investigation
1fcd4eb5adcc1a96d77fc72ffe5685d17278a9e0	git-lfs-lite
1fcd4eb5adcc1a96d77fc72ffe5685d17278a9e0	githooks
1fcd4eb5adcc1a96d77fc72ffe5685d17278a9e0	llama-cpp-tk
1fcd4eb5adcc1a96d77fc72ffe5685d17278a9e0	mcp
1fcd4eb5adcc1a96d77fc72ffe5685d17278a9e0	mdns-inspector
1fcd4eb5adcc1a96d77fc72ffe5685d17278a9e0	mouse-pointer
1fcd4eb5adcc1a96d77fc72ffe5685d17278a9e0	pictogram
1fcd4eb5adcc1a96d77fc72ffe5685d17278a9e0	remove-desktop-ini
1fcd4eb5adcc1a96d77fc72ffe5685d17278a9e0	shellex-rust
1fcd4eb5adcc1a96d77fc72ffe5685d17278a9e0	static-lunr
1fcd4eb5adcc1a96d77fc72ffe5685d17278a9e0	test/add-http-tests-and-fix-stdio
1fcd4eb5adcc1a96d77fc72ffe5685d17278a9e0	windows-moukaeritai-work
20c6582aa80ad613d2d88fa924a4ccc7d0c34cd1	9b7310d2-2d5c-4b70-8fd3-f286f3cfc61b
20c6582aa80ad613d2d88fa924a4ccc7d0c34cd1	git-hangup-investigation
20c6582aa80ad613d2d88fa924a4ccc7d0c34cd1	git-lfs-lite
20c6582aa80ad613d2d88fa924a4ccc7d0c34cd1	githooks
20c6582aa80ad613d2d88fa924a4ccc7d0c34cd1	llama-cpp-tk
20c6582aa80ad613d2d88fa924a4ccc7d0c34cd1	mcp
20c6582aa80ad613d2d88fa924a4ccc7d0c34cd1	mdns-inspector
20c6582aa80ad613d2d88fa924a4ccc7d0c34cd1	mouse-pointer
20c6582aa80ad613d2d88fa924a4ccc7d0c34cd1	pictogram
20c6582aa80ad613d2d88fa924a4ccc7d0c34cd1	remove-desktop-ini
20c6582aa80ad613d2d88fa924a4ccc7d0c34cd1	shellex-rust
20c6582aa80ad613d2d88fa924a4ccc7d0c34cd1	static-lunr
20c6582aa80ad613d2d88fa924a4ccc7d0c34cd1	test/add-http-tests-and-fix-stdio
20c6582aa80ad613d2d88fa924a4ccc7d0c34cd1	windows-moukaeritai-work
21dcf0258239fa835817ddef1718c00b6453143c	9b7310d2-2d5c-4b70-8fd3-f286f3cfc61b
21dcf0258239fa835817ddef1718c00b6453143c	git-hangup-investigation
21dcf0258239fa835817ddef1718c00b6453143c	git-lfs-lite
21dcf0258239fa835817ddef1718c00b6453143c	githooks
21dcf0258239fa835817ddef1718c00b6453143c	llama-cpp-tk
21dcf0258239fa835817ddef1718c00b6453143c	mcp
21dcf0258239fa835817ddef1718c00b6453143c	mdns-inspector
21dcf0258239fa835817ddef1718c00b6453143c	mouse-pointer
21dcf0258239fa835817ddef1718c00b6453143c	pictogram
21dcf0258239fa835817ddef1718c00b6453143c	remove-desktop-ini
21dcf0258239fa835817ddef1718c00b6453143c	shellex-rust
21dcf0258239fa835817ddef1718c00b6453143c	static-lunr
21dcf0258239fa835817ddef1718c00b6453143c	test/add-http-tests-and-fix-stdio
21dcf0258239fa835817ddef1718c00b6453143c	windows-moukaeritai-work
22542b5fbd4d307703d42d311e992c482ed016ba	9b7310d2-2d5c-4b70-8fd3-f286f3cfc61b
22542b5fbd4d307703d42d311e992c482ed016ba	feat/mcp-filelist-server
22542b5fbd4d307703d42d311e992c482ed016ba	git-hangup-investigation
22542b5fbd4d307703d42d311e992c482ed016ba	git-lfs-lite
22542b5fbd4d307703d42d311e992c482ed016ba	githooks
22542b5fbd4d307703d42d311e992c482ed016ba	llama-cpp-tk
22542b5fbd4d307703d42d311e992c482ed016ba	mcp
22542b5fbd4d307703d42d311e992c482ed016ba	mdns-inspector
22542b5fbd4d307703d42d311e992c482ed016ba	mouse-pointer
22542b5fbd4d307703d42d311e992c482ed016ba	pictogram
22542b5fbd4d307703d42d311e992c482ed016ba	remove-desktop-ini
22542b5fbd4d307703d42d311e992c482ed016ba	shellex-rust
22542b5fbd4d307703d42d311e992c482ed016ba	static-lunr
22542b5fbd4d307703d42d311e992c482ed016ba	test/add-http-tests-and-fix-stdio
22542b5fbd4d307703d42d311e992c482ed016ba	windows-moukaeritai-work
23157dc2330281eb490daac140fbdc8cea5d420a	9b7310d2-2d5c-4b70-8fd3-f286f3cfc61b
23157dc2330281eb490daac140fbdc8cea5d420a	git-hangup-investigation
23157dc2330281eb490daac140fbdc8cea5d420a	git-lfs-lite
23157dc2330281eb490daac140fbdc8cea5d420a	githooks
23157dc2330281eb490daac140fbdc8cea5d420a	llama-cpp-tk
23157dc2330281eb490daac140fbdc8cea5d420a	mcp
23157dc2330281eb490daac140fbdc8cea5d420a	mdns-inspector
23157dc2330281eb490daac140fbdc8cea5d420a	mouse-pointer
23157dc2330281eb490daac140fbdc8cea5d420a	pictogram
23157dc2330281eb490daac140fbdc8cea5d420a	remove-desktop-ini
23157dc2330281eb490daac140fbdc8cea5d420a	shellex-rust
23157dc2330281eb490daac140fbdc8cea5d420a	static-lunr
23157dc2330281eb490daac140fbdc8cea5d420a	test/add-http-tests-and-fix-stdio
23157dc2330281eb490daac140fbdc8cea5d420a	windows-moukaeritai-work
23c37928a13332fb3864aaa87a93aed2bceca40b	9b7310d2-2d5c-4b70-8fd3-f286f3cfc61b
23c37928a13332fb3864aaa87a93aed2bceca40b	git-hangup-investigation
23c37928a13332fb3864aaa87a93aed2bceca40b	git-lfs-lite
23c37928a13332fb3864aaa87a93aed2bceca40b	githooks
23c37928a13332fb3864aaa87a93aed2bceca40b	llama-cpp-tk
23c37928a13332fb3864aaa87a93aed2bceca40b	mcp
23c37928a13332fb3864aaa87a93aed2bceca40b	mdns-inspector
23c37928a13332fb3864aaa87a93aed2bceca40b	mouse-pointer
23c37928a13332fb3864aaa87a93aed2bceca40b	pictogram
23c37928a13332fb3864aaa87a93aed2bceca40b	remove-desktop-ini
23c37928a13332fb3864aaa87a93aed2bceca40b	shellex-rust
23c37928a13332fb3864aaa87a93aed2bceca40b	static-lunr
23c37928a13332fb3864aaa87a93aed2bceca40b	test/add-http-tests-and-fix-stdio
23c37928a13332fb3864aaa87a93aed2bceca40b	windows-moukaeritai-work
247040c1ae269ab581c4e9e4f9f28099b61a2969	9b7310d2-2d5c-4b70-8fd3-f286f3cfc61b
247040c1ae269ab581c4e9e4f9f28099b61a2969	git-hangup-investigation
247040c1ae269ab581c4e9e4f9f28099b61a2969	git-lfs-lite
247040c1ae269ab581c4e9e4f9f28099b61a2969	githooks
247040c1ae269ab581c4e9e4f9f28099b61a2969	llama-cpp-tk
247040c1ae269ab581c4e9e4f9f28099b61a2969	mcp
247040c1ae269ab581c4e9e4f9f28099b61a2969	mdns-inspector
247040c1ae269ab581c4e9e4f9f28099b61a2969	mouse-pointer
247040c1ae269ab581c4e9e4f9f28099b61a2969	pictogram
247040c1ae269ab581c4e9e4f9f28099b61a2969	remove-desktop-ini
247040c1ae269ab581c4e9e4f9f28099b61a2969	shellex-rust
247040c1ae269ab581c4e9e4f9f28099b61a2969	static-lunr
247040c1ae269ab581c4e9e4f9f28099b61a2969	test/add-http-tests-and-fix-stdio
247040c1ae269ab581c4e9e4f9f28099b61a2969	windows-moukaeritai-work
2493e96bc892a02820b43790f98e2a79bc5e2d6c	9b7310d2-2d5c-4b70-8fd3-f286f3cfc61b
2493e96bc892a02820b43790f98e2a79bc5e2d6c	git-hangup-investigation
2493e96bc892a02820b43790f98e2a79bc5e2d6c	git-lfs-lite
2493e96bc892a02820b43790f98e2a79bc5e2d6c	githooks
2493e96bc892a02820b43790f98e2a79bc5e2d6c	llama-cpp-tk
2493e96bc892a02820b43790f98e2a79bc5e2d6c	mcp
2493e96bc892a02820b43790f98e2a79bc5e2d6c	mdns-inspector
2493e96bc892a02820b43790f98e2a79bc5e2d6c	mouse-pointer
2493e96bc892a02820b43790f98e2a79bc5e2d6c	pictogram
2493e96bc892a02820b43790f98e2a79bc5e2d6c	remove-desktop-ini
2493e96bc892a02820b43790f98e2a79bc5e2d6c	shellex-rust
2493e96bc892a02820b43790f98e2a79bc5e2d6c	static-lunr
2493e96bc892a02820b43790f98e2a79bc5e2d6c	test/add-http-tests-and-fix-stdio
2493e96bc892a02820b43790f98e2a79bc5e2d6c	windows-moukaeritai-work
24dd798f0e5fee8fb4a95f751ffd44efc1f0b8cb	9b7310d2-2d5c-4b70-8fd3-f286f3cfc61b
24dd798f0e5fee8fb4a95f751ffd44efc1f0b8cb	git-hangup-investigation
24dd798f0e5fee8fb4a95f751ffd44efc1f0b8cb	git-lfs-lite
24dd798f0e5fee8fb4a95f751ffd44efc1f0b8cb	githooks
24dd798f0e5fee8fb4a95f751ffd44efc1f0b8cb	llama-cpp-tk
24dd798f0e5fee8fb4a95f751ffd44efc1f0b8cb	mcp
24dd798f0e5fee8fb4a95f751ffd44efc1f0b8cb	mdns-inspector
24dd798f0e5fee8fb4a95f751ffd44efc1f0b8cb	mouse-pointer
24dd798f0e5fee8fb4a95f751ffd44efc1f0b8cb	pictogram
24dd798f0e5fee8fb4a95f751ffd44efc1f0b8cb	remove-desktop-ini
24dd798f0e5fee8fb4a95f751ffd44efc1f0b8cb	shellex-rust
24dd798f0e5fee8fb4a95f751ffd44efc1f0b8cb	static-lunr
24dd798f0e5fee8fb4a95f751ffd44efc1f0b8cb	test/add-http-tests-and-fix-stdio
24dd798f0e5fee8fb4a95f751ffd44efc1f0b8cb	windows-moukaeritai-work
250343a3895b66c6d024854588797f46c7aeefac	9b7310d2-2d5c-4b70-8fd3-f286f3cfc61b
250343a3895b66c6d024854588797f46c7aeefac	git-hangup-investigation
250343a3895b66c6d024854588797f46c7aeefac	git-lfs-lite
250343a3895b66c6d024854588797f46c7aeefac	githooks
250343a3895b66c6d024854588797f46c7aeefac	llama-cpp-tk
250343a3895b66c6d024854588797f46c7aeefac	mcp
250343a3895b66c6d024854588797f46c7aeefac	mdns-inspector
250343a3895b66c6d024854588797f46c7aeefac	mouse-pointer
250343a3895b66c6d024854588797f46c7aeefac	pictogram
250343a3895b66c6d024854588797f46c7aeefac	remove-desktop-ini
250343a3895b66c6d024854588797f46c7aeefac	shellex-rust
250343a3895b66c6d024854588797f46c7aeefac	static-lunr
250343a3895b66c6d024854588797f46c7aeefac	test/add-http-tests-and-fix-stdio
250343a3895b66c6d024854588797f46c7aeefac	windows-moukaeritai-work
25f23640ab61b33a3a9c82acaed6753b567ac91a	9b7310d2-2d5c-4b70-8fd3-f286f3cfc61b
25f23640ab61b33a3a9c82acaed6753b567ac91a	git-hangup-investigation
25f23640ab61b33a3a9c82acaed6753b567ac91a	git-lfs-lite
25f23640ab61b33a3a9c82acaed6753b567ac91a	githooks
25f23640ab61b33a3a9c82acaed6753b567ac91a	llama-cpp-tk
25f23640ab61b33a3a9c82acaed6753b567ac91a	mcp
25f23640ab61b33a3a9c82acaed6753b567ac91a	mdns-inspector
25f23640ab61b33a3a9c82acaed6753b567ac91a	mouse-pointer
25f23640ab61b33a3a9c82acaed6753b567ac91a	pictogram
25f23640ab61b33a3a9c82acaed6753b567ac91a	remove-desktop-ini
25f23640ab61b33a3a9c82acaed6753b567ac91a	shellex-rust
25f23640ab61b33a3a9c82acaed6753b567ac91a	static-lunr
25f23640ab61b33a3a9c82acaed6753b567ac91a	test/add-http-tests-and-fix-stdio
25f23640ab61b33a3a9c82acaed6753b567ac91a	windows-moukaeritai-work
26047b251bf68df859d93c3ed55c6f04ac6d45cc	9b7310d2-2d5c-4b70-8fd3-f286f3cfc61b
26047b251bf68df859d93c3ed55c6f04ac6d45cc	git-hangup-investigation
26047b251bf68df859d93c3ed55c6f04ac6d45cc	git-lfs-lite
26047b251bf68df859d93c3ed55c6f04ac6d45cc	githooks
26047b251bf68df859d93c3ed55c6f04ac6d45cc	llama-cpp-tk
26047b251bf68df859d93c3ed55c6f04ac6d45cc	mcp
26047b251bf68df859d93c3ed55c6f04ac6d45cc	mdns-inspector
26047b251bf68df859d93c3ed55c6f04ac6d45cc	mouse-pointer
26047b251bf68df859d93c3ed55c6f04ac6d45cc	pictogram
26047b251bf68df859d93c3ed55c6f04ac6d45cc	remove-desktop-ini
26047b251bf68df859d93c3ed55c6f04ac6d45cc	shellex-rust
26047b251bf68df859d93c3ed55c6f04ac6d45cc	static-lunr
26047b251bf68df859d93c3ed55c6f04ac6d45cc	test/add-http-tests-and-fix-stdio
26047b251bf68df859d93c3ed55c6f04ac6d45cc	windows-moukaeritai-work
264db3a5f6487a6a0daad52ebc471bd23cd2762f	9b7310d2-2d5c-4b70-8fd3-f286f3cfc61b
264db3a5f6487a6a0daad52ebc471bd23cd2762f	git-hangup-investigation
264db3a5f6487a6a0daad52ebc471bd23cd2762f	git-lfs-lite
264db3a5f6487a6a0daad52ebc471bd23cd2762f	githooks
264db3a5f6487a6a0daad52ebc471bd23cd2762f	llama-cpp-tk
264db3a5f6487a6a0daad52ebc471bd23cd2762f	mcp
264db3a5f6487a6a0daad52ebc471bd23cd2762f	mdns-inspector
264db3a5f6487a6a0daad52ebc471bd23cd2762f	mouse-pointer
264db3a5f6487a6a0daad52ebc471bd23cd2762f	pictogram
264db3a5f6487a6a0daad52ebc471bd23cd2762f	remove-desktop-ini
264db3a5f6487a6a0daad52ebc471bd23cd2762f	shellex-rust
264db3a5f6487a6a0daad52ebc471bd23cd2762f	static-lunr
264db3a5f6487a6a0daad52ebc471bd23cd2762f	test/add-http-tests-and-fix-stdio
264db3a5f6487a6a0daad52ebc471bd23cd2762f	windows-moukaeritai-work
288b4eb3cca223f801883c5620a453b7448d48a8	9b7310d2-2d5c-4b70-8fd3-f286f3cfc61b
288b4eb3cca223f801883c5620a453b7448d48a8	git-hangup-investigation
288b4eb3cca223f801883c5620a453b7448d48a8	git-lfs-lite
288b4eb3cca223f801883c5620a453b7448d48a8	githooks
288b4eb3cca223f801883c5620a453b7448d48a8	llama-cpp-tk
288b4eb3cca223f801883c5620a453b7448d48a8	mcp
288b4eb3cca223f801883c5620a453b7448d48a8	mdns-inspector
288b4eb3cca223f801883c5620a453b7448d48a8	mouse-pointer
288b4eb3cca223f801883c5620a453b7448d48a8	pictogram
288b4eb3cca223f801883c5620a453b7448d48a8	remove-desktop-ini
288b4eb3cca223f801883c5620a453b7448d48a8	shellex-rust
288b4eb3cca223f801883c5620a453b7448d48a8	static-lunr
288b4eb3cca223f801883c5620a453b7448d48a8	test/add-http-tests-and-fix-stdio
288b4eb3cca223f801883c5620a453b7448d48a8	windows-moukaeritai-work
28ef2132b36f6e724117be848b086c2e6fb602c9	9b7310d2-2d5c-4b70-8fd3-f286f3cfc61b
28ef2132b36f6e724117be848b086c2e6fb602c9	git-hangup-investigation
28ef2132b36f6e724117be848b086c2e6fb602c9	git-lfs-lite
28ef2132b36f6e724117be848b086c2e6fb602c9	githooks
28ef2132b36f6e724117be848b086c2e6fb602c9	llama-cpp-tk
28ef2132b36f6e724117be848b086c2e6fb602c9	mcp
28ef2132b36f6e724117be848b086c2e6fb602c9	mdns-inspector
28ef2132b36f6e724117be848b086c2e6fb602c9	mouse-pointer
28ef2132b36f6e724117be848b086c2e6fb602c9	pictogram
28ef2132b36f6e724117be848b086c2e6fb602c9	remove-desktop-ini
28ef2132b36f6e724117be848b086c2e6fb602c9	shellex-rust
28ef2132b36f6e724117be848b086c2e6fb602c9	static-lunr
28ef2132b36f6e724117be848b086c2e6fb602c9	test/add-http-tests-and-fix-stdio
28ef2132b36f6e724117be848b086c2e6fb602c9	windows-moukaeritai-work
2c46c6d74ac5655d8d083f70760ee0b4fca1d4f7	9b7310d2-2d5c-4b70-8fd3-f286f3cfc61b
2c46c6d74ac5655d8d083f70760ee0b4fca1d4f7	git-hangup-investigation
2c46c6d74ac5655d8d083f70760ee0b4fca1d4f7	git-lfs-lite
2c46c6d74ac5655d8d083f70760ee0b4fca1d4f7	githooks
2c46c6d74ac5655d8d083f70760ee0b4fca1d4f7	llama-cpp-tk
2c46c6d74ac5655d8d083f70760ee0b4fca1d4f7	mcp
2c46c6d74ac5655d8d083f70760ee0b4fca1d4f7	mdns-inspector
2c46c6d74ac5655d8d083f70760ee0b4fca1d4f7	mouse-pointer
2c46c6d74ac5655d8d083f70760ee0b4fca1d4f7	pictogram
2c46c6d74ac5655d8d083f70760ee0b4fca1d4f7	remove-desktop-ini
2c46c6d74ac5655d8d083f70760ee0b4fca1d4f7	shellex-rust
2c46c6d74ac5655d8d083f70760ee0b4fca1d4f7	static-lunr
2c46c6d74ac5655d8d083f70760ee0b4fca1d4f7	test/add-http-tests-and-fix-stdio
2c46c6d74ac5655d8d083f70760ee0b4fca1d4f7	windows-moukaeritai-work
2c8ea757499a8c6cf3edc4feefa280e690ef2cc8	9b7310d2-2d5c-4b70-8fd3-f286f3cfc61b
2c8ea757499a8c6cf3edc4feefa280e690ef2cc8	feat/mcp-filelist-server
2c8ea757499a8c6cf3edc4feefa280e690ef2cc8	git-hangup-investigation
2c8ea757499a8c6cf3edc4feefa280e690ef2cc8	git-lfs-lite
2c8ea757499a8c6cf3edc4feefa280e690ef2cc8	githooks
2c8ea757499a8c6cf3edc4feefa280e690ef2cc8	llama-cpp-tk
2c8ea757499a8c6cf3edc4feefa280e690ef2cc8	mcp
2c8ea757499a8c6cf3edc4feefa280e690ef2cc8	mdns-inspector
2c8ea757499a8c6cf3edc4feefa280e690ef2cc8	mouse-pointer
2c8ea757499a8c6cf3edc4feefa280e690ef2cc8	pictogram
2c8ea757499a8c6cf3edc4feefa280e690ef2cc8	remove-desktop-ini
2c8ea757499a8c6cf3edc4feefa280e690ef2cc8	shellex-rust
2c8ea757499a8c6cf3edc4feefa280e690ef2cc8	static-lunr
2c8ea757499a8c6cf3edc4feefa280e690ef2cc8	test/add-http-tests-and-fix-stdio
2c8ea757499a8c6cf3edc4feefa280e690ef2cc8	windows-moukaeritai-work
2d1af4920e0048d1f3adcffb7561e31e65cc61eb	9b7310d2-2d5c-4b70-8fd3-f286f3cfc61b
2d1af4920e0048d1f3adcffb7561e31e65cc61eb	git-hangup-investigation
2d1af4920e0048d1f3adcffb7561e31e65cc61eb	git-lfs-lite
2d1af4920e0048d1f3adcffb7561e31e65cc61eb	githooks
2d1af4920e0048d1f3adcffb7561e31e65cc61eb	llama-cpp-tk
2d1af4920e0048d1f3adcffb7561e31e65cc61eb	mcp
2d1af4920e0048d1f3adcffb7561e31e65cc61eb	mdns-inspector
2d1af4920e0048d1f3adcffb7561e31e65cc61eb	mouse-pointer
2d1af4920e0048d1f3adcffb7561e31e65cc61eb	pictogram
2d1af4920e0048d1f3adcffb7561e31e65cc61eb	remove-desktop-ini
2d1af4920e0048d1f3adcffb7561e31e65cc61eb	shellex-rust
2d1af4920e0048d1f3adcffb7561e31e65cc61eb	static-lunr
2d1af4920e0048d1f3adcffb7561e31e65cc61eb	test/add-http-tests-and-fix-stdio
2d1af4920e0048d1f3adcffb7561e31e65cc61eb	windows-moukaeritai-work
2ebe080a0a503b7040bceb00be814c3a0996a317	9b7310d2-2d5c-4b70-8fd3-f286f3cfc61b
2ebe080a0a503b7040bceb00be814c3a0996a317	git-hangup-investigation
2ebe080a0a503b7040bceb00be814c3a0996a317	git-lfs-lite
2ebe080a0a503b7040bceb00be814c3a0996a317	githooks
2ebe080a0a503b7040bceb00be814c3a0996a317	llama-cpp-tk
2ebe080a0a503b7040bceb00be814c3a0996a317	mcp
2ebe080a0a503b7040bceb00be814c3a0996a317	mdns-inspector
2ebe080a0a503b7040bceb00be814c3a0996a317	mouse-pointer
2ebe080a0a503b7040bceb00be814c3a0996a317	pictogram
2ebe080a0a503b7040bceb00be814c3a0996a317	remove-desktop-ini
2ebe080a0a503b7040bceb00be814c3a0996a317	shellex-rust
2ebe080a0a503b7040bceb00be814c3a0996a317	static-lunr
2ebe080a0a503b7040bceb00be814c3a0996a317	test/add-http-tests-and-fix-stdio
2ebe080a0a503b7040bceb00be814c3a0996a317	windows-moukaeritai-work
2f05a96c23d4818a0e62919a4df43d2c3c3f8569	9b7310d2-2d5c-4b70-8fd3-f286f3cfc61b
2f05a96c23d4818a0e62919a4df43d2c3c3f8569	feat/mcp-filelist-server
2f05a96c23d4818a0e62919a4df43d2c3c3f8569	git-hangup-investigation
2f05a96c23d4818a0e62919a4df43d2c3c3f8569	git-lfs-lite
2f05a96c23d4818a0e62919a4df43d2c3c3f8569	githooks
2f05a96c23d4818a0e62919a4df43d2c3c3f8569	llama-cpp-tk
2f05a96c23d4818a0e62919a4df43d2c3c3f8569	mcp
2f05a96c23d4818a0e62919a4df43d2c3c3f8569	mdns-inspector
2f05a96c23d4818a0e62919a4df43d2c3c3f8569	mouse-pointer
2f05a96c23d4818a0e62919a4df43d2c3c3f8569	pictogram
2f05a96c23d4818a0e62919a4df43d2c3c3f8569	remove-desktop-ini
2f05a96c23d4818a0e62919a4df43d2c3c3f8569	shellex-rust
2f05a96c23d4818a0e62919a4df43d2c3c3f8569	static-lunr
2f05a96c23d4818a0e62919a4df43d2c3c3f8569	test/add-http-tests-and-fix-stdio
2f05a96c23d4818a0e62919a4df43d2c3c3f8569	windows-moukaeritai-work
2f52e24510071f52e9aba0bbcc1045a456ebf18c	9b7310d2-2d5c-4b70-8fd3-f286f3cfc61b
2f52e24510071f52e9aba0bbcc1045a456ebf18c	git-hangup-investigation
2f52e24510071f52e9aba0bbcc1045a456ebf18c	git-lfs-lite
2f52e24510071f52e9aba0bbcc1045a456ebf18c	githooks
2f52e24510071f52e9aba0bbcc1045a456ebf18c	llama-cpp-tk
2f52e24510071f52e9aba0bbcc1045a456ebf18c	mcp
2f52e24510071f52e9aba0bbcc1045a456ebf18c	mdns-inspector
2f52e24510071f52e9aba0bbcc1045a456ebf18c	mouse-pointer
2f52e24510071f52e9aba0bbcc1045a456ebf18c	pictogram
2f52e24510071f52e9aba0bbcc1045a456ebf18c	remove-desktop-ini
2f52e24510071f52e9aba0bbcc1045a456ebf18c	shellex-rust
2f52e24510071f52e9aba0bbcc1045a456ebf18c	static-lunr
2f52e24510071f52e9aba0bbcc1045a456ebf18c	test/add-http-tests-and-fix-stdio
2f52e24510071f52e9aba0bbcc1045a456ebf18c	windows-moukaeritai-work
2f941eb7169c42e5fa211e7e97a7d8ca60d8955c	9b7310d2-2d5c-4b70-8fd3-f286f3cfc61b
2f941eb7169c42e5fa211e7e97a7d8ca60d8955c	git-hangup-investigation
2f941eb7169c42e5fa211e7e97a7d8ca60d8955c	git-lfs-lite
2f941eb7169c42e5fa211e7e97a7d8ca60d8955c	githooks
2f941eb7169c42e5fa211e7e97a7d8ca60d8955c	llama-cpp-tk
2f941eb7169c42e5fa211e7e97a7d8ca60d8955c	mcp
2f941eb7169c42e5fa211e7e97a7d8ca60d8955c	mdns-inspector
2f941eb7169c42e5fa211e7e97a7d8ca60d8955c	mouse-pointer
2f941eb7169c42e5fa211e7e97a7d8ca60d8955c	pictogram
2f941eb7169c42e5fa211e7e97a7d8ca60d8955c	remove-desktop-ini
2f941eb7169c42e5fa211e7e97a7d8ca60d8955c	shellex-rust
2f941eb7169c42e5fa211e7e97a7d8ca60d8955c	static-lunr
2f941eb7169c42e5fa211e7e97a7d8ca60d8955c	test/add-http-tests-and-fix-stdio
2f941eb7169c42e5fa211e7e97a7d8ca60d8955c	windows-moukaeritai-work
2fcc545b87a722c7339b8329ac61f9d3251afd06	9b7310d2-2d5c-4b70-8fd3-f286f3cfc61b
2fcc545b87a722c7339b8329ac61f9d3251afd06	feat/mcp-filelist-server
2fcc545b87a722c7339b8329ac61f9d3251afd06	git-hangup-investigation
2fcc545b87a722c7339b8329ac61f9d3251afd06	git-lfs-lite
2fcc545b87a722c7339b8329ac61f9d3251afd06	githooks
2fcc545b87a722c7339b8329ac61f9d3251afd06	llama-cpp-tk
2fcc545b87a722c7339b8329ac61f9d3251afd06	mcp
2fcc545b87a722c7339b8329ac61f9d3251afd06	mdns-inspector
2fcc545b87a722c7339b8329ac61f9d3251afd06	mouse-pointer
2fcc545b87a722c7339b8329ac61f9d3251afd06	pictogram
2fcc545b87a722c7339b8329ac61f9d3251afd06	remove-desktop-ini
2fcc545b87a722c7339b8329ac61f9d3251afd06	shellex-rust
2fcc545b87a722c7339b8329ac61f9d3251afd06	static-lunr
2fcc545b87a722c7339b8329ac61f9d3251afd06	test/add-http-tests-and-fix-stdio
2fcc545b87a722c7339b8329ac61f9d3251afd06	windows-moukaeritai-work
30bb497d45d91969e9929011688723f564f06673	9b7310d2-2d5c-4b70-8fd3-f286f3cfc61b
30bb497d45d91969e9929011688723f564f06673	feat/mcp-filelist-server
30bb497d45d91969e9929011688723f564f06673	git-hangup-investigation
30bb497d45d91969e9929011688723f564f06673	git-lfs-lite
30bb497d45d91969e9929011688723f564f06673	githooks
30bb497d45d91969e9929011688723f564f06673	llama-cpp-tk
30bb497d45d91969e9929011688723f564f06673	mcp
30bb497d45d91969e9929011688723f564f06673	mdns-inspector
30bb497d45d91969e9929011688723f564f06673	mouse-pointer
30bb497d45d91969e9929011688723f564f06673	pictogram
30bb497d45d91969e9929011688723f564f06673	remove-desktop-ini
30bb497d45d91969e9929011688723f564f06673	shellex-rust
30bb497d45d91969e9929011688723f564f06673	static-lunr
30bb497d45d91969e9929011688723f564f06673	test/add-http-tests-and-fix-stdio
30bb497d45d91969e9929011688723f564f06673	windows-moukaeritai-work
30fd3ed2cef9741aef5a803cdab779f846f521d7	9b7310d2-2d5c-4b70-8fd3-f286f3cfc61b
30fd3ed2cef9741aef5a803cdab779f846f521d7	git-hangup-investigation
30fd3ed2cef9741aef5a803cdab779f846f521d7	git-lfs-lite
30fd3ed2cef9741aef5a803cdab779f846f521d7	githooks
30fd3ed2cef9741aef5a803cdab779f846f521d7	llama-cpp-tk
30fd3ed2cef9741aef5a803cdab779f846f521d7	mcp
30fd3ed2cef9741aef5a803cdab779f846f521d7	mdns-inspector
30fd3ed2cef9741aef5a803cdab779f846f521d7	mouse-pointer
30fd3ed2cef9741aef5a803cdab779f846f521d7	pictogram
30fd3ed2cef9741aef5a803cdab779f846f521d7	remove-desktop-ini
30fd3ed2cef9741aef5a803cdab779f846f521d7	shellex-rust
30fd3ed2cef9741aef5a803cdab779f846f521d7	static-lunr
30fd3ed2cef9741aef5a803cdab779f846f521d7	test/add-http-tests-and-fix-stdio
30fd3ed2cef9741aef5a803cdab779f846f521d7	windows-moukaeritai-work
3141dab332fb00dbe7f1a41c9f10e9b9d1edfd20	9b7310d2-2d5c-4b70-8fd3-f286f3cfc61b
3141dab332fb00dbe7f1a41c9f10e9b9d1edfd20	git-hangup-investigation
3141dab332fb00dbe7f1a41c9f10e9b9d1edfd20	git-lfs-lite
3141dab332fb00dbe7f1a41c9f10e9b9d1edfd20	githooks
3141dab332fb00dbe7f1a41c9f10e9b9d1edfd20	llama-cpp-tk
3141dab332fb00dbe7f1a41c9f10e9b9d1edfd20	mcp
3141dab332fb00dbe7f1a41c9f10e9b9d1edfd20	mdns-inspector
3141dab332fb00dbe7f1a41c9f10e9b9d1edfd20	mouse-pointer
3141dab332fb00dbe7f1a41c9f10e9b9d1edfd20	pictogram
3141dab332fb00dbe7f1a41c9f10e9b9d1edfd20	remove-desktop-ini
3141dab332fb00dbe7f1a41c9f10e9b9d1edfd20	shellex-rust
3141dab332fb00dbe7f1a41c9f10e9b9d1edfd20	static-lunr
3141dab332fb00dbe7f1a41c9f10e9b9d1edfd20	test/add-http-tests-and-fix-stdio
3141dab332fb00dbe7f1a41c9f10e9b9d1edfd20	windows-moukaeritai-work
31bf18b80413298aba6e4b4403fed400de8ac249	9b7310d2-2d5c-4b70-8fd3-f286f3cfc61b
31bf18b80413298aba6e4b4403fed400de8ac249	git-hangup-investigation
31bf18b80413298aba6e4b4403fed400de8ac249	git-lfs-lite
31bf18b80413298aba6e4b4403fed400de8ac249	githooks
31bf18b80413298aba6e4b4403fed400de8ac249	llama-cpp-tk
31bf18b80413298aba6e4b4403fed400de8ac249	mcp
31bf18b80413298aba6e4b4403fed400de8ac249	mdns-inspector
31bf18b80413298aba6e4b4403fed400de8ac249	mouse-pointer
31bf18b80413298aba6e4b4403fed400de8ac249	pictogram
31bf18b80413298aba6e4b4403fed400de8ac249	remove-desktop-ini
31bf18b80413298aba6e4b4403fed400de8ac249	shellex-rust
31bf18b80413298aba6e4b4403fed400de8ac249	static-lunr
31bf18b80413298aba6e4b4403fed400de8ac249	test/add-http-tests-and-fix-stdio
31bf18b80413298aba6e4b4403fed400de8ac249	windows-moukaeritai-work
33210bd26f04c90f8a290637049a163cb76913c6	9b7310d2-2d5c-4b70-8fd3-f286f3cfc61b
33210bd26f04c90f8a290637049a163cb76913c6	git-hangup-investigation
33210bd26f04c90f8a290637049a163cb76913c6	git-lfs-lite
33210bd26f04c90f8a290637049a163cb76913c6	githooks
33210bd26f04c90f8a290637049a163cb76913c6	llama-cpp-tk
33210bd26f04c90f8a290637049a163cb76913c6	mcp
33210bd26f04c90f8a290637049a163cb76913c6	mdns-inspector
33210bd26f04c90f8a290637049a163cb76913c6	mouse-pointer
33210bd26f04c90f8a290637049a163cb76913c6	pictogram
33210bd26f04c90f8a290637049a163cb76913c6	remove-desktop-ini
33210bd26f04c90f8a290637049a163cb76913c6	shellex-rust
33210bd26f04c90f8a290637049a163cb76913c6	static-lunr
33210bd26f04c90f8a290637049a163cb76913c6	test/add-http-tests-and-fix-stdio
33210bd26f04c90f8a290637049a163cb76913c6	windows-moukaeritai-work
33b5247033cb2f4f412975b722558c3e057ff87a	9b7310d2-2d5c-4b70-8fd3-f286f3cfc61b
33b5247033cb2f4f412975b722558c3e057ff87a	feat/mcp-filelist-server
33b5247033cb2f4f412975b722558c3e057ff87a	git-hangup-investigation
33b5247033cb2f4f412975b722558c3e057ff87a	git-lfs-lite
33b5247033cb2f4f412975b722558c3e057ff87a	githooks
33b5247033cb2f4f412975b722558c3e057ff87a	llama-cpp-tk
33b5247033cb2f4f412975b722558c3e057ff87a	mcp
33b5247033cb2f4f412975b722558c3e057ff87a	mdns-inspector
33b5247033cb2f4f412975b722558c3e057ff87a	mouse-pointer
33b5247033cb2f4f412975b722558c3e057ff87a	pictogram
33b5247033cb2f4f412975b722558c3e057ff87a	remove-desktop-ini
33b5247033cb2f4f412975b722558c3e057ff87a	shellex-rust
33b5247033cb2f4f412975b722558c3e057ff87a	static-lunr
33b5247033cb2f4f412975b722558c3e057ff87a	test/add-http-tests-and-fix-stdio
33b5247033cb2f4f412975b722558c3e057ff87a	windows-moukaeritai-work
34802106fdfe4b7e30a193558497b3c82e02dad9	9b7310d2-2d5c-4b70-8fd3-f286f3cfc61b
34802106fdfe4b7e30a193558497b3c82e02dad9	feat/mcp-filelist-server
34802106fdfe4b7e30a193558497b3c82e02dad9	git-hangup-investigation
34802106fdfe4b7e30a193558497b3c82e02dad9	git-lfs-lite
34802106fdfe4b7e30a193558497b3c82e02dad9	githooks
34802106fdfe4b7e30a193558497b3c82e02dad9	llama-cpp-tk
34802106fdfe4b7e30a193558497b3c82e02dad9	mcp
34802106fdfe4b7e30a193558497b3c82e02dad9	mdns-inspector
34802106fdfe4b7e30a193558497b3c82e02dad9	mouse-pointer
34802106fdfe4b7e30a193558497b3c82e02dad9	pictogram
34802106fdfe4b7e30a193558497b3c82e02dad9	remove-desktop-ini
34802106fdfe4b7e30a193558497b3c82e02dad9	shellex-rust
34802106fdfe4b7e30a193558497b3c82e02dad9	static-lunr
34802106fdfe4b7e30a193558497b3c82e02dad9	test/add-http-tests-and-fix-stdio
34802106fdfe4b7e30a193558497b3c82e02dad9	windows-moukaeritai-work
34feb88508d43d27ca781ed065e29ac6e1a4ab38	9b7310d2-2d5c-4b70-8fd3-f286f3cfc61b
34feb88508d43d27ca781ed065e29ac6e1a4ab38	git-hangup-investigation
34feb88508d43d27ca781ed065e29ac6e1a4ab38	git-lfs-lite
34feb88508d43d27ca781ed065e29ac6e1a4ab38	githooks
34feb88508d43d27ca781ed065e29ac6e1a4ab38	llama-cpp-tk
34feb88508d43d27ca781ed065e29ac6e1a4ab38	mcp
34feb88508d43d27ca781ed065e29ac6e1a4ab38	mdns-inspector
34feb88508d43d27ca781ed065e29ac6e1a4ab38	mouse-pointer
34feb88508d43d27ca781ed065e29ac6e1a4ab38	pictogram
34feb88508d43d27ca781ed065e29ac6e1a4ab38	remove-desktop-ini
34feb88508d43d27ca781ed065e29ac6e1a4ab38	shellex-rust
34feb88508d43d27ca781ed065e29ac6e1a4ab38	static-lunr
34feb88508d43d27ca781ed065e29ac6e1a4ab38	test/add-http-tests-and-fix-stdio
34feb88508d43d27ca781ed065e29ac6e1a4ab38	windows-moukaeritai-work
370c7c25678dd05df9c97514bc082a8aa60262e3	9b7310d2-2d5c-4b70-8fd3-f286f3cfc61b
370c7c25678dd05df9c97514bc082a8aa60262e3	feat/mcp-filelist-server
370c7c25678dd05df9c97514bc082a8aa60262e3	git-hangup-investigation
370c7c25678dd05df9c97514bc082a8aa60262e3	git-lfs-lite
370c7c25678dd05df9c97514bc082a8aa60262e3	githooks
370c7c25678dd05df9c97514bc082a8aa60262e3	llama-cpp-tk
370c7c25678dd05df9c97514bc082a8aa60262e3	mcp
370c7c25678dd05df9c97514bc082a8aa60262e3	mdns-inspector
370c7c25678dd05df9c97514bc082a8aa60262e3	mouse-pointer
370c7c25678dd05df9c97514bc082a8aa60262e3	pictogram
370c7c25678dd05df9c97514bc082a8aa60262e3	remove-desktop-ini
370c7c25678dd05df9c97514bc082a8aa60262e3	shellex-rust
370c7c25678dd05df9c97514bc082a8aa60262e3	static-lunr
370c7c25678dd05df9c97514bc082a8aa60262e3	test/add-http-tests-and-fix-stdio
370c7c25678dd05df9c97514bc082a8aa60262e3	windows-moukaeritai-work
378106ae807105a1e235ebdbb3745924a40ffed8	9b7310d2-2d5c-4b70-8fd3-f286f3cfc61b
378106ae807105a1e235ebdbb3745924a40ffed8	git-hangup-investigation
378106ae807105a1e235ebdbb3745924a40ffed8	git-lfs-lite
378106ae807105a1e235ebdbb3745924a40ffed8	githooks
378106ae807105a1e235ebdbb3745924a40ffed8	llama-cpp-tk
378106ae807105a1e235ebdbb3745924a40ffed8	mcp
378106ae807105a1e235ebdbb3745924a40ffed8	mdns-inspector
378106ae807105a1e235ebdbb3745924a40ffed8	mouse-pointer
378106ae807105a1e235ebdbb3745924a40ffed8	pictogram
378106ae807105a1e235ebdbb3745924a40ffed8	remove-desktop-ini
378106ae807105a1e235ebdbb3745924a40ffed8	shellex-rust
378106ae807105a1e235ebdbb3745924a40ffed8	static-lunr
378106ae807105a1e235ebdbb3745924a40ffed8	test/add-http-tests-and-fix-stdio
378106ae807105a1e235ebdbb3745924a40ffed8	windows-moukaeritai-work
38389c505e43b34318470b86bfed5e2de409ad49	9b7310d2-2d5c-4b70-8fd3-f286f3cfc61b
38389c505e43b34318470b86bfed5e2de409ad49	git-hangup-investigation
38389c505e43b34318470b86bfed5e2de409ad49	git-lfs-lite
38389c505e43b34318470b86bfed5e2de409ad49	githooks
38389c505e43b34318470b86bfed5e2de409ad49	llama-cpp-tk
38389c505e43b34318470b86bfed5e2de409ad49	mcp
38389c505e43b34318470b86bfed5e2de409ad49	mdns-inspector
38389c505e43b34318470b86bfed5e2de409ad49	mouse-pointer
38389c505e43b34318470b86bfed5e2de409ad49	pictogram
38389c505e43b34318470b86bfed5e2de409ad49	remove-desktop-ini
38389c505e43b34318470b86bfed5e2de409ad49	shellex-rust
38389c505e43b34318470b86bfed5e2de409ad49	static-lunr
38389c505e43b34318470b86bfed5e2de409ad49	test/add-http-tests-and-fix-stdio
38389c505e43b34318470b86bfed5e2de409ad49	windows-moukaeritai-work
38c8065e8084e50c658c369b8f49d648222d8868	9b7310d2-2d5c-4b70-8fd3-f286f3cfc61b
38c8065e8084e50c658c369b8f49d648222d8868	git-hangup-investigation
38c8065e8084e50c658c369b8f49d648222d8868	git-lfs-lite
38c8065e8084e50c658c369b8f49d648222d8868	githooks
38c8065e8084e50c658c369b8f49d648222d8868	llama-cpp-tk
38c8065e8084e50c658c369b8f49d648222d8868	mcp
38c8065e8084e50c658c369b8f49d648222d8868	mdns-inspector
38c8065e8084e50c658c369b8f49d648222d8868	mouse-pointer
38c8065e8084e50c658c369b8f49d648222d8868	pictogram
38c8065e8084e50c658c369b8f49d648222d8868	remove-desktop-ini
38c8065e8084e50c658c369b8f49d648222d8868	shellex-rust
38c8065e8084e50c658c369b8f49d648222d8868	static-lunr
38c8065e8084e50c658c369b8f49d648222d8868	test/add-http-tests-and-fix-stdio
38c8065e8084e50c658c369b8f49d648222d8868	windows-moukaeritai-work
3b194686838a19f5d664193651def3fa653ea086	9b7310d2-2d5c-4b70-8fd3-f286f3cfc61b
3b194686838a19f5d664193651def3fa653ea086	git-hangup-investigation
3b194686838a19f5d664193651def3fa653ea086	git-lfs-lite
3b194686838a19f5d664193651def3fa653ea086	githooks
3b194686838a19f5d664193651def3fa653ea086	llama-cpp-tk
3b194686838a19f5d664193651def3fa653ea086	mcp
3b194686838a19f5d664193651def3fa653ea086	mdns-inspector
3b194686838a19f5d664193651def3fa653ea086	mouse-pointer
3b194686838a19f5d664193651def3fa653ea086	pictogram
3b194686838a19f5d664193651def3fa653ea086	remove-desktop-ini
3b194686838a19f5d664193651def3fa653ea086	shellex-rust
3b194686838a19f5d664193651def3fa653ea086	static-lunr
3b194686838a19f5d664193651def3fa653ea086	test/add-http-tests-and-fix-stdio
3b194686838a19f5d664193651def3fa653ea086	windows-moukaeritai-work
3b53f7cecab4721ae6c425e2af493f2fddae58dc	9b7310d2-2d5c-4b70-8fd3-f286f3cfc61b
3b53f7cecab4721ae6c425e2af493f2fddae58dc	git-hangup-investigation
3b53f7cecab4721ae6c425e2af493f2fddae58dc	git-lfs-lite
3b53f7cecab4721ae6c425e2af493f2fddae58dc	githooks
3b53f7cecab4721ae6c425e2af493f2fddae58dc	llama-cpp-tk
3b53f7cecab4721ae6c425e2af493f2fddae58dc	mcp
3b53f7cecab4721ae6c425e2af493f2fddae58dc	mdns-inspector
3b53f7cecab4721ae6c425e2af493f2fddae58dc	mouse-pointer
3b53f7cecab4721ae6c425e2af493f2fddae58dc	pictogram
3b53f7cecab4721ae6c425e2af493f2fddae58dc	remove-desktop-ini
3b53f7cecab4721ae6c425e2af493f2fddae58dc	shellex-rust
3b53f7cecab4721ae6c425e2af493f2fddae58dc	static-lunr
3b53f7cecab4721ae6c425e2af493f2fddae58dc	test/add-http-tests-and-fix-stdio
3b53f7cecab4721ae6c425e2af493f2fddae58dc	windows-moukaeritai-work
3be9fb4be927c2f2ac1967ed00e4d14f341728dc	9b7310d2-2d5c-4b70-8fd3-f286f3cfc61b
3be9fb4be927c2f2ac1967ed00e4d14f341728dc	git-hangup-investigation
3be9fb4be927c2f2ac1967ed00e4d14f341728dc	git-lfs-lite
3be9fb4be927c2f2ac1967ed00e4d14f341728dc	githooks
3be9fb4be927c2f2ac1967ed00e4d14f341728dc	llama-cpp-tk
3be9fb4be927c2f2ac1967ed00e4d14f341728dc	mcp
3be9fb4be927c2f2ac1967ed00e4d14f341728dc	mdns-inspector
3be9fb4be927c2f2ac1967ed00e4d14f341728dc	mouse-pointer
3be9fb4be927c2f2ac1967ed00e4d14f341728dc	pictogram
3be9fb4be927c2f2ac1967ed00e4d14f341728dc	remove-desktop-ini
3be9fb4be927c2f2ac1967ed00e4d14f341728dc	shellex-rust
3be9fb4be927c2f2ac1967ed00e4d14f341728dc	static-lunr
3be9fb4be927c2f2ac1967ed00e4d14f341728dc	test/add-http-tests-and-fix-stdio
3be9fb4be927c2f2ac1967ed00e4d14f341728dc	windows-moukaeritai-work
3cdf4b3754112cd771b7b3c1ed61c7cd2ec8381a	9b7310d2-2d5c-4b70-8fd3-f286f3cfc61b
3cdf4b3754112cd771b7b3c1ed61c7cd2ec8381a	git-hangup-investigation
3cdf4b3754112cd771b7b3c1ed61c7cd2ec8381a	git-lfs-lite
3cdf4b3754112cd771b7b3c1ed61c7cd2ec8381a	githooks
3cdf4b3754112cd771b7b3c1ed61c7cd2ec8381a	llama-cpp-tk
3cdf4b3754112cd771b7b3c1ed61c7cd2ec8381a	mcp
3cdf4b3754112cd771b7b3c1ed61c7cd2ec8381a	mdns-inspector
3cdf4b3754112cd771b7b3c1ed61c7cd2ec8381a	mouse-pointer
3cdf4b3754112cd771b7b3c1ed61c7cd2ec8381a	pictogram
3cdf4b3754112cd771b7b3c1ed61c7cd2ec8381a	remove-desktop-ini
3cdf4b3754112cd771b7b3c1ed61c7cd2ec8381a	shellex-rust
3cdf4b3754112cd771b7b3c1ed61c7cd2ec8381a	static-lunr
3cdf4b3754112cd771b7b3c1ed61c7cd2ec8381a	test/add-http-tests-and-fix-stdio
3cdf4b3754112cd771b7b3c1ed61c7cd2ec8381a	windows-moukaeritai-work
3cf8ecbc6a971f01b8cfd434b429638e1131f995	9b7310d2-2d5c-4b70-8fd3-f286f3cfc61b
3cf8ecbc6a971f01b8cfd434b429638e1131f995	git-hangup-investigation
3cf8ecbc6a971f01b8cfd434b429638e1131f995	git-lfs-lite
3cf8ecbc6a971f01b8cfd434b429638e1131f995	githooks
3cf8ecbc6a971f01b8cfd434b429638e1131f995	llama-cpp-tk
3cf8ecbc6a971f01b8cfd434b429638e1131f995	mcp
3cf8ecbc6a971f01b8cfd434b429638e1131f995	mdns-inspector
3cf8ecbc6a971f01b8cfd434b429638e1131f995	mouse-pointer
3cf8ecbc6a971f01b8cfd434b429638e1131f995	pictogram
3cf8ecbc6a971f01b8cfd434b429638e1131f995	remove-desktop-ini
3cf8ecbc6a971f01b8cfd434b429638e1131f995	shellex-rust
3cf8ecbc6a971f01b8cfd434b429638e1131f995	static-lunr
3cf8ecbc6a971f01b8cfd434b429638e1131f995	test/add-http-tests-and-fix-stdio
3cf8ecbc6a971f01b8cfd434b429638e1131f995	windows-moukaeritai-work
3db6b78d7e75c0445995375477823bb7dcc0d522	9b7310d2-2d5c-4b70-8fd3-f286f3cfc61b
3db6b78d7e75c0445995375477823bb7dcc0d522	git-hangup-investigation
3db6b78d7e75c0445995375477823bb7dcc0d522	git-lfs-lite
3db6b78d7e75c0445995375477823bb7dcc0d522	githooks
3db6b78d7e75c0445995375477823bb7dcc0d522	llama-cpp-tk
3db6b78d7e75c0445995375477823bb7dcc0d522	mcp
3db6b78d7e75c0445995375477823bb7dcc0d522	mdns-inspector
3db6b78d7e75c0445995375477823bb7dcc0d522	mouse-pointer
3db6b78d7e75c0445995375477823bb7dcc0d522	pictogram
3db6b78d7e75c0445995375477823bb7dcc0d522	remove-desktop-ini
3db6b78d7e75c0445995375477823bb7dcc0d522	shellex-rust
3db6b78d7e75c0445995375477823bb7dcc0d522	static-lunr
3db6b78d7e75c0445995375477823bb7dcc0d522	test/add-http-tests-and-fix-stdio
3db6b78d7e75c0445995375477823bb7dcc0d522	windows-moukaeritai-work
3db96be9b9ec1a784492186df258aef89b627593	9b7310d2-2d5c-4b70-8fd3-f286f3cfc61b
3db96be9b9ec1a784492186df258aef89b627593	git-hangup-investigation
3db96be9b9ec1a784492186df258aef89b627593	git-lfs-lite
3db96be9b9ec1a784492186df258aef89b627593	githooks
3db96be9b9ec1a784492186df258aef89b627593	llama-cpp-tk
3db96be9b9ec1a784492186df258aef89b627593	mcp
3db96be9b9ec1a784492186df258aef89b627593	mdns-inspector
3db96be9b9ec1a784492186df258aef89b627593	mouse-pointer
3db96be9b9ec1a784492186df258aef89b627593	pictogram
3db96be9b9ec1a784492186df258aef89b627593	remove-desktop-ini
3db96be9b9ec1a784492186df258aef89b627593	shellex-rust
3db96be9b9ec1a784492186df258aef89b627593	static-lunr
3db96be9b9ec1a784492186df258aef89b627593	test/add-http-tests-and-fix-stdio
3db96be9b9ec1a784492186df258aef89b627593	windows-moukaeritai-work
3e40ff46219622a217ea33b95f42aa1741a36483	9b7310d2-2d5c-4b70-8fd3-f286f3cfc61b
3e40ff46219622a217ea33b95f42aa1741a36483	git-hangup-investigation
3e40ff46219622a217ea33b95f42aa1741a36483	git-lfs-lite
3e40ff46219622a217ea33b95f42aa1741a36483	githooks
3e40ff46219622a217ea33b95f42aa1741a36483	llama-cpp-tk
3e40ff46219622a217ea33b95f42aa1741a36483	mcp
3e40ff46219622a217ea33b95f42aa1741a36483	mdns-inspector
3e40ff46219622a217ea33b95f42aa1741a36483	mouse-pointer
3e40ff46219622a217ea33b95f42aa1741a36483	pictogram
3e40ff46219622a217ea33b95f42aa1741a36483	remove-desktop-ini
3e40ff46219622a217ea33b95f42aa1741a36483	shellex-rust
3e40ff46219622a217ea33b95f42aa1741a36483	static-lunr
3e40ff46219622a217ea33b95f42aa1741a36483	test/add-http-tests-and-fix-stdio
3e40ff46219622a217ea33b95f42aa1741a36483	windows-moukaeritai-work
3f6ab7ba2fca6956a26229e7c220cfccf9a1e922	9b7310d2-2d5c-4b70-8fd3-f286f3cfc61b
3f6ab7ba2fca6956a26229e7c220cfccf9a1e922	git-hangup-investigation
3f6ab7ba2fca6956a26229e7c220cfccf9a1e922	git-lfs-lite
3f6ab7ba2fca6956a26229e7c220cfccf9a1e922	githooks
3f6ab7ba2fca6956a26229e7c220cfccf9a1e922	llama-cpp-tk
3f6ab7ba2fca6956a26229e7c220cfccf9a1e922	mcp
3f6ab7ba2fca6956a26229e7c220cfccf9a1e922	mdns-inspector
3f6ab7ba2fca6956a26229e7c220cfccf9a1e922	mouse-pointer
3f6ab7ba2fca6956a26229e7c220cfccf9a1e922	pictogram
3f6ab7ba2fca6956a26229e7c220cfccf9a1e922	remove-desktop-ini
3f6ab7ba2fca6956a26229e7c220cfccf9a1e922	shellex-rust
3f6ab7ba2fca6956a26229e7c220cfccf9a1e922	static-lunr
3f6ab7ba2fca6956a26229e7c220cfccf9a1e922	test/add-http-tests-and-fix-stdio
3f6ab7ba2fca6956a26229e7c220cfccf9a1e922	windows-moukaeritai-work
40e0726034b22f6a89e5340e64d68b146d128bd0	9b7310d2-2d5c-4b70-8fd3-f286f3cfc61b
40e0726034b22f6a89e5340e64d68b146d128bd0	git-hangup-investigation
40e0726034b22f6a89e5340e64d68b146d128bd0	git-lfs-lite
40e0726034b22f6a89e5340e64d68b146d128bd0	githooks
40e0726034b22f6a89e5340e64d68b146d128bd0	llama-cpp-tk
40e0726034b22f6a89e5340e64d68b146d128bd0	mcp
40e0726034b22f6a89e5340e64d68b146d128bd0	mdns-inspector
40e0726034b22f6a89e5340e64d68b146d128bd0	mouse-pointer
40e0726034b22f6a89e5340e64d68b146d128bd0	pictogram
40e0726034b22f6a89e5340e64d68b146d128bd0	remove-desktop-ini
40e0726034b22f6a89e5340e64d68b146d128bd0	shellex-rust
40e0726034b22f6a89e5340e64d68b146d128bd0	static-lunr
40e0726034b22f6a89e5340e64d68b146d128bd0	test/add-http-tests-and-fix-stdio
40e0726034b22f6a89e5340e64d68b146d128bd0	windows-moukaeritai-work
40ee9ef109836b346377b1e0a5a5367ce55c0dc1	9b7310d2-2d5c-4b70-8fd3-f286f3cfc61b
40ee9ef109836b346377b1e0a5a5367ce55c0dc1	git-hangup-investigation
40ee9ef109836b346377b1e0a5a5367ce55c0dc1	git-lfs-lite
40ee9ef109836b346377b1e0a5a5367ce55c0dc1	githooks
40ee9ef109836b346377b1e0a5a5367ce55c0dc1	llama-cpp-tk
40ee9ef109836b346377b1e0a5a5367ce55c0dc1	mcp
40ee9ef109836b346377b1e0a5a5367ce55c0dc1	mdns-inspector
40ee9ef109836b346377b1e0a5a5367ce55c0dc1	mouse-pointer
40ee9ef109836b346377b1e0a5a5367ce55c0dc1	pictogram
40ee9ef109836b346377b1e0a5a5367ce55c0dc1	remove-desktop-ini
40ee9ef109836b346377b1e0a5a5367ce55c0dc1	shellex-rust
40ee9ef109836b346377b1e0a5a5367ce55c0dc1	static-lunr
40ee9ef109836b346377b1e0a5a5367ce55c0dc1	test/add-http-tests-and-fix-stdio
40ee9ef109836b346377b1e0a5a5367ce55c0dc1	windows-moukaeritai-work
426803f56a31eaa5b3d9fab9c0adbd335545cfd9	9b7310d2-2d5c-4b70-8fd3-f286f3cfc61b
426803f56a31eaa5b3d9fab9c0adbd335545cfd9	git-hangup-investigation
426803f56a31eaa5b3d9fab9c0adbd335545cfd9	git-lfs-lite
426803f56a31eaa5b3d9fab9c0adbd335545cfd9	githooks
426803f56a31eaa5b3d9fab9c0adbd335545cfd9	llama-cpp-tk
426803f56a31eaa5b3d9fab9c0adbd335545cfd9	mcp
426803f56a31eaa5b3d9fab9c0adbd335545cfd9	mdns-inspector
426803f56a31eaa5b3d9fab9c0adbd335545cfd9	mouse-pointer
426803f56a31eaa5b3d9fab9c0adbd335545cfd9	pictogram
426803f56a31eaa5b3d9fab9c0adbd335545cfd9	remove-desktop-ini
426803f56a31eaa5b3d9fab9c0adbd335545cfd9	shellex-rust
426803f56a31eaa5b3d9fab9c0adbd335545cfd9	static-lunr
426803f56a31eaa5b3d9fab9c0adbd335545cfd9	test/add-http-tests-and-fix-stdio
426803f56a31eaa5b3d9fab9c0adbd335545cfd9	windows-moukaeritai-work
42ed8bca7bafa03a8e22f5152d1052a882627c9c	9b7310d2-2d5c-4b70-8fd3-f286f3cfc61b
42ed8bca7bafa03a8e22f5152d1052a882627c9c	git-hangup-investigation
42ed8bca7bafa03a8e22f5152d1052a882627c9c	git-lfs-lite
42ed8bca7bafa03a8e22f5152d1052a882627c9c	githooks
42ed8bca7bafa03a8e22f5152d1052a882627c9c	llama-cpp-tk
42ed8bca7bafa03a8e22f5152d1052a882627c9c	mcp
42ed8bca7bafa03a8e22f5152d1052a882627c9c	mdns-inspector
42ed8bca7bafa03a8e22f5152d1052a882627c9c	mouse-pointer
42ed8bca7bafa03a8e22f5152d1052a882627c9c	pictogram
42ed8bca7bafa03a8e22f5152d1052a882627c9c	remove-desktop-ini
42ed8bca7bafa03a8e22f5152d1052a882627c9c	shellex-rust
42ed8bca7bafa03a8e22f5152d1052a882627c9c	static-lunr
42ed8bca7bafa03a8e22f5152d1052a882627c9c	test/add-http-tests-and-fix-stdio
42ed8bca7bafa03a8e22f5152d1052a882627c9c	windows-moukaeritai-work
4300805df9c0a4c25b5e87e2e0061ed81a027ca5	9b7310d2-2d5c-4b70-8fd3-f286f3cfc61b
4300805df9c0a4c25b5e87e2e0061ed81a027ca5	git-hangup-investigation
4300805df9c0a4c25b5e87e2e0061ed81a027ca5	git-lfs-lite
4300805df9c0a4c25b5e87e2e0061ed81a027ca5	githooks
4300805df9c0a4c25b5e87e2e0061ed81a027ca5	llama-cpp-tk
4300805df9c0a4c25b5e87e2e0061ed81a027ca5	mcp
4300805df9c0a4c25b5e87e2e0061ed81a027ca5	mdns-inspector
4300805df9c0a4c25b5e87e2e0061ed81a027ca5	mouse-pointer
4300805df9c0a4c25b5e87e2e0061ed81a027ca5	pictogram
4300805df9c0a4c25b5e87e2e0061ed81a027ca5	remove-desktop-ini
4300805df9c0a4c25b5e87e2e0061ed81a027ca5	shellex-rust
4300805df9c0a4c25b5e87e2e0061ed81a027ca5	static-lunr
4300805df9c0a4c25b5e87e2e0061ed81a027ca5	test/add-http-tests-and-fix-stdio
4300805df9c0a4c25b5e87e2e0061ed81a027ca5	windows-moukaeritai-work
43218898c20388775a1b4b8894fa86620e6889d3	9b7310d2-2d5c-4b70-8fd3-f286f3cfc61b
43218898c20388775a1b4b8894fa86620e6889d3	git-hangup-investigation
43218898c20388775a1b4b8894fa86620e6889d3	git-lfs-lite
43218898c20388775a1b4b8894fa86620e6889d3	githooks
43218898c20388775a1b4b8894fa86620e6889d3	llama-cpp-tk
43218898c20388775a1b4b8894fa86620e6889d3	mcp
43218898c20388775a1b4b8894fa86620e6889d3	mdns-inspector
43218898c20388775a1b4b8894fa86620e6889d3	mouse-pointer
43218898c20388775a1b4b8894fa86620e6889d3	pictogram
43218898c20388775a1b4b8894fa86620e6889d3	remove-desktop-ini
43218898c20388775a1b4b8894fa86620e6889d3	shellex-rust
43218898c20388775a1b4b8894fa86620e6889d3	static-lunr
43218898c20388775a1b4b8894fa86620e6889d3	test/add-http-tests-and-fix-stdio
43218898c20388775a1b4b8894fa86620e6889d3	windows-moukaeritai-work
434e06c7c0cc4f1dbc51a44a0c60a2d737897afb	9b7310d2-2d5c-4b70-8fd3-f286f3cfc61b
434e06c7c0cc4f1dbc51a44a0c60a2d737897afb	git-hangup-investigation
434e06c7c0cc4f1dbc51a44a0c60a2d737897afb	git-lfs-lite
434e06c7c0cc4f1dbc51a44a0c60a2d737897afb	githooks
434e06c7c0cc4f1dbc51a44a0c60a2d737897afb	llama-cpp-tk
434e06c7c0cc4f1dbc51a44a0c60a2d737897afb	mcp
434e06c7c0cc4f1dbc51a44a0c60a2d737897afb	mdns-inspector
434e06c7c0cc4f1dbc51a44a0c60a2d737897afb	mouse-pointer
434e06c7c0cc4f1dbc51a44a0c60a2d737897afb	pictogram
434e06c7c0cc4f1dbc51a44a0c60a2d737897afb	remove-desktop-ini
434e06c7c0cc4f1dbc51a44a0c60a2d737897afb	shellex-rust
434e06c7c0cc4f1dbc51a44a0c60a2d737897afb	static-lunr
434e06c7c0cc4f1dbc51a44a0c60a2d737897afb	test/add-http-tests-and-fix-stdio
434e06c7c0cc4f1dbc51a44a0c60a2d737897afb	windows-moukaeritai-work
43d4aca721fbeb9632e1d6772c06628bcadfd3e1	9b7310d2-2d5c-4b70-8fd3-f286f3cfc61b
43d4aca721fbeb9632e1d6772c06628bcadfd3e1	git-hangup-investigation
43d4aca721fbeb9632e1d6772c06628bcadfd3e1	git-lfs-lite
43d4aca721fbeb9632e1d6772c06628bcadfd3e1	githooks
43d4aca721fbeb9632e1d6772c06628bcadfd3e1	llama-cpp-tk
43d4aca721fbeb9632e1d6772c06628bcadfd3e1	mcp
43d4aca721fbeb9632e1d6772c06628bcadfd3e1	mdns-inspector
43d4aca721fbeb9632e1d6772c06628bcadfd3e1	mouse-pointer
43d4aca721fbeb9632e1d6772c06628bcadfd3e1	pictogram
43d4aca721fbeb9632e1d6772c06628bcadfd3e1	remove-desktop-ini
43d4aca721fbeb9632e1d6772c06628bcadfd3e1	shellex-rust
43d4aca721fbeb9632e1d6772c06628bcadfd3e1	static-lunr
43d4aca721fbeb9632e1d6772c06628bcadfd3e1	test/add-http-tests-and-fix-stdio
43d4aca721fbeb9632e1d6772c06628bcadfd3e1	windows-moukaeritai-work
446684d92fb6de659bc9ea8b32605d262d1aff76	9b7310d2-2d5c-4b70-8fd3-f286f3cfc61b
446684d92fb6de659bc9ea8b32605d262d1aff76	git-hangup-investigation
446684d92fb6de659bc9ea8b32605d262d1aff76	git-lfs-lite
446684d92fb6de659bc9ea8b32605d262d1aff76	githooks
446684d92fb6de659bc9ea8b32605d262d1aff76	llama-cpp-tk
446684d92fb6de659bc9ea8b32605d262d1aff76	mcp
446684d92fb6de659bc9ea8b32605d262d1aff76	mdns-inspector
446684d92fb6de659bc9ea8b32605d262d1aff76	mouse-pointer
446684d92fb6de659bc9ea8b32605d262d1aff76	pictogram
446684d92fb6de659bc9ea8b32605d262d1aff76	remove-desktop-ini
446684d92fb6de659bc9ea8b32605d262d1aff76	shellex-rust
446684d92fb6de659bc9ea8b32605d262d1aff76	static-lunr
446684d92fb6de659bc9ea8b32605d262d1aff76	test/add-http-tests-and-fix-stdio
446684d92fb6de659bc9ea8b32605d262d1aff76	windows-moukaeritai-work
4475ac0dbf7ac796e9da60c280ed16bd70b75fa9	9b7310d2-2d5c-4b70-8fd3-f286f3cfc61b
4475ac0dbf7ac796e9da60c280ed16bd70b75fa9	git-hangup-investigation
4475ac0dbf7ac796e9da60c280ed16bd70b75fa9	git-lfs-lite
4475ac0dbf7ac796e9da60c280ed16bd70b75fa9	githooks
4475ac0dbf7ac796e9da60c280ed16bd70b75fa9	llama-cpp-tk
4475ac0dbf7ac796e9da60c280ed16bd70b75fa9	mcp
4475ac0dbf7ac796e9da60c280ed16bd70b75fa9	mdns-inspector
4475ac0dbf7ac796e9da60c280ed16bd70b75fa9	mouse-pointer
4475ac0dbf7ac796e9da60c280ed16bd70b75fa9	pictogram
4475ac0dbf7ac796e9da60c280ed16bd70b75fa9	remove-desktop-ini
4475ac0dbf7ac796e9da60c280ed16bd70b75fa9	shellex-rust
4475ac0dbf7ac796e9da60c280ed16bd70b75fa9	static-lunr
4475ac0dbf7ac796e9da60c280ed16bd70b75fa9	test/add-http-tests-and-fix-stdio
4475ac0dbf7ac796e9da60c280ed16bd70b75fa9	windows-moukaeritai-work
44c1d7c718c16bba4e171389e65bd75fbb3580dc	9b7310d2-2d5c-4b70-8fd3-f286f3cfc61b
44c1d7c718c16bba4e171389e65bd75fbb3580dc	git-hangup-investigation
44c1d7c718c16bba4e171389e65bd75fbb3580dc	git-lfs-lite
44c1d7c718c16bba4e171389e65bd75fbb3580dc	githooks
44c1d7c718c16bba4e171389e65bd75fbb3580dc	llama-cpp-tk
44c1d7c718c16bba4e171389e65bd75fbb3580dc	mcp
44c1d7c718c16bba4e171389e65bd75fbb3580dc	mdns-inspector
44c1d7c718c16bba4e171389e65bd75fbb3580dc	mouse-pointer
44c1d7c718c16bba4e171389e65bd75fbb3580dc	pictogram
44c1d7c718c16bba4e171389e65bd75fbb3580dc	remove-desktop-ini
44c1d7c718c16bba4e171389e65bd75fbb3580dc	shellex-rust
44c1d7c718c16bba4e171389e65bd75fbb3580dc	static-lunr
44c1d7c718c16bba4e171389e65bd75fbb3580dc	test/add-http-tests-and-fix-stdio
44c1d7c718c16bba4e171389e65bd75fbb3580dc	windows-moukaeritai-work
45e1e306e865fbc750a613433613a8d5872e76f2	9b7310d2-2d5c-4b70-8fd3-f286f3cfc61b
45e1e306e865fbc750a613433613a8d5872e76f2	git-hangup-investigation
45e1e306e865fbc750a613433613a8d5872e76f2	git-lfs-lite
45e1e306e865fbc750a613433613a8d5872e76f2	githooks
45e1e306e865fbc750a613433613a8d5872e76f2	llama-cpp-tk
45e1e306e865fbc750a613433613a8d5872e76f2	mcp
45e1e306e865fbc750a613433613a8d5872e76f2	mdns-inspector
45e1e306e865fbc750a613433613a8d5872e76f2	mouse-pointer
45e1e306e865fbc750a613433613a8d5872e76f2	pictogram
45e1e306e865fbc750a613433613a8d5872e76f2	remove-desktop-ini
45e1e306e865fbc750a613433613a8d5872e76f2	shellex-rust
45e1e306e865fbc750a613433613a8d5872e76f2	static-lunr
45e1e306e865fbc750a613433613a8d5872e76f2	test/add-http-tests-and-fix-stdio
45e1e306e865fbc750a613433613a8d5872e76f2	windows-moukaeritai-work
465790e47eee95322aa8855b51353f27dcdc8dfa	9b7310d2-2d5c-4b70-8fd3-f286f3cfc61b
465790e47eee95322aa8855b51353f27dcdc8dfa	feat/mcp-filelist-server
465790e47eee95322aa8855b51353f27dcdc8dfa	git-hangup-investigation
465790e47eee95322aa8855b51353f27dcdc8dfa	git-lfs-lite
465790e47eee95322aa8855b51353f27dcdc8dfa	githooks
465790e47eee95322aa8855b51353f27dcdc8dfa	llama-cpp-tk
465790e47eee95322aa8855b51353f27dcdc8dfa	mcp
465790e47eee95322aa8855b51353f27dcdc8dfa	mdns-inspector
465790e47eee95322aa8855b51353f27dcdc8dfa	mouse-pointer
465790e47eee95322aa8855b51353f27dcdc8dfa	pictogram
465790e47eee95322aa8855b51353f27dcdc8dfa	remove-desktop-ini
465790e47eee95322aa8855b51353f27dcdc8dfa	shellex-rust
465790e47eee95322aa8855b51353f27dcdc8dfa	static-lunr
465790e47eee95322aa8855b51353f27dcdc8dfa	test/add-http-tests-and-fix-stdio
465790e47eee95322aa8855b51353f27dcdc8dfa	windows-moukaeritai-work
4705c9a6342e2320f0a7a005e2e42556be2ba145	9b7310d2-2d5c-4b70-8fd3-f286f3cfc61b
4705c9a6342e2320f0a7a005e2e42556be2ba145	feat/mcp-filelist-server
4705c9a6342e2320f0a7a005e2e42556be2ba145	git-hangup-investigation
4705c9a6342e2320f0a7a005e2e42556be2ba145	git-lfs-lite
4705c9a6342e2320f0a7a005e2e42556be2ba145	githooks
4705c9a6342e2320f0a7a005e2e42556be2ba145	llama-cpp-tk
4705c9a6342e2320f0a7a005e2e42556be2ba145	mcp
4705c9a6342e2320f0a7a005e2e42556be2ba145	mdns-inspector
4705c9a6342e2320f0a7a005e2e42556be2ba145	mouse-pointer
4705c9a6342e2320f0a7a005e2e42556be2ba145	pictogram
4705c9a6342e2320f0a7a005e2e42556be2ba145	remove-desktop-ini
4705c9a6342e2320f0a7a005e2e42556be2ba145	shellex-rust
4705c9a6342e2320f0a7a005e2e42556be2ba145	static-lunr
4705c9a6342e2320f0a7a005e2e42556be2ba145	test/add-http-tests-and-fix-stdio
4705c9a6342e2320f0a7a005e2e42556be2ba145	windows-moukaeritai-work
473f5eb9c3c6bec8346aa08fe23760581f2076df	9b7310d2-2d5c-4b70-8fd3-f286f3cfc61b
473f5eb9c3c6bec8346aa08fe23760581f2076df	git-hangup-investigation
473f5eb9c3c6bec8346aa08fe23760581f2076df	git-lfs-lite
473f5eb9c3c6bec8346aa08fe23760581f2076df	githooks
473f5eb9c3c6bec8346aa08fe23760581f2076df	llama-cpp-tk
473f5eb9c3c6bec8346aa08fe23760581f2076df	mcp
473f5eb9c3c6bec8346aa08fe23760581f2076df	mdns-inspector
473f5eb9c3c6bec8346aa08fe23760581f2076df	mouse-pointer
473f5eb9c3c6bec8346aa08fe23760581f2076df	pictogram
473f5eb9c3c6bec8346aa08fe23760581f2076df	remove-desktop-ini
473f5eb9c3c6bec8346aa08fe23760581f2076df	shellex-rust
473f5eb9c3c6bec8346aa08fe23760581f2076df	static-lunr
473f5eb9c3c6bec8346aa08fe23760581f2076df	test/add-http-tests-and-fix-stdio
473f5eb9c3c6bec8346aa08fe23760581f2076df	windows-moukaeritai-work
47c8653c15f9b97c1ceb992b18109ef81c80834b	9b7310d2-2d5c-4b70-8fd3-f286f3cfc61b
47c8653c15f9b97c1ceb992b18109ef81c80834b	git-hangup-investigation
47c8653c15f9b97c1ceb992b18109ef81c80834b	git-lfs-lite
47c8653c15f9b97c1ceb992b18109ef81c80834b	githooks
47c8653c15f9b97c1ceb992b18109ef81c80834b	llama-cpp-tk
47c8653c15f9b97c1ceb992b18109ef81c80834b	mcp
47c8653c15f9b97c1ceb992b18109ef81c80834b	mdns-inspector
47c8653c15f9b97c1ceb992b18109ef81c80834b	mouse-pointer
47c8653c15f9b97c1ceb992b18109ef81c80834b	pictogram
47c8653c15f9b97c1ceb992b18109ef81c80834b	remove-desktop-ini
47c8653c15f9b97c1ceb992b18109ef81c80834b	shellex-rust
47c8653c15f9b97c1ceb992b18109ef81c80834b	static-lunr
47c8653c15f9b97c1ceb992b18109ef81c80834b	test/add-http-tests-and-fix-stdio
47c8653c15f9b97c1ceb992b18109ef81c80834b	windows-moukaeritai-work
47e6126cfe228ca76039ada2f1509c2f3f1efbb9	9b7310d2-2d5c-4b70-8fd3-f286f3cfc61b
47e6126cfe228ca76039ada2f1509c2f3f1efbb9	feat/mcp-filelist-server
47e6126cfe228ca76039ada2f1509c2f3f1efbb9	git-hangup-investigation
47e6126cfe228ca76039ada2f1509c2f3f1efbb9	git-lfs-lite
47e6126cfe228ca76039ada2f1509c2f3f1efbb9	githooks
47e6126cfe228ca76039ada2f1509c2f3f1efbb9	llama-cpp-tk
47e6126cfe228ca76039ada2f1509c2f3f1efbb9	mcp
47e6126cfe228ca76039ada2f1509c2f3f1efbb9	mdns-inspector
47e6126cfe228ca76039ada2f1509c2f3f1efbb9	mouse-pointer
47e6126cfe228ca76039ada2f1509c2f3f1efbb9	pictogram
47e6126cfe228ca76039ada2f1509c2f3f1efbb9	remove-desktop-ini
47e6126cfe228ca76039ada2f1509c2f3f1efbb9	shellex-rust
47e6126cfe228ca76039ada2f1509c2f3f1efbb9	static-lunr
47e6126cfe228ca76039ada2f1509c2f3f1efbb9	test/add-http-tests-and-fix-stdio
47e6126cfe228ca76039ada2f1509c2f3f1efbb9	windows-moukaeritai-work
4979c36d733d89f9c87d29a95d15b3ca3b64f364	9b7310d2-2d5c-4b70-8fd3-f286f3cfc61b
4979c36d733d89f9c87d29a95d15b3ca3b64f364	git-hangup-investigation
4979c36d733d89f9c87d29a95d15b3ca3b64f364	git-lfs-lite
4979c36d733d89f9c87d29a95d15b3ca3b64f364	githooks
4979c36d733d89f9c87d29a95d15b3ca3b64f364	llama-cpp-tk
4979c36d733d89f9c87d29a95d15b3ca3b64f364	mcp
4979c36d733d89f9c87d29a95d15b3ca3b64f364	mdns-inspector
4979c36d733d89f9c87d29a95d15b3ca3b64f364	mouse-pointer
4979c36d733d89f9c87d29a95d15b3ca3b64f364	pictogram
4979c36d733d89f9c87d29a95d15b3ca3b64f364	remove-desktop-ini
4979c36d733d89f9c87d29a95d15b3ca3b64f364	shellex-rust
4979c36d733d89f9c87d29a95d15b3ca3b64f364	static-lunr
4979c36d733d89f9c87d29a95d15b3ca3b64f364	test/add-http-tests-and-fix-stdio
4979c36d733d89f9c87d29a95d15b3ca3b64f364	windows-moukaeritai-work
49dd026ab6f902410157f151b52058aabf1113c8	9b7310d2-2d5c-4b70-8fd3-f286f3cfc61b
49dd026ab6f902410157f151b52058aabf1113c8	git-hangup-investigation
49dd026ab6f902410157f151b52058aabf1113c8	git-lfs-lite
49dd026ab6f902410157f151b52058aabf1113c8	githooks
49dd026ab6f902410157f151b52058aabf1113c8	llama-cpp-tk
49dd026ab6f902410157f151b52058aabf1113c8	mcp
49dd026ab6f902410157f151b52058aabf1113c8	mdns-inspector
49dd026ab6f902410157f151b52058aabf1113c8	mouse-pointer
49dd026ab6f902410157f151b52058aabf1113c8	pictogram
49dd026ab6f902410157f151b52058aabf1113c8	remove-desktop-ini
49dd026ab6f902410157f151b52058aabf1113c8	shellex-rust
49dd026ab6f902410157f151b52058aabf1113c8	static-lunr
49dd026ab6f902410157f151b52058aabf1113c8	test/add-http-tests-and-fix-stdio
49dd026ab6f902410157f151b52058aabf1113c8	windows-moukaeritai-work
4b962eac2b8e958043c3987c3c8c5b4caf00bcdc	9b7310d2-2d5c-4b70-8fd3-f286f3cfc61b
4b962eac2b8e958043c3987c3c8c5b4caf00bcdc	git-hangup-investigation
4b962eac2b8e958043c3987c3c8c5b4caf00bcdc	git-lfs-lite
4b962eac2b8e958043c3987c3c8c5b4caf00bcdc	githooks
4b962eac2b8e958043c3987c3c8c5b4caf00bcdc	llama-cpp-tk
4b962eac2b8e958043c3987c3c8c5b4caf00bcdc	mcp
4b962eac2b8e958043c3987c3c8c5b4caf00bcdc	mdns-inspector
4b962eac2b8e958043c3987c3c8c5b4caf00bcdc	mouse-pointer
4b962eac2b8e958043c3987c3c8c5b4caf00bcdc	pictogram
4b962eac2b8e958043c3987c3c8c5b4caf00bcdc	remove-desktop-ini
4b962eac2b8e958043c3987c3c8c5b4caf00bcdc	shellex-rust
4b962eac2b8e958043c3987c3c8c5b4caf00bcdc	static-lunr
4b962eac2b8e958043c3987c3c8c5b4caf00bcdc	test/add-http-tests-and-fix-stdio
4b962eac2b8e958043c3987c3c8c5b4caf00bcdc	windows-moukaeritai-work
4b98c4524f1660bd91ac8da315f276c1858eb55d	9b7310d2-2d5c-4b70-8fd3-f286f3cfc61b
4b98c4524f1660bd91ac8da315f276c1858eb55d	git-hangup-investigation
4b98c4524f1660bd91ac8da315f276c1858eb55d	git-lfs-lite
4b98c4524f1660bd91ac8da315f276c1858eb55d	githooks
4b98c4524f1660bd91ac8da315f276c1858eb55d	llama-cpp-tk
4b98c4524f1660bd91ac8da315f276c1858eb55d	mcp
4b98c4524f1660bd91ac8da315f276c1858eb55d	mdns-inspector
4b98c4524f1660bd91ac8da315f276c1858eb55d	mouse-pointer
4b98c4524f1660bd91ac8da315f276c1858eb55d	pictogram
4b98c4524f1660bd91ac8da315f276c1858eb55d	remove-desktop-ini
4b98c4524f1660bd91ac8da315f276c1858eb55d	shellex-rust
4b98c4524f1660bd91ac8da315f276c1858eb55d	static-lunr
4b98c4524f1660bd91ac8da315f276c1858eb55d	test/add-http-tests-and-fix-stdio
4b98c4524f1660bd91ac8da315f276c1858eb55d	windows-moukaeritai-work
4be71547ba7e899c275204ba97a782e6eb6cbbda	9b7310d2-2d5c-4b70-8fd3-f286f3cfc61b
4be71547ba7e899c275204ba97a782e6eb6cbbda	git-hangup-investigation
4be71547ba7e899c275204ba97a782e6eb6cbbda	git-lfs-lite
4be71547ba7e899c275204ba97a782e6eb6cbbda	githooks
4be71547ba7e899c275204ba97a782e6eb6cbbda	llama-cpp-tk
4be71547ba7e899c275204ba97a782e6eb6cbbda	mcp
4be71547ba7e899c275204ba97a782e6eb6cbbda	mdns-inspector
4be71547ba7e899c275204ba97a782e6eb6cbbda	mouse-pointer
4be71547ba7e899c275204ba97a782e6eb6cbbda	pictogram
4be71547ba7e899c275204ba97a782e6eb6cbbda	remove-desktop-ini
4be71547ba7e899c275204ba97a782e6eb6cbbda	shellex-rust
4be71547ba7e899c275204ba97a782e6eb6cbbda	static-lunr
4be71547ba7e899c275204ba97a782e6eb6cbbda	test/add-http-tests-and-fix-stdio
4be71547ba7e899c275204ba97a782e6eb6cbbda	windows-moukaeritai-work
4c005f6e47501520d0f900eba61a695226c59546	9b7310d2-2d5c-4b70-8fd3-f286f3cfc61b
4c005f6e47501520d0f900eba61a695226c59546	feat/mcp-filelist-server
4c005f6e47501520d0f900eba61a695226c59546	git-hangup-investigation
4c005f6e47501520d0f900eba61a695226c59546	git-lfs-lite
4c005f6e47501520d0f900eba61a695226c59546	githooks
4c005f6e47501520d0f900eba61a695226c59546	llama-cpp-tk
4c005f6e47501520d0f900eba61a695226c59546	mcp
4c005f6e47501520d0f900eba61a695226c59546	mdns-inspector
4c005f6e47501520d0f900eba61a695226c59546	mouse-pointer
4c005f6e47501520d0f900eba61a695226c59546	pictogram
4c005f6e47501520d0f900eba61a695226c59546	remove-desktop-ini
4c005f6e47501520d0f900eba61a695226c59546	shellex-rust
4c005f6e47501520d0f900eba61a695226c59546	static-lunr
4c005f6e47501520d0f900eba61a695226c59546	test/add-http-tests-and-fix-stdio
4c005f6e47501520d0f900eba61a695226c59546	windows-moukaeritai-work
4c59cd1f7256ff5d378ea51b2f8e95452e47fd1b	9b7310d2-2d5c-4b70-8fd3-f286f3cfc61b
4c59cd1f7256ff5d378ea51b2f8e95452e47fd1b	git-hangup-investigation
4c59cd1f7256ff5d378ea51b2f8e95452e47fd1b	git-lfs-lite
4c59cd1f7256ff5d378ea51b2f8e95452e47fd1b	githooks
4c59cd1f7256ff5d378ea51b2f8e95452e47fd1b	llama-cpp-tk
4c59cd1f7256ff5d378ea51b2f8e95452e47fd1b	mcp
4c59cd1f7256ff5d378ea51b2f8e95452e47fd1b	mdns-inspector
4c59cd1f7256ff5d378ea51b2f8e95452e47fd1b	mouse-pointer
4c59cd1f7256ff5d378ea51b2f8e95452e47fd1b	pictogram
4c59cd1f7256ff5d378ea51b2f8e95452e47fd1b	remove-desktop-ini
4c59cd1f7256ff5d378ea51b2f8e95452e47fd1b	shellex-rust
4c59cd1f7256ff5d378ea51b2f8e95452e47fd1b	static-lunr
4c59cd1f7256ff5d378ea51b2f8e95452e47fd1b	test/add-http-tests-and-fix-stdio
4c59cd1f7256ff5d378ea51b2f8e95452e47fd1b	windows-moukaeritai-work
4dfefe302084cb5b368da61693433afa15f3bc64	9b7310d2-2d5c-4b70-8fd3-f286f3cfc61b
4dfefe302084cb5b368da61693433afa15f3bc64	git-hangup-investigation
4dfefe302084cb5b368da61693433afa15f3bc64	git-lfs-lite
4dfefe302084cb5b368da61693433afa15f3bc64	githooks
4dfefe302084cb5b368da61693433afa15f3bc64	llama-cpp-tk
4dfefe302084cb5b368da61693433afa15f3bc64	mcp
4dfefe302084cb5b368da61693433afa15f3bc64	mdns-inspector
4dfefe302084cb5b368da61693433afa15f3bc64	mouse-pointer
4dfefe302084cb5b368da61693433afa15f3bc64	pictogram
4dfefe302084cb5b368da61693433afa15f3bc64	remove-desktop-ini
4dfefe302084cb5b368da61693433afa15f3bc64	shellex-rust
4dfefe302084cb5b368da61693433afa15f3bc64	static-lunr
4dfefe302084cb5b368da61693433afa15f3bc64	test/add-http-tests-and-fix-stdio
4dfefe302084cb5b368da61693433afa15f3bc64	windows-moukaeritai-work
50c7ecb0bd87b94bf082f7d5a4f851299bf7f359	9b7310d2-2d5c-4b70-8fd3-f286f3cfc61b
50c7ecb0bd87b94bf082f7d5a4f851299bf7f359	git-hangup-investigation
50c7ecb0bd87b94bf082f7d5a4f851299bf7f359	git-lfs-lite
50c7ecb0bd87b94bf082f7d5a4f851299bf7f359	githooks
50c7ecb0bd87b94bf082f7d5a4f851299bf7f359	llama-cpp-tk
50c7ecb0bd87b94bf082f7d5a4f851299bf7f359	mcp
50c7ecb0bd87b94bf082f7d5a4f851299bf7f359	mdns-inspector
50c7ecb0bd87b94bf082f7d5a4f851299bf7f359	mouse-pointer
50c7ecb0bd87b94bf082f7d5a4f851299bf7f359	pictogram
50c7ecb0bd87b94bf082f7d5a4f851299bf7f359	remove-desktop-ini
50c7ecb0bd87b94bf082f7d5a4f851299bf7f359	shellex-rust
50c7ecb0bd87b94bf082f7d5a4f851299bf7f359	static-lunr
50c7ecb0bd87b94bf082f7d5a4f851299bf7f359	test/add-http-tests-and-fix-stdio
50c7ecb0bd87b94bf082f7d5a4f851299bf7f359	windows-moukaeritai-work
51dbf0b82cc43524626ae6237f4a3ee5d919c759	9b7310d2-2d5c-4b70-8fd3-f286f3cfc61b
51dbf0b82cc43524626ae6237f4a3ee5d919c759	git-hangup-investigation
51dbf0b82cc43524626ae6237f4a3ee5d919c759	git-lfs-lite
51dbf0b82cc43524626ae6237f4a3ee5d919c759	githooks
51dbf0b82cc43524626ae6237f4a3ee5d919c759	llama-cpp-tk
51dbf0b82cc43524626ae6237f4a3ee5d919c759	mcp
51dbf0b82cc43524626ae6237f4a3ee5d919c759	mdns-inspector
51dbf0b82cc43524626ae6237f4a3ee5d919c759	mouse-pointer
51dbf0b82cc43524626ae6237f4a3ee5d919c759	pictogram
51dbf0b82cc43524626ae6237f4a3ee5d919c759	remove-desktop-ini
51dbf0b82cc43524626ae6237f4a3ee5d919c759	shellex-rust
51dbf0b82cc43524626ae6237f4a3ee5d919c759	static-lunr
51dbf0b82cc43524626ae6237f4a3ee5d919c759	test/add-http-tests-and-fix-stdio
51dbf0b82cc43524626ae6237f4a3ee5d919c759	windows-moukaeritai-work
539e596784bee20d922b602627e827aad9ec5072	9b7310d2-2d5c-4b70-8fd3-f286f3cfc61b
539e596784bee20d922b602627e827aad9ec5072	git-hangup-investigation
539e596784bee20d922b602627e827aad9ec5072	git-lfs-lite
539e596784bee20d922b602627e827aad9ec5072	githooks
539e596784bee20d922b602627e827aad9ec5072	llama-cpp-tk
539e596784bee20d922b602627e827aad9ec5072	mcp
539e596784bee20d922b602627e827aad9ec5072	mdns-inspector
539e596784bee20d922b602627e827aad9ec5072	mouse-pointer
539e596784bee20d922b602627e827aad9ec5072	pictogram
539e596784bee20d922b602627e827aad9ec5072	remove-desktop-ini
539e596784bee20d922b602627e827aad9ec5072	shellex-rust
539e596784bee20d922b602627e827aad9ec5072	static-lunr
539e596784bee20d922b602627e827aad9ec5072	test/add-http-tests-and-fix-stdio
539e596784bee20d922b602627e827aad9ec5072	windows-moukaeritai-work
551f340d8f34b51494adfed9af6e75e5ae4c6f80	9b7310d2-2d5c-4b70-8fd3-f286f3cfc61b
551f340d8f34b51494adfed9af6e75e5ae4c6f80	git-hangup-investigation
551f340d8f34b51494adfed9af6e75e5ae4c6f80	git-lfs-lite
551f340d8f34b51494adfed9af6e75e5ae4c6f80	githooks
551f340d8f34b51494adfed9af6e75e5ae4c6f80	llama-cpp-tk
551f340d8f34b51494adfed9af6e75e5ae4c6f80	mcp
551f340d8f34b51494adfed9af6e75e5ae4c6f80	mdns-inspector
551f340d8f34b51494adfed9af6e75e5ae4c6f80	mouse-pointer
551f340d8f34b51494adfed9af6e75e5ae4c6f80	pictogram
551f340d8f34b51494adfed9af6e75e5ae4c6f80	remove-desktop-ini
551f340d8f34b51494adfed9af6e75e5ae4c6f80	shellex-rust
551f340d8f34b51494adfed9af6e75e5ae4c6f80	static-lunr
551f340d8f34b51494adfed9af6e75e5ae4c6f80	test/add-http-tests-and-fix-stdio
551f340d8f34b51494adfed9af6e75e5ae4c6f80	windows-moukaeritai-work
5537dc2a91f919f6e21b4ec60148ffd9e39348db	9b7310d2-2d5c-4b70-8fd3-f286f3cfc61b
5537dc2a91f919f6e21b4ec60148ffd9e39348db	git-hangup-investigation
5537dc2a91f919f6e21b4ec60148ffd9e39348db	git-lfs-lite
5537dc2a91f919f6e21b4ec60148ffd9e39348db	githooks
5537dc2a91f919f6e21b4ec60148ffd9e39348db	llama-cpp-tk
5537dc2a91f919f6e21b4ec60148ffd9e39348db	mcp
5537dc2a91f919f6e21b4ec60148ffd9e39348db	mdns-inspector
5537dc2a91f919f6e21b4ec60148ffd9e39348db	mouse-pointer
5537dc2a91f919f6e21b4ec60148ffd9e39348db	pictogram
5537dc2a91f919f6e21b4ec60148ffd9e39348db	remove-desktop-ini
5537dc2a91f919f6e21b4ec60148ffd9e39348db	shellex-rust
5537dc2a91f919f6e21b4ec60148ffd9e39348db	static-lunr
5537dc2a91f919f6e21b4ec60148ffd9e39348db	test/add-http-tests-and-fix-stdio
5537dc2a91f919f6e21b4ec60148ffd9e39348db	windows-moukaeritai-work
55d0f17c1fa0ae6a3e006c252d3cddb40b59d968	9b7310d2-2d5c-4b70-8fd3-f286f3cfc61b
55d0f17c1fa0ae6a3e006c252d3cddb40b59d968	git-hangup-investigation
55d0f17c1fa0ae6a3e006c252d3cddb40b59d968	git-lfs-lite
55d0f17c1fa0ae6a3e006c252d3cddb40b59d968	githooks
55d0f17c1fa0ae6a3e006c252d3cddb40b59d968	llama-cpp-tk
55d0f17c1fa0ae6a3e006c252d3cddb40b59d968	mcp
55d0f17c1fa0ae6a3e006c252d3cddb40b59d968	mdns-inspector
55d0f17c1fa0ae6a3e006c252d3cddb40b59d968	mouse-pointer
55d0f17c1fa0ae6a3e006c252d3cddb40b59d968	pictogram
55d0f17c1fa0ae6a3e006c252d3cddb40b59d968	remove-desktop-ini
55d0f17c1fa0ae6a3e006c252d3cddb40b59d968	shellex-rust
55d0f17c1fa0ae6a3e006c252d3cddb40b59d968	static-lunr
55d0f17c1fa0ae6a3e006c252d3cddb40b59d968	test/add-http-tests-and-fix-stdio
55d0f17c1fa0ae6a3e006c252d3cddb40b59d968	windows-moukaeritai-work
5620efd61271b240e77af69c06ddd543379d2b87	9b7310d2-2d5c-4b70-8fd3-f286f3cfc61b
5620efd61271b240e77af69c06ddd543379d2b87	git-hangup-investigation
5620efd61271b240e77af69c06ddd543379d2b87	git-lfs-lite
5620efd61271b240e77af69c06ddd543379d2b87	githooks
5620efd61271b240e77af69c06ddd543379d2b87	llama-cpp-tk
5620efd61271b240e77af69c06ddd543379d2b87	mcp
5620efd61271b240e77af69c06ddd543379d2b87	mdns-inspector
5620efd61271b240e77af69c06ddd543379d2b87	mouse-pointer
5620efd61271b240e77af69c06ddd543379d2b87	pictogram
5620efd61271b240e77af69c06ddd543379d2b87	remove-desktop-ini
5620efd61271b240e77af69c06ddd543379d2b87	shellex-rust
5620efd61271b240e77af69c06ddd543379d2b87	static-lunr
5620efd61271b240e77af69c06ddd543379d2b87	test/add-http-tests-and-fix-stdio
5620efd61271b240e77af69c06ddd543379d2b87	windows-moukaeritai-work
566d419d63198643e98f6cc7567c11ab382fd5a6	9b7310d2-2d5c-4b70-8fd3-f286f3cfc61b
566d419d63198643e98f6cc7567c11ab382fd5a6	git-hangup-investigation
566d419d63198643e98f6cc7567c11ab382fd5a6	git-lfs-lite
566d419d63198643e98f6cc7567c11ab382fd5a6	githooks
566d419d63198643e98f6cc7567c11ab382fd5a6	llama-cpp-tk
566d419d63198643e98f6cc7567c11ab382fd5a6	mcp
566d419d63198643e98f6cc7567c11ab382fd5a6	mdns-inspector
566d419d63198643e98f6cc7567c11ab382fd5a6	mouse-pointer
566d419d63198643e98f6cc7567c11ab382fd5a6	pictogram
566d419d63198643e98f6cc7567c11ab382fd5a6	remove-desktop-ini
566d419d63198643e98f6cc7567c11ab382fd5a6	shellex-rust
566d419d63198643e98f6cc7567c11ab382fd5a6	static-lunr
566d419d63198643e98f6cc7567c11ab382fd5a6	test/add-http-tests-and-fix-stdio
566d419d63198643e98f6cc7567c11ab382fd5a6	windows-moukaeritai-work
5685873f746a9c60925626082f3e63506a771518	9b7310d2-2d5c-4b70-8fd3-f286f3cfc61b
5685873f746a9c60925626082f3e63506a771518	feat/mcp-filelist-server
5685873f746a9c60925626082f3e63506a771518	git-hangup-investigation
5685873f746a9c60925626082f3e63506a771518	git-lfs-lite
5685873f746a9c60925626082f3e63506a771518	githooks
5685873f746a9c60925626082f3e63506a771518	llama-cpp-tk
5685873f746a9c60925626082f3e63506a771518	mcp
5685873f746a9c60925626082f3e63506a771518	mdns-inspector
5685873f746a9c60925626082f3e63506a771518	mouse-pointer
5685873f746a9c60925626082f3e63506a771518	pictogram
5685873f746a9c60925626082f3e63506a771518	remove-desktop-ini
5685873f746a9c60925626082f3e63506a771518	shellex-rust
5685873f746a9c60925626082f3e63506a771518	static-lunr
5685873f746a9c60925626082f3e63506a771518	test/add-http-tests-and-fix-stdio
5685873f746a9c60925626082f3e63506a771518	windows-moukaeritai-work
5691ac71f263c903c0b423828162b4c1834758e0	9b7310d2-2d5c-4b70-8fd3-f286f3cfc61b
5691ac71f263c903c0b423828162b4c1834758e0	git-hangup-investigation
5691ac71f263c903c0b423828162b4c1834758e0	git-lfs-lite
5691ac71f263c903c0b423828162b4c1834758e0	githooks
5691ac71f263c903c0b423828162b4c1834758e0	llama-cpp-tk
5691ac71f263c903c0b423828162b4c1834758e0	mcp
5691ac71f263c903c0b423828162b4c1834758e0	mdns-inspector
5691ac71f263c903c0b423828162b4c1834758e0	mouse-pointer
5691ac71f263c903c0b423828162b4c1834758e0	pictogram
5691ac71f263c903c0b423828162b4c1834758e0	remove-desktop-ini
5691ac71f263c903c0b423828162b4c1834758e0	shellex-rust
5691ac71f263c903c0b423828162b4c1834758e0	static-lunr
5691ac71f263c903c0b423828162b4c1834758e0	test/add-http-tests-and-fix-stdio
5691ac71f263c903c0b423828162b4c1834758e0	windows-moukaeritai-work
56f2a0cb6ec9e0a5dc2c46739463659d484f79d6	9b7310d2-2d5c-4b70-8fd3-f286f3cfc61b
56f2a0cb6ec9e0a5dc2c46739463659d484f79d6	git-hangup-investigation
56f2a0cb6ec9e0a5dc2c46739463659d484f79d6	git-lfs-lite
56f2a0cb6ec9e0a5dc2c46739463659d484f79d6	githooks
56f2a0cb6ec9e0a5dc2c46739463659d484f79d6	llama-cpp-tk
56f2a0cb6ec9e0a5dc2c46739463659d484f79d6	mcp
56f2a0cb6ec9e0a5dc2c46739463659d484f79d6	mdns-inspector
56f2a0cb6ec9e0a5dc2c46739463659d484f79d6	mouse-pointer
56f2a0cb6ec9e0a5dc2c46739463659d484f79d6	pictogram
56f2a0cb6ec9e0a5dc2c46739463659d484f79d6	remove-desktop-ini
56f2a0cb6ec9e0a5dc2c46739463659d484f79d6	shellex-rust
56f2a0cb6ec9e0a5dc2c46739463659d484f79d6	static-lunr
56f2a0cb6ec9e0a5dc2c46739463659d484f79d6	test/add-http-tests-and-fix-stdio
56f2a0cb6ec9e0a5dc2c46739463659d484f79d6	windows-moukaeritai-work
577a17e203ee8a715f0e86ee32ae257b20b235f2	9b7310d2-2d5c-4b70-8fd3-f286f3cfc61b
577a17e203ee8a715f0e86ee32ae257b20b235f2	feat/mcp-filelist-server
577a17e203ee8a715f0e86ee32ae257b20b235f2	git-hangup-investigation
577a17e203ee8a715f0e86ee32ae257b20b235f2	git-lfs-lite
577a17e203ee8a715f0e86ee32ae257b20b235f2	githooks
577a17e203ee8a715f0e86ee32ae257b20b235f2	llama-cpp-tk
577a17e203ee8a715f0e86ee32ae257b20b235f2	mcp
577a17e203ee8a715f0e86ee32ae257b20b235f2	mdns-inspector
577a17e203ee8a715f0e86ee32ae257b20b235f2	mouse-pointer
577a17e203ee8a715f0e86ee32ae257b20b235f2	pictogram
577a17e203ee8a715f0e86ee32ae257b20b235f2	remove-desktop-ini
577a17e203ee8a715f0e86ee32ae257b20b235f2	shellex-rust
577a17e203ee8a715f0e86ee32ae257b20b235f2	static-lunr
577a17e203ee8a715f0e86ee32ae257b20b235f2	test/add-http-tests-and-fix-stdio
577a17e203ee8a715f0e86ee32ae257b20b235f2	windows-moukaeritai-work
58f3dd12e7d5d4efa8c04453077c0f7e557bea9b	9b7310d2-2d5c-4b70-8fd3-f286f3cfc61b
58f3dd12e7d5d4efa8c04453077c0f7e557bea9b	git-hangup-investigation
58f3dd12e7d5d4efa8c04453077c0f7e557bea9b	git-lfs-lite
58f3dd12e7d5d4efa8c04453077c0f7e557bea9b	githooks
58f3dd12e7d5d4efa8c04453077c0f7e557bea9b	llama-cpp-tk
58f3dd12e7d5d4efa8c04453077c0f7e557bea9b	mcp
58f3dd12e7d5d4efa8c04453077c0f7e557bea9b	mdns-inspector
58f3dd12e7d5d4efa8c04453077c0f7e557bea9b	mouse-pointer
58f3dd12e7d5d4efa8c04453077c0f7e557bea9b	pictogram
58f3dd12e7d5d4efa8c04453077c0f7e557bea9b	remove-desktop-ini
58f3dd12e7d5d4efa8c04453077c0f7e557bea9b	shellex-rust
58f3dd12e7d5d4efa8c04453077c0f7e557bea9b	static-lunr
58f3dd12e7d5d4efa8c04453077c0f7e557bea9b	test/add-http-tests-and-fix-stdio
58f3dd12e7d5d4efa8c04453077c0f7e557bea9b	windows-moukaeritai-work
59385d79e525ca3456a742cdf6b5eaec59fb4b44	9b7310d2-2d5c-4b70-8fd3-f286f3cfc61b
59385d79e525ca3456a742cdf6b5eaec59fb4b44	feat/mcp-filelist-server
59385d79e525ca3456a742cdf6b5eaec59fb4b44	git-hangup-investigation
59385d79e525ca3456a742cdf6b5eaec59fb4b44	git-lfs-lite
59385d79e525ca3456a742cdf6b5eaec59fb4b44	githooks
59385d79e525ca3456a742cdf6b5eaec59fb4b44	llama-cpp-tk
59385d79e525ca3456a742cdf6b5eaec59fb4b44	mcp
59385d79e525ca3456a742cdf6b5eaec59fb4b44	mdns-inspector
59385d79e525ca3456a742cdf6b5eaec59fb4b44	mouse-pointer
59385d79e525ca3456a742cdf6b5eaec59fb4b44	pictogram
59385d79e525ca3456a742cdf6b5eaec59fb4b44	remove-desktop-ini
59385d79e525ca3456a742cdf6b5eaec59fb4b44	shellex-rust
59385d79e525ca3456a742cdf6b5eaec59fb4b44	static-lunr
59385d79e525ca3456a742cdf6b5eaec59fb4b44	test/add-http-tests-and-fix-stdio
59385d79e525ca3456a742cdf6b5eaec59fb4b44	windows-moukaeritai-work
5a14acdc1009904baca5faef2bdb4bf64e4989cd	9b7310d2-2d5c-4b70-8fd3-f286f3cfc61b
5a14acdc1009904baca5faef2bdb4bf64e4989cd	git-hangup-investigation
5a14acdc1009904baca5faef2bdb4bf64e4989cd	git-lfs-lite
5a14acdc1009904baca5faef2bdb4bf64e4989cd	githooks
5a14acdc1009904baca5faef2bdb4bf64e4989cd	llama-cpp-tk
5a14acdc1009904baca5faef2bdb4bf64e4989cd	mcp
5a14acdc1009904baca5faef2bdb4bf64e4989cd	mdns-inspector
5a14acdc1009904baca5faef2bdb4bf64e4989cd	mouse-pointer
5a14acdc1009904baca5faef2bdb4bf64e4989cd	pictogram
5a14acdc1009904baca5faef2bdb4bf64e4989cd	remove-desktop-ini
5a14acdc1009904baca5faef2bdb4bf64e4989cd	shellex-rust
5a14acdc1009904baca5faef2bdb4bf64e4989cd	static-lunr
5a14acdc1009904baca5faef2bdb4bf64e4989cd	test/add-http-tests-and-fix-stdio
5a14acdc1009904baca5faef2bdb4bf64e4989cd	windows-moukaeritai-work
5a5a8e97e04a5e72c2dd9fb632a3e7db75f9282e	9b7310d2-2d5c-4b70-8fd3-f286f3cfc61b
5a5a8e97e04a5e72c2dd9fb632a3e7db75f9282e	git-hangup-investigation
5a5a8e97e04a5e72c2dd9fb632a3e7db75f9282e	git-lfs-lite
5a5a8e97e04a5e72c2dd9fb632a3e7db75f9282e	githooks
5a5a8e97e04a5e72c2dd9fb632a3e7db75f9282e	llama-cpp-tk
5a5a8e97e04a5e72c2dd9fb632a3e7db75f9282e	mcp
5a5a8e97e04a5e72c2dd9fb632a3e7db75f9282e	mdns-inspector
5a5a8e97e04a5e72c2dd9fb632a3e7db75f9282e	mouse-pointer
5a5a8e97e04a5e72c2dd9fb632a3e7db75f9282e	pictogram
5a5a8e97e04a5e72c2dd9fb632a3e7db75f9282e	remove-desktop-ini
5a5a8e97e04a5e72c2dd9fb632a3e7db75f9282e	shellex-rust
5a5a8e97e04a5e72c2dd9fb632a3e7db75f9282e	static-lunr
5a5a8e97e04a5e72c2dd9fb632a3e7db75f9282e	test/add-http-tests-and-fix-stdio
5a5a8e97e04a5e72c2dd9fb632a3e7db75f9282e	windows-moukaeritai-work
5b1075b08bc439b683708667f0a5e318d30a17bc	9b7310d2-2d5c-4b70-8fd3-f286f3cfc61b
5b1075b08bc439b683708667f0a5e318d30a17bc	git-hangup-investigation
5b1075b08bc439b683708667f0a5e318d30a17bc	git-lfs-lite
5b1075b08bc439b683708667f0a5e318d30a17bc	githooks
5b1075b08bc439b683708667f0a5e318d30a17bc	llama-cpp-tk
5b1075b08bc439b683708667f0a5e318d30a17bc	mcp
5b1075b08bc439b683708667f0a5e318d30a17bc	mdns-inspector
5b1075b08bc439b683708667f0a5e318d30a17bc	mouse-pointer
5b1075b08bc439b683708667f0a5e318d30a17bc	pictogram
5b1075b08bc439b683708667f0a5e318d30a17bc	remove-desktop-ini
5b1075b08bc439b683708667f0a5e318d30a17bc	shellex-rust
5b1075b08bc439b683708667f0a5e318d30a17bc	static-lunr
5b1075b08bc439b683708667f0a5e318d30a17bc	test/add-http-tests-and-fix-stdio
5b1075b08bc439b683708667f0a5e318d30a17bc	windows-moukaeritai-work
5b70eb907566c53074cce865f67365e7edc7a987	9b7310d2-2d5c-4b70-8fd3-f286f3cfc61b
5b70eb907566c53074cce865f67365e7edc7a987	git-hangup-investigation
5b70eb907566c53074cce865f67365e7edc7a987	git-lfs-lite
5b70eb907566c53074cce865f67365e7edc7a987	githooks
5b70eb907566c53074cce865f67365e7edc7a987	llama-cpp-tk
5b70eb907566c53074cce865f67365e7edc7a987	mcp
5b70eb907566c53074cce865f67365e7edc7a987	mdns-inspector
5b70eb907566c53074cce865f67365e7edc7a987	mouse-pointer
5b70eb907566c53074cce865f67365e7edc7a987	pictogram
5b70eb907566c53074cce865f67365e7edc7a987	remove-desktop-ini
5b70eb907566c53074cce865f67365e7edc7a987	shellex-rust
5b70eb907566c53074cce865f67365e7edc7a987	static-lunr
5b70eb907566c53074cce865f67365e7edc7a987	test/add-http-tests-and-fix-stdio
5b70eb907566c53074cce865f67365e7edc7a987	windows-moukaeritai-work
5b79af9231f53a047881e6f21a878e9ab61cef1f	9b7310d2-2d5c-4b70-8fd3-f286f3cfc61b
5b79af9231f53a047881e6f21a878e9ab61cef1f	git-hangup-investigation
5b79af9231f53a047881e6f21a878e9ab61cef1f	git-lfs-lite
5b79af9231f53a047881e6f21a878e9ab61cef1f	githooks
5b79af9231f53a047881e6f21a878e9ab61cef1f	llama-cpp-tk
5b79af9231f53a047881e6f21a878e9ab61cef1f	mcp
5b79af9231f53a047881e6f21a878e9ab61cef1f	mdns-inspector
5b79af9231f53a047881e6f21a878e9ab61cef1f	mouse-pointer
5b79af9231f53a047881e6f21a878e9ab61cef1f	pictogram
5b79af9231f53a047881e6f21a878e9ab61cef1f	remove-desktop-ini
5b79af9231f53a047881e6f21a878e9ab61cef1f	shellex-rust
5b79af9231f53a047881e6f21a878e9ab61cef1f	static-lunr
5b79af9231f53a047881e6f21a878e9ab61cef1f	test/add-http-tests-and-fix-stdio
5b79af9231f53a047881e6f21a878e9ab61cef1f	windows-moukaeritai-work
5c75a7c9581cadcec7e4667f82de5ced0739c68a	9b7310d2-2d5c-4b70-8fd3-f286f3cfc61b
5c75a7c9581cadcec7e4667f82de5ced0739c68a	feat/mcp-filelist-server
5c75a7c9581cadcec7e4667f82de5ced0739c68a	git-hangup-investigation
5c75a7c9581cadcec7e4667f82de5ced0739c68a	git-lfs-lite
5c75a7c9581cadcec7e4667f82de5ced0739c68a	githooks
5c75a7c9581cadcec7e4667f82de5ced0739c68a	llama-cpp-tk
5c75a7c9581cadcec7e4667f82de5ced0739c68a	mcp
5c75a7c9581cadcec7e4667f82de5ced0739c68a	mdns-inspector
5c75a7c9581cadcec7e4667f82de5ced0739c68a	mouse-pointer
5c75a7c9581cadcec7e4667f82de5ced0739c68a	pictogram
5c75a7c9581cadcec7e4667f82de5ced0739c68a	remove-desktop-ini
5c75a7c9581cadcec7e4667f82de5ced0739c68a	shellex-rust
5c75a7c9581cadcec7e4667f82de5ced0739c68a	static-lunr
5c75a7c9581cadcec7e4667f82de5ced0739c68a	test/add-http-tests-and-fix-stdio
5c75a7c9581cadcec7e4667f82de5ced0739c68a	windows-moukaeritai-work
5c9df0354996112ceeaec8cd45fdb14104e9e765	9b7310d2-2d5c-4b70-8fd3-f286f3cfc61b
5c9df0354996112ceeaec8cd45fdb14104e9e765	git-hangup-investigation
5c9df0354996112ceeaec8cd45fdb14104e9e765	git-lfs-lite
5c9df0354996112ceeaec8cd45fdb14104e9e765	githooks
5c9df0354996112ceeaec8cd45fdb14104e9e765	llama-cpp-tk
5c9df0354996112ceeaec8cd45fdb14104e9e765	mcp
5c9df0354996112ceeaec8cd45fdb14104e9e765	mdns-inspector
5c9df0354996112ceeaec8cd45fdb14104e9e765	mouse-pointer
5c9df0354996112ceeaec8cd45fdb14104e9e765	pictogram
5c9df0354996112ceeaec8cd45fdb14104e9e765	remove-desktop-ini
5c9df0354996112ceeaec8cd45fdb14104e9e765	shellex-rust
5c9df0354996112ceeaec8cd45fdb14104e9e765	static-lunr
5c9df0354996112ceeaec8cd45fdb14104e9e765	test/add-http-tests-and-fix-stdio
5c9df0354996112ceeaec8cd45fdb14104e9e765	windows-moukaeritai-work
5cbb23b55167266e7b9a81350e17f05e2dc2644f	9b7310d2-2d5c-4b70-8fd3-f286f3cfc61b
5cbb23b55167266e7b9a81350e17f05e2dc2644f	feat/mcp-filelist-server
5cbb23b55167266e7b9a81350e17f05e2dc2644f	git-hangup-investigation
5cbb23b55167266e7b9a81350e17f05e2dc2644f	git-lfs-lite
5cbb23b55167266e7b9a81350e17f05e2dc2644f	githooks
5cbb23b55167266e7b9a81350e17f05e2dc2644f	llama-cpp-tk
5cbb23b55167266e7b9a81350e17f05e2dc2644f	mcp
5cbb23b55167266e7b9a81350e17f05e2dc2644f	mdns-inspector
5cbb23b55167266e7b9a81350e17f05e2dc2644f	mouse-pointer
5cbb23b55167266e7b9a81350e17f05e2dc2644f	pictogram
5cbb23b55167266e7b9a81350e17f05e2dc2644f	remove-desktop-ini
5cbb23b55167266e7b9a81350e17f05e2dc2644f	shellex-rust
5cbb23b55167266e7b9a81350e17f05e2dc2644f	static-lunr
5cbb23b55167266e7b9a81350e17f05e2dc2644f	test/add-http-tests-and-fix-stdio
5cbb23b55167266e7b9a81350e17f05e2dc2644f	windows-moukaeritai-work
5d1f865de149d98c22b15bc201f262d7ecf0fbff	9b7310d2-2d5c-4b70-8fd3-f286f3cfc61b
5d1f865de149d98c22b15bc201f262d7ecf0fbff	git-hangup-investigation
5d1f865de149d98c22b15bc201f262d7ecf0fbff	git-lfs-lite
5d1f865de149d98c22b15bc201f262d7ecf0fbff	githooks
5d1f865de149d98c22b15bc201f262d7ecf0fbff	llama-cpp-tk
5d1f865de149d98c22b15bc201f262d7ecf0fbff	mcp
5d1f865de149d98c22b15bc201f262d7ecf0fbff	mdns-inspector
5d1f865de149d98c22b15bc201f262d7ecf0fbff	mouse-pointer
5d1f865de149d98c22b15bc201f262d7ecf0fbff	pictogram
5d1f865de149d98c22b15bc201f262d7ecf0fbff	remove-desktop-ini
5d1f865de149d98c22b15bc201f262d7ecf0fbff	shellex-rust
5d1f865de149d98c22b15bc201f262d7ecf0fbff	static-lunr
5d1f865de149d98c22b15bc201f262d7ecf0fbff	test/add-http-tests-and-fix-stdio
5d1f865de149d98c22b15bc201f262d7ecf0fbff	windows-moukaeritai-work
5dfc46ae45ce1a962ce09fc358700e08b8f1c8e4	9b7310d2-2d5c-4b70-8fd3-f286f3cfc61b
5dfc46ae45ce1a962ce09fc358700e08b8f1c8e4	feat/mcp-filelist-server
5dfc46ae45ce1a962ce09fc358700e08b8f1c8e4	git-hangup-investigation
5dfc46ae45ce1a962ce09fc358700e08b8f1c8e4	git-lfs-lite
5dfc46ae45ce1a962ce09fc358700e08b8f1c8e4	githooks
5dfc46ae45ce1a962ce09fc358700e08b8f1c8e4	llama-cpp-tk
5dfc46ae45ce1a962ce09fc358700e08b8f1c8e4	mcp
5dfc46ae45ce1a962ce09fc358700e08b8f1c8e4	mdns-inspector
5dfc46ae45ce1a962ce09fc358700e08b8f1c8e4	mouse-pointer
5dfc46ae45ce1a962ce09fc358700e08b8f1c8e4	pictogram
5dfc46ae45ce1a962ce09fc358700e08b8f1c8e4	remove-desktop-ini
5dfc46ae45ce1a962ce09fc358700e08b8f1c8e4	shellex-rust
5dfc46ae45ce1a962ce09fc358700e08b8f1c8e4	static-lunr
5dfc46ae45ce1a962ce09fc358700e08b8f1c8e4	test/add-http-tests-and-fix-stdio
5dfc46ae45ce1a962ce09fc358700e08b8f1c8e4	windows-moukaeritai-work
5e35838ecd98333e3a5fecbd551519d9614eb6ca	9b7310d2-2d5c-4b70-8fd3-f286f3cfc61b
5e35838ecd98333e3a5fecbd551519d9614eb6ca	git-hangup-investigation
5e35838ecd98333e3a5fecbd551519d9614eb6ca	git-lfs-lite
5e35838ecd98333e3a5fecbd551519d9614eb6ca	githooks
5e35838ecd98333e3a5fecbd551519d9614eb6ca	llama-cpp-tk
5e35838ecd98333e3a5fecbd551519d9614eb6ca	mcp
5e35838ecd98333e3a5fecbd551519d9614eb6ca	mdns-inspector
5e35838ecd98333e3a5fecbd551519d9614eb6ca	mouse-pointer
5e35838ecd98333e3a5fecbd551519d9614eb6ca	pictogram
5e35838ecd98333e3a5fecbd551519d9614eb6ca	remove-desktop-ini
5e35838ecd98333e3a5fecbd551519d9614eb6ca	shellex-rust
5e35838ecd98333e3a5fecbd551519d9614eb6ca	static-lunr
5e35838ecd98333e3a5fecbd551519d9614eb6ca	test/add-http-tests-and-fix-stdio
5e35838ecd98333e3a5fecbd551519d9614eb6ca	windows-moukaeritai-work
5eaa8e2568d731cc266b16afeca01f09f4db070e	9b7310d2-2d5c-4b70-8fd3-f286f3cfc61b
5eaa8e2568d731cc266b16afeca01f09f4db070e	git-hangup-investigation
5eaa8e2568d731cc266b16afeca01f09f4db070e	git-lfs-lite
5eaa8e2568d731cc266b16afeca01f09f4db070e	githooks
5eaa8e2568d731cc266b16afeca01f09f4db070e	llama-cpp-tk
5eaa8e2568d731cc266b16afeca01f09f4db070e	mcp
5eaa8e2568d731cc266b16afeca01f09f4db070e	mdns-inspector
5eaa8e2568d731cc266b16afeca01f09f4db070e	mouse-pointer
5eaa8e2568d731cc266b16afeca01f09f4db070e	pictogram
5eaa8e2568d731cc266b16afeca01f09f4db070e	remove-desktop-ini
5eaa8e2568d731cc266b16afeca01f09f4db070e	shellex-rust
5eaa8e2568d731cc266b16afeca01f09f4db070e	static-lunr
5eaa8e2568d731cc266b16afeca01f09f4db070e	test/add-http-tests-and-fix-stdio
5eaa8e2568d731cc266b16afeca01f09f4db070e	windows-moukaeritai-work
5f54af41d0048ca017d1dbc0a456844dfc67166b	9b7310d2-2d5c-4b70-8fd3-f286f3cfc61b
5f54af41d0048ca017d1dbc0a456844dfc67166b	git-hangup-investigation
5f54af41d0048ca017d1dbc0a456844dfc67166b	git-lfs-lite
5f54af41d0048ca017d1dbc0a456844dfc67166b	githooks
5f54af41d0048ca017d1dbc0a456844dfc67166b	llama-cpp-tk
5f54af41d0048ca017d1dbc0a456844dfc67166b	mcp
5f54af41d0048ca017d1dbc0a456844dfc67166b	mdns-inspector
5f54af41d0048ca017d1dbc0a456844dfc67166b	mouse-pointer
5f54af41d0048ca017d1dbc0a456844dfc67166b	pictogram
5f54af41d0048ca017d1dbc0a456844dfc67166b	remove-desktop-ini
5f54af41d0048ca017d1dbc0a456844dfc67166b	shellex-rust
5f54af41d0048ca017d1dbc0a456844dfc67166b	static-lunr
5f54af41d0048ca017d1dbc0a456844dfc67166b	test/add-http-tests-and-fix-stdio
5f54af41d0048ca017d1dbc0a456844dfc67166b	windows-moukaeritai-work
602a42085e03934446f9b3920814e5425487a6f3	9b7310d2-2d5c-4b70-8fd3-f286f3cfc61b
602a42085e03934446f9b3920814e5425487a6f3	feat/mcp-filelist-server
602a42085e03934446f9b3920814e5425487a6f3	git-hangup-investigation
602a42085e03934446f9b3920814e5425487a6f3	git-lfs-lite
602a42085e03934446f9b3920814e5425487a6f3	githooks
602a42085e03934446f9b3920814e5425487a6f3	llama-cpp-tk
602a42085e03934446f9b3920814e5425487a6f3	mcp
602a42085e03934446f9b3920814e5425487a6f3	mdns-inspector
602a42085e03934446f9b3920814e5425487a6f3	mouse-pointer
602a42085e03934446f9b3920814e5425487a6f3	pictogram
602a42085e03934446f9b3920814e5425487a6f3	remove-desktop-ini
602a42085e03934446f9b3920814e5425487a6f3	shellex-rust
602a42085e03934446f9b3920814e5425487a6f3	static-lunr
602a42085e03934446f9b3920814e5425487a6f3	test/add-http-tests-and-fix-stdio
602a42085e03934446f9b3920814e5425487a6f3	windows-moukaeritai-work
60c0d351919cb6e517d35b83336ef474fc132712	9b7310d2-2d5c-4b70-8fd3-f286f3cfc61b
60c0d351919cb6e517d35b83336ef474fc132712	git-hangup-investigation
60c0d351919cb6e517d35b83336ef474fc132712	git-lfs-lite
60c0d351919cb6e517d35b83336ef474fc132712	githooks
60c0d351919cb6e517d35b83336ef474fc132712	llama-cpp-tk
60c0d351919cb6e517d35b83336ef474fc132712	mcp
60c0d351919cb6e517d35b83336ef474fc132712	mdns-inspector
60c0d351919cb6e517d35b83336ef474fc132712	mouse-pointer
60c0d351919cb6e517d35b83336ef474fc132712	pictogram
60c0d351919cb6e517d35b83336ef474fc132712	remove-desktop-ini
60c0d351919cb6e517d35b83336ef474fc132712	shellex-rust
60c0d351919cb6e517d35b83336ef474fc132712	static-lunr
60c0d351919cb6e517d35b83336ef474fc132712	test/add-http-tests-and-fix-stdio
60c0d351919cb6e517d35b83336ef474fc132712	windows-moukaeritai-work
618b1cf86ef037de9a1385604eb655765f908f05	9b7310d2-2d5c-4b70-8fd3-f286f3cfc61b
618b1cf86ef037de9a1385604eb655765f908f05	git-hangup-investigation
618b1cf86ef037de9a1385604eb655765f908f05	git-lfs-lite
618b1cf86ef037de9a1385604eb655765f908f05	githooks
618b1cf86ef037de9a1385604eb655765f908f05	llama-cpp-tk
618b1cf86ef037de9a1385604eb655765f908f05	mcp
618b1cf86ef037de9a1385604eb655765f908f05	mdns-inspector
618b1cf86ef037de9a1385604eb655765f908f05	mouse-pointer
618b1cf86ef037de9a1385604eb655765f908f05	pictogram
618b1cf86ef037de9a1385604eb655765f908f05	remove-desktop-ini
618b1cf86ef037de9a1385604eb655765f908f05	shellex-rust
618b1cf86ef037de9a1385604eb655765f908f05	static-lunr
618b1cf86ef037de9a1385604eb655765f908f05	test/add-http-tests-and-fix-stdio
618b1cf86ef037de9a1385604eb655765f908f05	windows-moukaeritai-work
6242c5c8dd767d8acb9918225f3500f7dc49160d	9b7310d2-2d5c-4b70-8fd3-f286f3cfc61b
6242c5c8dd767d8acb9918225f3500f7dc49160d	git-hangup-investigation
6242c5c8dd767d8acb9918225f3500f7dc49160d	git-lfs-lite
6242c5c8dd767d8acb9918225f3500f7dc49160d	githooks
6242c5c8dd767d8acb9918225f3500f7dc49160d	llama-cpp-tk
6242c5c8dd767d8acb9918225f3500f7dc49160d	mcp
6242c5c8dd767d8acb9918225f3500f7dc49160d	mdns-inspector
6242c5c8dd767d8acb9918225f3500f7dc49160d	mouse-pointer
6242c5c8dd767d8acb9918225f3500f7dc49160d	pictogram
6242c5c8dd767d8acb9918225f3500f7dc49160d	remove-desktop-ini
6242c5c8dd767d8acb9918225f3500f7dc49160d	shellex-rust
6242c5c8dd767d8acb9918225f3500f7dc49160d	static-lunr
6242c5c8dd767d8acb9918225f3500f7dc49160d	test/add-http-tests-and-fix-stdio
6242c5c8dd767d8acb9918225f3500f7dc49160d	windows-moukaeritai-work
62b6147d4f9e2b29deddfd97506e5c737bf682c5	9b7310d2-2d5c-4b70-8fd3-f286f3cfc61b
62b6147d4f9e2b29deddfd97506e5c737bf682c5	git-hangup-investigation
62b6147d4f9e2b29deddfd97506e5c737bf682c5	git-lfs-lite
62b6147d4f9e2b29deddfd97506e5c737bf682c5	githooks
62b6147d4f9e2b29deddfd97506e5c737bf682c5	llama-cpp-tk
62b6147d4f9e2b29deddfd97506e5c737bf682c5	mcp
62b6147d4f9e2b29deddfd97506e5c737bf682c5	mdns-inspector
62b6147d4f9e2b29deddfd97506e5c737bf682c5	mouse-pointer
62b6147d4f9e2b29deddfd97506e5c737bf682c5	pictogram
62b6147d4f9e2b29deddfd97506e5c737bf682c5	remove-desktop-ini
62b6147d4f9e2b29deddfd97506e5c737bf682c5	shellex-rust
62b6147d4f9e2b29deddfd97506e5c737bf682c5	static-lunr
62b6147d4f9e2b29deddfd97506e5c737bf682c5	test/add-http-tests-and-fix-stdio
62b6147d4f9e2b29deddfd97506e5c737bf682c5	windows-moukaeritai-work
650a76fc255fad98bf02a0da0c9f8ee570b2a8a0	9b7310d2-2d5c-4b70-8fd3-f286f3cfc61b
650a76fc255fad98bf02a0da0c9f8ee570b2a8a0	git-hangup-investigation
650a76fc255fad98bf02a0da0c9f8ee570b2a8a0	git-lfs-lite
650a76fc255fad98bf02a0da0c9f8ee570b2a8a0	githooks
650a76fc255fad98bf02a0da0c9f8ee570b2a8a0	llama-cpp-tk
650a76fc255fad98bf02a0da0c9f8ee570b2a8a0	mcp
650a76fc255fad98bf02a0da0c9f8ee570b2a8a0	mdns-inspector
650a76fc255fad98bf02a0da0c9f8ee570b2a8a0	mouse-pointer
650a76fc255fad98bf02a0da0c9f8ee570b2a8a0	pictogram
650a76fc255fad98bf02a0da0c9f8ee570b2a8a0	remove-desktop-ini
650a76fc255fad98bf02a0da0c9f8ee570b2a8a0	shellex-rust
650a76fc255fad98bf02a0da0c9f8ee570b2a8a0	static-lunr
650a76fc255fad98bf02a0da0c9f8ee570b2a8a0	test/add-http-tests-and-fix-stdio
650a76fc255fad98bf02a0da0c9f8ee570b2a8a0	windows-moukaeritai-work
65a4b22960ba2181598e212eb641297af1604344	9b7310d2-2d5c-4b70-8fd3-f286f3cfc61b
65a4b22960ba2181598e212eb641297af1604344	git-hangup-investigation
65a4b22960ba2181598e212eb641297af1604344	git-lfs-lite
65a4b22960ba2181598e212eb641297af1604344	githooks
65a4b22960ba2181598e212eb641297af1604344	llama-cpp-tk
65a4b22960ba2181598e212eb641297af1604344	mcp
65a4b22960ba2181598e212eb641297af1604344	mdns-inspector
65a4b22960ba2181598e212eb641297af1604344	mouse-pointer
65a4b22960ba2181598e212eb641297af1604344	pictogram
65a4b22960ba2181598e212eb641297af1604344	remove-desktop-ini
65a4b22960ba2181598e212eb641297af1604344	shellex-rust
65a4b22960ba2181598e212eb641297af1604344	static-lunr
65a4b22960ba2181598e212eb641297af1604344	test/add-http-tests-and-fix-stdio
65a4b22960ba2181598e212eb641297af1604344	windows-moukaeritai-work
65c1cb45a8fefea3fad308cee6e826fe5ed12f47	9b7310d2-2d5c-4b70-8fd3-f286f3cfc61b
65c1cb45a8fefea3fad308cee6e826fe5ed12f47	git-hangup-investigation
65c1cb45a8fefea3fad308cee6e826fe5ed12f47	git-lfs-lite
65c1cb45a8fefea3fad308cee6e826fe5ed12f47	githooks
65c1cb45a8fefea3fad308cee6e826fe5ed12f47	llama-cpp-tk
65c1cb45a8fefea3fad308cee6e826fe5ed12f47	mcp
65c1cb45a8fefea3fad308cee6e826fe5ed12f47	mdns-inspector
65c1cb45a8fefea3fad308cee6e826fe5ed12f47	mouse-pointer
65c1cb45a8fefea3fad308cee6e826fe5ed12f47	pictogram
65c1cb45a8fefea3fad308cee6e826fe5ed12f47	remove-desktop-ini
65c1cb45a8fefea3fad308cee6e826fe5ed12f47	shellex-rust
65c1cb45a8fefea3fad308cee6e826fe5ed12f47	static-lunr
65c1cb45a8fefea3fad308cee6e826fe5ed12f47	test/add-http-tests-and-fix-stdio
65c1cb45a8fefea3fad308cee6e826fe5ed12f47	windows-moukaeritai-work
689e504767bf07414b31aa076416122cf3ead1bf	9b7310d2-2d5c-4b70-8fd3-f286f3cfc61b
689e504767bf07414b31aa076416122cf3ead1bf	feat/mcp-filelist-server
689e504767bf07414b31aa076416122cf3ead1bf	git-hangup-investigation
689e504767bf07414b31aa076416122cf3ead1bf	git-lfs-lite
689e504767bf07414b31aa076416122cf3ead1bf	githooks
689e504767bf07414b31aa076416122cf3ead1bf	llama-cpp-tk
689e504767bf07414b31aa076416122cf3ead1bf	mcp
689e504767bf07414b31aa076416122cf3ead1bf	mdns-inspector
689e504767bf07414b31aa076416122cf3ead1bf	mouse-pointer
689e504767bf07414b31aa076416122cf3ead1bf	pictogram
689e504767bf07414b31aa076416122cf3ead1bf	remove-desktop-ini
689e504767bf07414b31aa076416122cf3ead1bf	shellex-rust
689e504767bf07414b31aa076416122cf3ead1bf	static-lunr
689e504767bf07414b31aa076416122cf3ead1bf	test/add-http-tests-and-fix-stdio
689e504767bf07414b31aa076416122cf3ead1bf	windows-moukaeritai-work
6b3dd08fb4bcf3a25f80fd39eb34c4c382331cf2	9b7310d2-2d5c-4b70-8fd3-f286f3cfc61b
6b3dd08fb4bcf3a25f80fd39eb34c4c382331cf2	git-hangup-investigation
6b3dd08fb4bcf3a25f80fd39eb34c4c382331cf2	git-lfs-lite
6b3dd08fb4bcf3a25f80fd39eb34c4c382331cf2	githooks
6b3dd08fb4bcf3a25f80fd39eb34c4c382331cf2	llama-cpp-tk
6b3dd08fb4bcf3a25f80fd39eb34c4c382331cf2	mcp
6b3dd08fb4bcf3a25f80fd39eb34c4c382331cf2	mdns-inspector
6b3dd08fb4bcf3a25f80fd39eb34c4c382331cf2	mouse-pointer
6b3dd08fb4bcf3a25f80fd39eb34c4c382331cf2	pictogram
6b3dd08fb4bcf3a25f80fd39eb34c4c382331cf2	remove-desktop-ini
6b3dd08fb4bcf3a25f80fd39eb34c4c382331cf2	shellex-rust
6b3dd08fb4bcf3a25f80fd39eb34c4c382331cf2	static-lunr
6b3dd08fb4bcf3a25f80fd39eb34c4c382331cf2	test/add-http-tests-and-fix-stdio
6b3dd08fb4bcf3a25f80fd39eb34c4c382331cf2	windows-moukaeritai-work
6b55b60ae40e7bfe6667f9f3cddd261b44208e2c	9b7310d2-2d5c-4b70-8fd3-f286f3cfc61b
6b55b60ae40e7bfe6667f9f3cddd261b44208e2c	feat/mcp-filelist-server
6b55b60ae40e7bfe6667f9f3cddd261b44208e2c	git-hangup-investigation
6b55b60ae40e7bfe6667f9f3cddd261b44208e2c	git-lfs-lite
6b55b60ae40e7bfe6667f9f3cddd261b44208e2c	githooks
6b55b60ae40e7bfe6667f9f3cddd261b44208e2c	llama-cpp-tk
6b55b60ae40e7bfe6667f9f3cddd261b44208e2c	mcp
6b55b60ae40e7bfe6667f9f3cddd261b44208e2c	mdns-inspector
6b55b60ae40e7bfe6667f9f3cddd261b44208e2c	mouse-pointer
6b55b60ae40e7bfe6667f9f3cddd261b44208e2c	pictogram
6b55b60ae40e7bfe6667f9f3cddd261b44208e2c	remove-desktop-ini
6b55b60ae40e7bfe6667f9f3cddd261b44208e2c	shellex-rust
6b55b60ae40e7bfe6667f9f3cddd261b44208e2c	static-lunr
6b55b60ae40e7bfe6667f9f3cddd261b44208e2c	test/add-http-tests-and-fix-stdio
6b55b60ae40e7bfe6667f9f3cddd261b44208e2c	windows-moukaeritai-work
6b941a50b478f0c32ecb81768993ee8ed0b02fe8	9b7310d2-2d5c-4b70-8fd3-f286f3cfc61b
6b941a50b478f0c32ecb81768993ee8ed0b02fe8	git-hangup-investigation
6b941a50b478f0c32ecb81768993ee8ed0b02fe8	git-lfs-lite
6b941a50b478f0c32ecb81768993ee8ed0b02fe8	githooks
6b941a50b478f0c32ecb81768993ee8ed0b02fe8	llama-cpp-tk
6b941a50b478f0c32ecb81768993ee8ed0b02fe8	mcp
6b941a50b478f0c32ecb81768993ee8ed0b02fe8	mdns-inspector
6b941a50b478f0c32ecb81768993ee8ed0b02fe8	mouse-pointer
6b941a50b478f0c32ecb81768993ee8ed0b02fe8	pictogram
6b941a50b478f0c32ecb81768993ee8ed0b02fe8	remove-desktop-ini
6b941a50b478f0c32ecb81768993ee8ed0b02fe8	shellex-rust
6b941a50b478f0c32ecb81768993ee8ed0b02fe8	static-lunr
6b941a50b478f0c32ecb81768993ee8ed0b02fe8	test/add-http-tests-and-fix-stdio
6b941a50b478f0c32ecb81768993ee8ed0b02fe8	windows-moukaeritai-work
6c4a263a3439a972b51c8c4a65bfc4b68825dc6f	9b7310d2-2d5c-4b70-8fd3-f286f3cfc61b
6c4a263a3439a972b51c8c4a65bfc4b68825dc6f	git-hangup-investigation
6c4a263a3439a972b51c8c4a65bfc4b68825dc6f	git-lfs-lite
6c4a263a3439a972b51c8c4a65bfc4b68825dc6f	githooks
6c4a263a3439a972b51c8c4a65bfc4b68825dc6f	llama-cpp-tk
6c4a263a3439a972b51c8c4a65bfc4b68825dc6f	mcp
6c4a263a3439a972b51c8c4a65bfc4b68825dc6f	mdns-inspector
6c4a263a3439a972b51c8c4a65bfc4b68825dc6f	mouse-pointer
6c4a263a3439a972b51c8c4a65bfc4b68825dc6f	pictogram
6c4a263a3439a972b51c8c4a65bfc4b68825dc6f	remove-desktop-ini
6c4a263a3439a972b51c8c4a65bfc4b68825dc6f	shellex-rust
6c4a263a3439a972b51c8c4a65bfc4b68825dc6f	static-lunr
6c4a263a3439a972b51c8c4a65bfc4b68825dc6f	test/add-http-tests-and-fix-stdio
6c4a263a3439a972b51c8c4a65bfc4b68825dc6f	windows-moukaeritai-work
6c964805857acdcb357286e3d270f7b8212c2daf	9b7310d2-2d5c-4b70-8fd3-f286f3cfc61b
6c964805857acdcb357286e3d270f7b8212c2daf	git-hangup-investigation
6c964805857acdcb357286e3d270f7b8212c2daf	git-lfs-lite
6c964805857acdcb357286e3d270f7b8212c2daf	githooks
6c964805857acdcb357286e3d270f7b8212c2daf	llama-cpp-tk
6c964805857acdcb357286e3d270f7b8212c2daf	mcp
6c964805857acdcb357286e3d270f7b8212c2daf	mdns-inspector
6c964805857acdcb357286e3d270f7b8212c2daf	mouse-pointer
6c964805857acdcb357286e3d270f7b8212c2daf	pictogram
6c964805857acdcb357286e3d270f7b8212c2daf	remove-desktop-ini
6c964805857acdcb357286e3d270f7b8212c2daf	shellex-rust
6c964805857acdcb357286e3d270f7b8212c2daf	static-lunr
6c964805857acdcb357286e3d270f7b8212c2daf	test/add-http-tests-and-fix-stdio
6c964805857acdcb357286e3d270f7b8212c2daf	windows-moukaeritai-work
6cf9ceb509cfb7494df3aef5dacfd6d6846b257b	9b7310d2-2d5c-4b70-8fd3-f286f3cfc61b
6cf9ceb509cfb7494df3aef5dacfd6d6846b257b	git-hangup-investigation
6cf9ceb509cfb7494df3aef5dacfd6d6846b257b	git-lfs-lite
6cf9ceb509cfb7494df3aef5dacfd6d6846b257b	githooks
6cf9ceb509cfb7494df3aef5dacfd6d6846b257b	llama-cpp-tk
6cf9ceb509cfb7494df3aef5dacfd6d6846b257b	mcp
6cf9ceb509cfb7494df3aef5dacfd6d6846b257b	mdns-inspector
6cf9ceb509cfb7494df3aef5dacfd6d6846b257b	mouse-pointer
6cf9ceb509cfb7494df3aef5dacfd6d6846b257b	pictogram
6cf9ceb509cfb7494df3aef5dacfd6d6846b257b	remove-desktop-ini
6cf9ceb509cfb7494df3aef5dacfd6d6846b257b	shellex-rust
6cf9ceb509cfb7494df3aef5dacfd6d6846b257b	static-lunr
6cf9ceb509cfb7494df3aef5dacfd6d6846b257b	test/add-http-tests-and-fix-stdio
6cf9ceb509cfb7494df3aef5dacfd6d6846b257b	windows-moukaeritai-work
6e4155fe523679f02c73d1a80aeb33849e30c57b	9b7310d2-2d5c-4b70-8fd3-f286f3cfc61b
6e4155fe523679f02c73d1a80aeb33849e30c57b	git-hangup-investigation
6e4155fe523679f02c73d1a80aeb33849e30c57b	git-lfs-lite
6e4155fe523679f02c73d1a80aeb33849e30c57b	githooks
6e4155fe523679f02c73d1a80aeb33849e30c57b	llama-cpp-tk
6e4155fe523679f02c73d1a80aeb33849e30c57b	mcp
6e4155fe523679f02c73d1a80aeb33849e30c57b	mdns-inspector
6e4155fe523679f02c73d1a80aeb33849e30c57b	mouse-pointer
6e4155fe523679f02c73d1a80aeb33849e30c57b	pictogram
6e4155fe523679f02c73d1a80aeb33849e30c57b	remove-desktop-ini
6e4155fe523679f02c73d1a80aeb33849e30c57b	shellex-rust
6e4155fe523679f02c73d1a80aeb33849e30c57b	static-lunr
6e4155fe523679f02c73d1a80aeb33849e30c57b	test/add-http-tests-and-fix-stdio
6e4155fe523679f02c73d1a80aeb33849e30c57b	windows-moukaeritai-work
6e4f8c57bf47bd34df91a26958daa57843fe5c6e	9b7310d2-2d5c-4b70-8fd3-f286f3cfc61b
6e4f8c57bf47bd34df91a26958daa57843fe5c6e	git-hangup-investigation
6e4f8c57bf47bd34df91a26958daa57843fe5c6e	git-lfs-lite
6e4f8c57bf47bd34df91a26958daa57843fe5c6e	githooks
6e4f8c57bf47bd34df91a26958daa57843fe5c6e	llama-cpp-tk
6e4f8c57bf47bd34df91a26958daa57843fe5c6e	mcp
6e4f8c57bf47bd34df91a26958daa57843fe5c6e	mdns-inspector
6e4f8c57bf47bd34df91a26958daa57843fe5c6e	mouse-pointer
6e4f8c57bf47bd34df91a26958daa57843fe5c6e	pictogram
6e4f8c57bf47bd34df91a26958daa57843fe5c6e	remove-desktop-ini
6e4f8c57bf47bd34df91a26958daa57843fe5c6e	shellex-rust
6e4f8c57bf47bd34df91a26958daa57843fe5c6e	static-lunr
6e4f8c57bf47bd34df91a26958daa57843fe5c6e	test/add-http-tests-and-fix-stdio
6e4f8c57bf47bd34df91a26958daa57843fe5c6e	windows-moukaeritai-work
6ea7eeb1ca7a86562d6ee5828764d9094a5d20a4	9b7310d2-2d5c-4b70-8fd3-f286f3cfc61b
6ea7eeb1ca7a86562d6ee5828764d9094a5d20a4	git-hangup-investigation
6ea7eeb1ca7a86562d6ee5828764d9094a5d20a4	git-lfs-lite
6ea7eeb1ca7a86562d6ee5828764d9094a5d20a4	githooks
6ea7eeb1ca7a86562d6ee5828764d9094a5d20a4	llama-cpp-tk
6ea7eeb1ca7a86562d6ee5828764d9094a5d20a4	mcp
6ea7eeb1ca7a86562d6ee5828764d9094a5d20a4	mdns-inspector
6ea7eeb1ca7a86562d6ee5828764d9094a5d20a4	mouse-pointer
6ea7eeb1ca7a86562d6ee5828764d9094a5d20a4	pictogram
6ea7eeb1ca7a86562d6ee5828764d9094a5d20a4	remove-desktop-ini
6ea7eeb1ca7a86562d6ee5828764d9094a5d20a4	shellex-rust
6ea7eeb1ca7a86562d6ee5828764d9094a5d20a4	static-lunr
6ea7eeb1ca7a86562d6ee5828764d9094a5d20a4	test/add-http-tests-and-fix-stdio
6ea7eeb1ca7a86562d6ee5828764d9094a5d20a4	windows-moukaeritai-work
6ff12d956a72e240de0f1b6c98bcd3af889d6a30	9b7310d2-2d5c-4b70-8fd3-f286f3cfc61b
6ff12d956a72e240de0f1b6c98bcd3af889d6a30	git-hangup-investigation
6ff12d956a72e240de0f1b6c98bcd3af889d6a30	git-lfs-lite
6ff12d956a72e240de0f1b6c98bcd3af889d6a30	githooks
6ff12d956a72e240de0f1b6c98bcd3af889d6a30	llama-cpp-tk
6ff12d956a72e240de0f1b6c98bcd3af889d6a30	mcp
6ff12d956a72e240de0f1b6c98bcd3af889d6a30	mdns-inspector
6ff12d956a72e240de0f1b6c98bcd3af889d6a30	mouse-pointer
6ff12d956a72e240de0f1b6c98bcd3af889d6a30	pictogram
6ff12d956a72e240de0f1b6c98bcd3af889d6a30	remove-desktop-ini
6ff12d956a72e240de0f1b6c98bcd3af889d6a30	shellex-rust
6ff12d956a72e240de0f1b6c98bcd3af889d6a30	static-lunr
6ff12d956a72e240de0f1b6c98bcd3af889d6a30	test/add-http-tests-and-fix-stdio
6ff12d956a72e240de0f1b6c98bcd3af889d6a30	windows-moukaeritai-work
7047006fa4f81b14fd519d667bfde4c4c7f83e59	9b7310d2-2d5c-4b70-8fd3-f286f3cfc61b
7047006fa4f81b14fd519d667bfde4c4c7f83e59	git-hangup-investigation
7047006fa4f81b14fd519d667bfde4c4c7f83e59	git-lfs-lite
7047006fa4f81b14fd519d667bfde4c4c7f83e59	githooks
7047006fa4f81b14fd519d667bfde4c4c7f83e59	llama-cpp-tk
7047006fa4f81b14fd519d667bfde4c4c7f83e59	mcp
7047006fa4f81b14fd519d667bfde4c4c7f83e59	mdns-inspector
7047006fa4f81b14fd519d667bfde4c4c7f83e59	mouse-pointer
7047006fa4f81b14fd519d667bfde4c4c7f83e59	pictogram
7047006fa4f81b14fd519d667bfde4c4c7f83e59	remove-desktop-ini
7047006fa4f81b14fd519d667bfde4c4c7f83e59	shellex-rust
7047006fa4f81b14fd519d667bfde4c4c7f83e59	static-lunr
7047006fa4f81b14fd519d667bfde4c4c7f83e59	test/add-http-tests-and-fix-stdio
7047006fa4f81b14fd519d667bfde4c4c7f83e59	windows-moukaeritai-work
710a84d40f1dac503e5b75c98c414d3b17e25560	9b7310d2-2d5c-4b70-8fd3-f286f3cfc61b
710a84d40f1dac503e5b75c98c414d3b17e25560	git-hangup-investigation
710a84d40f1dac503e5b75c98c414d3b17e25560	git-lfs-lite
710a84d40f1dac503e5b75c98c414d3b17e25560	githooks
710a84d40f1dac503e5b75c98c414d3b17e25560	llama-cpp-tk
710a84d40f1dac503e5b75c98c414d3b17e25560	mcp
710a84d40f1dac503e5b75c98c414d3b17e25560	mdns-inspector
710a84d40f1dac503e5b75c98c414d3b17e25560	mouse-pointer
710a84d40f1dac503e5b75c98c414d3b17e25560	pictogram
710a84d40f1dac503e5b75c98c414d3b17e25560	remove-desktop-ini
710a84d40f1dac503e5b75c98c414d3b17e25560	shellex-rust
710a84d40f1dac503e5b75c98c414d3b17e25560	static-lunr
710a84d40f1dac503e5b75c98c414d3b17e25560	test/add-http-tests-and-fix-stdio
710a84d40f1dac503e5b75c98c414d3b17e25560	windows-moukaeritai-work
7384198b8449414a1c7fe898ec7e11a0bd9e2c75	9b7310d2-2d5c-4b70-8fd3-f286f3cfc61b
7384198b8449414a1c7fe898ec7e11a0bd9e2c75	git-hangup-investigation
7384198b8449414a1c7fe898ec7e11a0bd9e2c75	git-lfs-lite
7384198b8449414a1c7fe898ec7e11a0bd9e2c75	githooks
7384198b8449414a1c7fe898ec7e11a0bd9e2c75	llama-cpp-tk
7384198b8449414a1c7fe898ec7e11a0bd9e2c75	mcp
7384198b8449414a1c7fe898ec7e11a0bd9e2c75	mdns-inspector
7384198b8449414a1c7fe898ec7e11a0bd9e2c75	mouse-pointer
7384198b8449414a1c7fe898ec7e11a0bd9e2c75	pictogram
7384198b8449414a1c7fe898ec7e11a0bd9e2c75	remove-desktop-ini
7384198b8449414a1c7fe898ec7e11a0bd9e2c75	shellex-rust
7384198b8449414a1c7fe898ec7e11a0bd9e2c75	static-lunr
7384198b8449414a1c7fe898ec7e11a0bd9e2c75	test/add-http-tests-and-fix-stdio
7384198b8449414a1c7fe898ec7e11a0bd9e2c75	windows-moukaeritai-work
73acbd3851aa1153f3171bf01e1a1499326ccbcf	9b7310d2-2d5c-4b70-8fd3-f286f3cfc61b
73acbd3851aa1153f3171bf01e1a1499326ccbcf	git-hangup-investigation
73acbd3851aa1153f3171bf01e1a1499326ccbcf	git-lfs-lite
73acbd3851aa1153f3171bf01e1a1499326ccbcf	githooks
73acbd3851aa1153f3171bf01e1a1499326ccbcf	llama-cpp-tk
73acbd3851aa1153f3171bf01e1a1499326ccbcf	mcp
73acbd3851aa1153f3171bf01e1a1499326ccbcf	mdns-inspector
73acbd3851aa1153f3171bf01e1a1499326ccbcf	mouse-pointer
73acbd3851aa1153f3171bf01e1a1499326ccbcf	pictogram
73acbd3851aa1153f3171bf01e1a1499326ccbcf	remove-desktop-ini
73acbd3851aa1153f3171bf01e1a1499326ccbcf	shellex-rust
73acbd3851aa1153f3171bf01e1a1499326ccbcf	static-lunr
73acbd3851aa1153f3171bf01e1a1499326ccbcf	test/add-http-tests-and-fix-stdio
73acbd3851aa1153f3171bf01e1a1499326ccbcf	windows-moukaeritai-work
74c7e43c7250dc8860ca280e73dae020d4f71f03	9b7310d2-2d5c-4b70-8fd3-f286f3cfc61b
74c7e43c7250dc8860ca280e73dae020d4f71f03	git-hangup-investigation
74c7e43c7250dc8860ca280e73dae020d4f71f03	git-lfs-lite
74c7e43c7250dc8860ca280e73dae020d4f71f03	githooks
74c7e43c7250dc8860ca280e73dae020d4f71f03	llama-cpp-tk
74c7e43c7250dc8860ca280e73dae020d4f71f03	mcp
74c7e43c7250dc8860ca280e73dae020d4f71f03	mdns-inspector
74c7e43c7250dc8860ca280e73dae020d4f71f03	mouse-pointer
74c7e43c7250dc8860ca280e73dae020d4f71f03	pictogram
74c7e43c7250dc8860ca280e73dae020d4f71f03	remove-desktop-ini
74c7e43c7250dc8860ca280e73dae020d4f71f03	shellex-rust
74c7e43c7250dc8860ca280e73dae020d4f71f03	static-lunr
74c7e43c7250dc8860ca280e73dae020d4f71f03	test/add-http-tests-and-fix-stdio
74c7e43c7250dc8860ca280e73dae020d4f71f03	windows-moukaeritai-work
75d956baaded0a64d0b5bb19c21347467273f74a	9b7310d2-2d5c-4b70-8fd3-f286f3cfc61b
75d956baaded0a64d0b5bb19c21347467273f74a	git-hangup-investigation
75d956baaded0a64d0b5bb19c21347467273f74a	git-lfs-lite
75d956baaded0a64d0b5bb19c21347467273f74a	githooks
75d956baaded0a64d0b5bb19c21347467273f74a	llama-cpp-tk
75d956baaded0a64d0b5bb19c21347467273f74a	mcp
75d956baaded0a64d0b5bb19c21347467273f74a	mdns-inspector
75d956baaded0a64d0b5bb19c21347467273f74a	mouse-pointer
75d956baaded0a64d0b5bb19c21347467273f74a	pictogram
75d956baaded0a64d0b5bb19c21347467273f74a	remove-desktop-ini
75d956baaded0a64d0b5bb19c21347467273f74a	shellex-rust
75d956baaded0a64d0b5bb19c21347467273f74a	static-lunr
75d956baaded0a64d0b5bb19c21347467273f74a	test/add-http-tests-and-fix-stdio
75d956baaded0a64d0b5bb19c21347467273f74a	windows-moukaeritai-work
762edb859993a1aa28a789d7f3f7f0e3fb7e8a0d	9b7310d2-2d5c-4b70-8fd3-f286f3cfc61b
762edb859993a1aa28a789d7f3f7f0e3fb7e8a0d	git-hangup-investigation
762edb859993a1aa28a789d7f3f7f0e3fb7e8a0d	git-lfs-lite
762edb859993a1aa28a789d7f3f7f0e3fb7e8a0d	githooks
762edb859993a1aa28a789d7f3f7f0e3fb7e8a0d	llama-cpp-tk
762edb859993a1aa28a789d7f3f7f0e3fb7e8a0d	mcp
762edb859993a1aa28a789d7f3f7f0e3fb7e8a0d	mdns-inspector
762edb859993a1aa28a789d7f3f7f0e3fb7e8a0d	mouse-pointer
762edb859993a1aa28a789d7f3f7f0e3fb7e8a0d	pictogram
762edb859993a1aa28a789d7f3f7f0e3fb7e8a0d	remove-desktop-ini
762edb859993a1aa28a789d7f3f7f0e3fb7e8a0d	shellex-rust
762edb859993a1aa28a789d7f3f7f0e3fb7e8a0d	static-lunr
762edb859993a1aa28a789d7f3f7f0e3fb7e8a0d	test/add-http-tests-and-fix-stdio
762edb859993a1aa28a789d7f3f7f0e3fb7e8a0d	windows-moukaeritai-work
77286f2587aefde6fcf9383aec51a87025e540ec	9b7310d2-2d5c-4b70-8fd3-f286f3cfc61b
77286f2587aefde6fcf9383aec51a87025e540ec	feat/mcp-filelist-server
77286f2587aefde6fcf9383aec51a87025e540ec	git-hangup-investigation
77286f2587aefde6fcf9383aec51a87025e540ec	git-lfs-lite
77286f2587aefde6fcf9383aec51a87025e540ec	githooks
77286f2587aefde6fcf9383aec51a87025e540ec	llama-cpp-tk
77286f2587aefde6fcf9383aec51a87025e540ec	mcp
77286f2587aefde6fcf9383aec51a87025e540ec	mdns-inspector
77286f2587aefde6fcf9383aec51a87025e540ec	mouse-pointer
77286f2587aefde6fcf9383aec51a87025e540ec	pictogram
77286f2587aefde6fcf9383aec51a87025e540ec	remove-desktop-ini
77286f2587aefde6fcf9383aec51a87025e540ec	shellex-rust
77286f2587aefde6fcf9383aec51a87025e540ec	static-lunr
77286f2587aefde6fcf9383aec51a87025e540ec	test/add-http-tests-and-fix-stdio
77286f2587aefde6fcf9383aec51a87025e540ec	windows-moukaeritai-work
79bc2fc7fb46f75c03941f65ed9c16eb38179879	9b7310d2-2d5c-4b70-8fd3-f286f3cfc61b
79bc2fc7fb46f75c03941f65ed9c16eb38179879	git-hangup-investigation
79bc2fc7fb46f75c03941f65ed9c16eb38179879	git-lfs-lite
79bc2fc7fb46f75c03941f65ed9c16eb38179879	githooks
79bc2fc7fb46f75c03941f65ed9c16eb38179879	llama-cpp-tk
79bc2fc7fb46f75c03941f65ed9c16eb38179879	mcp
79bc2fc7fb46f75c03941f65ed9c16eb38179879	mdns-inspector
79bc2fc7fb46f75c03941f65ed9c16eb38179879	mouse-pointer
79bc2fc7fb46f75c03941f65ed9c16eb38179879	pictogram
79bc2fc7fb46f75c03941f65ed9c16eb38179879	remove-desktop-ini
79bc2fc7fb46f75c03941f65ed9c16eb38179879	shellex-rust
79bc2fc7fb46f75c03941f65ed9c16eb38179879	static-lunr
79bc2fc7fb46f75c03941f65ed9c16eb38179879	test/add-http-tests-and-fix-stdio
79bc2fc7fb46f75c03941f65ed9c16eb38179879	windows-moukaeritai-work
7b6296d37b60c09498c4765cf17998ed1219b766	9b7310d2-2d5c-4b70-8fd3-f286f3cfc61b
7b6296d37b60c09498c4765cf17998ed1219b766	git-hangup-investigation
7b6296d37b60c09498c4765cf17998ed1219b766	git-lfs-lite
7b6296d37b60c09498c4765cf17998ed1219b766	githooks
7b6296d37b60c09498c4765cf17998ed1219b766	llama-cpp-tk
7b6296d37b60c09498c4765cf17998ed1219b766	mcp
7b6296d37b60c09498c4765cf17998ed1219b766	mdns-inspector
7b6296d37b60c09498c4765cf17998ed1219b766	mouse-pointer
7b6296d37b60c09498c4765cf17998ed1219b766	pictogram
7b6296d37b60c09498c4765cf17998ed1219b766	remove-desktop-ini
7b6296d37b60c09498c4765cf17998ed1219b766	shellex-rust
7b6296d37b60c09498c4765cf17998ed1219b766	static-lunr
7b6296d37b60c09498c4765cf17998ed1219b766	test/add-http-tests-and-fix-stdio
7b6296d37b60c09498c4765cf17998ed1219b766	windows-moukaeritai-work
7b7257b1c3b0036284b4db2fdeb95d18605f084b	9b7310d2-2d5c-4b70-8fd3-f286f3cfc61b
7b7257b1c3b0036284b4db2fdeb95d18605f084b	feat/mcp-filelist-server
7b7257b1c3b0036284b4db2fdeb95d18605f084b	git-hangup-investigation
7b7257b1c3b0036284b4db2fdeb95d18605f084b	git-lfs-lite
7b7257b1c3b0036284b4db2fdeb95d18605f084b	githooks
7b7257b1c3b0036284b4db2fdeb95d18605f084b	llama-cpp-tk
7b7257b1c3b0036284b4db2fdeb95d18605f084b	mcp
7b7257b1c3b0036284b4db2fdeb95d18605f084b	mdns-inspector
7b7257b1c3b0036284b4db2fdeb95d18605f084b	mouse-pointer
7b7257b1c3b0036284b4db2fdeb95d18605f084b	pictogram
7b7257b1c3b0036284b4db2fdeb95d18605f084b	remove-desktop-ini
7b7257b1c3b0036284b4db2fdeb95d18605f084b	shellex-rust
7b7257b1c3b0036284b4db2fdeb95d18605f084b	static-lunr
7b7257b1c3b0036284b4db2fdeb95d18605f084b	test/add-http-tests-and-fix-stdio
7b7257b1c3b0036284b4db2fdeb95d18605f084b	windows-moukaeritai-work
7b9e50b8ef1a25ed67ac2396b4fd524557dd8346	9b7310d2-2d5c-4b70-8fd3-f286f3cfc61b
7b9e50b8ef1a25ed67ac2396b4fd524557dd8346	feat/mcp-filelist-server
7b9e50b8ef1a25ed67ac2396b4fd524557dd8346	git-hangup-investigation
7b9e50b8ef1a25ed67ac2396b4fd524557dd8346	git-lfs-lite
7b9e50b8ef1a25ed67ac2396b4fd524557dd8346	githooks
7b9e50b8ef1a25ed67ac2396b4fd524557dd8346	llama-cpp-tk
7b9e50b8ef1a25ed67ac2396b4fd524557dd8346	mcp
7b9e50b8ef1a25ed67ac2396b4fd524557dd8346	mdns-inspector
7b9e50b8ef1a25ed67ac2396b4fd524557dd8346	mouse-pointer
7b9e50b8ef1a25ed67ac2396b4fd524557dd8346	pictogram
7b9e50b8ef1a25ed67ac2396b4fd524557dd8346	remove-desktop-ini
7b9e50b8ef1a25ed67ac2396b4fd524557dd8346	shellex-rust
7b9e50b8ef1a25ed67ac2396b4fd524557dd8346	static-lunr
7b9e50b8ef1a25ed67ac2396b4fd524557dd8346	test/add-http-tests-and-fix-stdio
7b9e50b8ef1a25ed67ac2396b4fd524557dd8346	windows-moukaeritai-work
7d514a7c33a9b285136086215d697378ecb79681	9b7310d2-2d5c-4b70-8fd3-f286f3cfc61b
7d514a7c33a9b285136086215d697378ecb79681	git-hangup-investigation
7d514a7c33a9b285136086215d697378ecb79681	git-lfs-lite
7d514a7c33a9b285136086215d697378ecb79681	githooks
7d514a7c33a9b285136086215d697378ecb79681	llama-cpp-tk
7d514a7c33a9b285136086215d697378ecb79681	mcp
7d514a7c33a9b285136086215d697378ecb79681	mdns-inspector
7d514a7c33a9b285136086215d697378ecb79681	mouse-pointer
7d514a7c33a9b285136086215d697378ecb79681	pictogram
7d514a7c33a9b285136086215d697378ecb79681	remove-desktop-ini
7d514a7c33a9b285136086215d697378ecb79681	shellex-rust
7d514a7c33a9b285136086215d697378ecb79681	static-lunr
7d514a7c33a9b285136086215d697378ecb79681	test/add-http-tests-and-fix-stdio
7d514a7c33a9b285136086215d697378ecb79681	windows-moukaeritai-work
7f5d8d0e10806f864ff33273c19bb31be6aa0dfd	9b7310d2-2d5c-4b70-8fd3-f286f3cfc61b
7f5d8d0e10806f864ff33273c19bb31be6aa0dfd	git-hangup-investigation
7f5d8d0e10806f864ff33273c19bb31be6aa0dfd	git-lfs-lite
7f5d8d0e10806f864ff33273c19bb31be6aa0dfd	githooks
7f5d8d0e10806f864ff33273c19bb31be6aa0dfd	llama-cpp-tk
7f5d8d0e10806f864ff33273c19bb31be6aa0dfd	mcp
7f5d8d0e10806f864ff33273c19bb31be6aa0dfd	mdns-inspector
7f5d8d0e10806f864ff33273c19bb31be6aa0dfd	mouse-pointer
7f5d8d0e10806f864ff33273c19bb31be6aa0dfd	pictogram
7f5d8d0e10806f864ff33273c19bb31be6aa0dfd	remove-desktop-ini
7f5d8d0e10806f864ff33273c19bb31be6aa0dfd	shellex-rust
7f5d8d0e10806f864ff33273c19bb31be6aa0dfd	static-lunr
7f5d8d0e10806f864ff33273c19bb31be6aa0dfd	test/add-http-tests-and-fix-stdio
7f5d8d0e10806f864ff33273c19bb31be6aa0dfd	windows-moukaeritai-work
7fd07627291dfd17321fc21897a4e6ba225ae073	9b7310d2-2d5c-4b70-8fd3-f286f3cfc61b
7fd07627291dfd17321fc21897a4e6ba225ae073	git-hangup-investigation
7fd07627291dfd17321fc21897a4e6ba225ae073	git-lfs-lite
7fd07627291dfd17321fc21897a4e6ba225ae073	githooks
7fd07627291dfd17321fc21897a4e6ba225ae073	llama-cpp-tk
7fd07627291dfd17321fc21897a4e6ba225ae073	mcp
7fd07627291dfd17321fc21897a4e6ba225ae073	mdns-inspector
7fd07627291dfd17321fc21897a4e6ba225ae073	mouse-pointer
7fd07627291dfd17321fc21897a4e6ba225ae073	pictogram
7fd07627291dfd17321fc21897a4e6ba225ae073	remove-desktop-ini
7fd07627291dfd17321fc21897a4e6ba225ae073	shellex-rust
7fd07627291dfd17321fc21897a4e6ba225ae073	static-lunr
7fd07627291dfd17321fc21897a4e6ba225ae073	test/add-http-tests-and-fix-stdio
7fd07627291dfd17321fc21897a4e6ba225ae073	windows-moukaeritai-work
81162fe9512ca941dd18a868a0935b975a95a570	9b7310d2-2d5c-4b70-8fd3-f286f3cfc61b
81162fe9512ca941dd18a868a0935b975a95a570	feat/mcp-filelist-server
81162fe9512ca941dd18a868a0935b975a95a570	git-hangup-investigation
81162fe9512ca941dd18a868a0935b975a95a570	git-lfs-lite
81162fe9512ca941dd18a868a0935b975a95a570	githooks
81162fe9512ca941dd18a868a0935b975a95a570	llama-cpp-tk
81162fe9512ca941dd18a868a0935b975a95a570	mcp
81162fe9512ca941dd18a868a0935b975a95a570	mdns-inspector
81162fe9512ca941dd18a868a0935b975a95a570	mouse-pointer
81162fe9512ca941dd18a868a0935b975a95a570	pictogram
81162fe9512ca941dd18a868a0935b975a95a570	remove-desktop-ini
81162fe9512ca941dd18a868a0935b975a95a570	shellex-rust
81162fe9512ca941dd18a868a0935b975a95a570	static-lunr
81162fe9512ca941dd18a868a0935b975a95a570	test/add-http-tests-and-fix-stdio
81162fe9512ca941dd18a868a0935b975a95a570	windows-moukaeritai-work
81b60d0abf5c4c602b7515c320413a03564004b8	9b7310d2-2d5c-4b70-8fd3-f286f3cfc61b
81b60d0abf5c4c602b7515c320413a03564004b8	feat/mcp-filelist-server
81b60d0abf5c4c602b7515c320413a03564004b8	git-hangup-investigation
81b60d0abf5c4c602b7515c320413a03564004b8	git-lfs-lite
81b60d0abf5c4c602b7515c320413a03564004b8	githooks
81b60d0abf5c4c602b7515c320413a03564004b8	llama-cpp-tk
81b60d0abf5c4c602b7515c320413a03564004b8	mcp
81b60d0abf5c4c602b7515c320413a03564004b8	mdns-inspector
81b60d0abf5c4c602b7515c320413a03564004b8	mouse-pointer
81b60d0abf5c4c602b7515c320413a03564004b8	pictogram
81b60d0abf5c4c602b7515c320413a03564004b8	remove-desktop-ini
81b60d0abf5c4c602b7515c320413a03564004b8	shellex-rust
81b60d0abf5c4c602b7515c320413a03564004b8	static-lunr
81b60d0abf5c4c602b7515c320413a03564004b8	test/add-http-tests-and-fix-stdio
81b60d0abf5c4c602b7515c320413a03564004b8	windows-moukaeritai-work
81e872dd401c006bd0e7e5ca7ac7e92f786bb8fb	9b7310d2-2d5c-4b70-8fd3-f286f3cfc61b
81e872dd401c006bd0e7e5ca7ac7e92f786bb8fb	feat/mcp-filelist-server
81e872dd401c006bd0e7e5ca7ac7e92f786bb8fb	git-hangup-investigation
81e872dd401c006bd0e7e5ca7ac7e92f786bb8fb	git-lfs-lite
81e872dd401c006bd0e7e5ca7ac7e92f786bb8fb	githooks
81e872dd401c006bd0e7e5ca7ac7e92f786bb8fb	llama-cpp-tk
81e872dd401c006bd0e7e5ca7ac7e92f786bb8fb	mcp
81e872dd401c006bd0e7e5ca7ac7e92f786bb8fb	mdns-inspector
81e872dd401c006bd0e7e5ca7ac7e92f786bb8fb	mouse-pointer
81e872dd401c006bd0e7e5ca7ac7e92f786bb8fb	pictogram
81e872dd401c006bd0e7e5ca7ac7e92f786bb8fb	remove-desktop-ini
81e872dd401c006bd0e7e5ca7ac7e92f786bb8fb	shellex-rust
81e872dd401c006bd0e7e5ca7ac7e92f786bb8fb	static-lunr
81e872dd401c006bd0e7e5ca7ac7e92f786bb8fb	test/add-http-tests-and-fix-stdio
81e872dd401c006bd0e7e5ca7ac7e92f786bb8fb	windows-moukaeritai-work
825ea95ff7be05212c1e88dabc44ff88035979e7	9b7310d2-2d5c-4b70-8fd3-f286f3cfc61b
825ea95ff7be05212c1e88dabc44ff88035979e7	git-hangup-investigation
825ea95ff7be05212c1e88dabc44ff88035979e7	git-lfs-lite
825ea95ff7be05212c1e88dabc44ff88035979e7	githooks
825ea95ff7be05212c1e88dabc44ff88035979e7	llama-cpp-tk
825ea95ff7be05212c1e88dabc44ff88035979e7	mcp
825ea95ff7be05212c1e88dabc44ff88035979e7	mdns-inspector
825ea95ff7be05212c1e88dabc44ff88035979e7	mouse-pointer
825ea95ff7be05212c1e88dabc44ff88035979e7	pictogram
825ea95ff7be05212c1e88dabc44ff88035979e7	remove-desktop-ini
825ea95ff7be05212c1e88dabc44ff88035979e7	shellex-rust
825ea95ff7be05212c1e88dabc44ff88035979e7	static-lunr
825ea95ff7be05212c1e88dabc44ff88035979e7	test/add-http-tests-and-fix-stdio
825ea95ff7be05212c1e88dabc44ff88035979e7	windows-moukaeritai-work
831f779399941258ea645c16dc862b97a26b8ef6	9b7310d2-2d5c-4b70-8fd3-f286f3cfc61b
831f779399941258ea645c16dc862b97a26b8ef6	git-hangup-investigation
831f779399941258ea645c16dc862b97a26b8ef6	git-lfs-lite
831f779399941258ea645c16dc862b97a26b8ef6	githooks
831f779399941258ea645c16dc862b97a26b8ef6	llama-cpp-tk
831f779399941258ea645c16dc862b97a26b8ef6	mcp
831f779399941258ea645c16dc862b97a26b8ef6	mdns-inspector
831f779399941258ea645c16dc862b97a26b8ef6	mouse-pointer
831f779399941258ea645c16dc862b97a26b8ef6	pictogram
831f779399941258ea645c16dc862b97a26b8ef6	remove-desktop-ini
831f779399941258ea645c16dc862b97a26b8ef6	shellex-rust
831f779399941258ea645c16dc862b97a26b8ef6	static-lunr
831f779399941258ea645c16dc862b97a26b8ef6	test/add-http-tests-and-fix-stdio
831f779399941258ea645c16dc862b97a26b8ef6	windows-moukaeritai-work
83fde78c23f63c6fe7933322564943e432f10413	9b7310d2-2d5c-4b70-8fd3-f286f3cfc61b
83fde78c23f63c6fe7933322564943e432f10413	git-hangup-investigation
83fde78c23f63c6fe7933322564943e432f10413	git-lfs-lite
83fde78c23f63c6fe7933322564943e432f10413	githooks
83fde78c23f63c6fe7933322564943e432f10413	llama-cpp-tk
83fde78c23f63c6fe7933322564943e432f10413	mcp
83fde78c23f63c6fe7933322564943e432f10413	mdns-inspector
83fde78c23f63c6fe7933322564943e432f10413	mouse-pointer
83fde78c23f63c6fe7933322564943e432f10413	pictogram
83fde78c23f63c6fe7933322564943e432f10413	remove-desktop-ini
83fde78c23f63c6fe7933322564943e432f10413	shellex-rust
83fde78c23f63c6fe7933322564943e432f10413	static-lunr
83fde78c23f63c6fe7933322564943e432f10413	test/add-http-tests-and-fix-stdio
83fde78c23f63c6fe7933322564943e432f10413	windows-moukaeritai-work
862601335c4ce6e960ea6c3e537e78e2cddea6ae	9b7310d2-2d5c-4b70-8fd3-f286f3cfc61b
862601335c4ce6e960ea6c3e537e78e2cddea6ae	feat/mcp-filelist-server
862601335c4ce6e960ea6c3e537e78e2cddea6ae	git-hangup-investigation
862601335c4ce6e960ea6c3e537e78e2cddea6ae	git-lfs-lite
862601335c4ce6e960ea6c3e537e78e2cddea6ae	githooks
862601335c4ce6e960ea6c3e537e78e2cddea6ae	llama-cpp-tk
862601335c4ce6e960ea6c3e537e78e2cddea6ae	mcp
862601335c4ce6e960ea6c3e537e78e2cddea6ae	mdns-inspector
862601335c4ce6e960ea6c3e537e78e2cddea6ae	mouse-pointer
862601335c4ce6e960ea6c3e537e78e2cddea6ae	pictogram
862601335c4ce6e960ea6c3e537e78e2cddea6ae	remove-desktop-ini
862601335c4ce6e960ea6c3e537e78e2cddea6ae	shellex-rust
862601335c4ce6e960ea6c3e537e78e2cddea6ae	static-lunr
862601335c4ce6e960ea6c3e537e78e2cddea6ae	test/add-http-tests-and-fix-stdio
862601335c4ce6e960ea6c3e537e78e2cddea6ae	windows-moukaeritai-work
8669638d148464ad0af21664eb2932807f89f364	9b7310d2-2d5c-4b70-8fd3-f286f3cfc61b
8669638d148464ad0af21664eb2932807f89f364	git-hangup-investigation
8669638d148464ad0af21664eb2932807f89f364	git-lfs-lite
8669638d148464ad0af21664eb2932807f89f364	githooks
8669638d148464ad0af21664eb2932807f89f364	llama-cpp-tk
8669638d148464ad0af21664eb2932807f89f364	mcp
8669638d148464ad0af21664eb2932807f89f364	mdns-inspector
8669638d148464ad0af21664eb2932807f89f364	mouse-pointer
8669638d148464ad0af21664eb2932807f89f364	pictogram
8669638d148464ad0af21664eb2932807f89f364	remove-desktop-ini
8669638d148464ad0af21664eb2932807f89f364	shellex-rust
8669638d148464ad0af21664eb2932807f89f364	static-lunr
8669638d148464ad0af21664eb2932807f89f364	test/add-http-tests-and-fix-stdio
8669638d148464ad0af21664eb2932807f89f364	windows-moukaeritai-work
86831306ff5f39696b2ee68c32f4a55ba941526e	9b7310d2-2d5c-4b70-8fd3-f286f3cfc61b
86831306ff5f39696b2ee68c32f4a55ba941526e	git-hangup-investigation
86831306ff5f39696b2ee68c32f4a55ba941526e	git-lfs-lite
86831306ff5f39696b2ee68c32f4a55ba941526e	githooks
86831306ff5f39696b2ee68c32f4a55ba941526e	llama-cpp-tk
86831306ff5f39696b2ee68c32f4a55ba941526e	mcp
86831306ff5f39696b2ee68c32f4a55ba941526e	mdns-inspector
86831306ff5f39696b2ee68c32f4a55ba941526e	mouse-pointer
86831306ff5f39696b2ee68c32f4a55ba941526e	pictogram
86831306ff5f39696b2ee68c32f4a55ba941526e	remove-desktop-ini
86831306ff5f39696b2ee68c32f4a55ba941526e	shellex-rust
86831306ff5f39696b2ee68c32f4a55ba941526e	static-lunr
86831306ff5f39696b2ee68c32f4a55ba941526e	test/add-http-tests-and-fix-stdio
86831306ff5f39696b2ee68c32f4a55ba941526e	windows-moukaeritai-work
86b319ecba443c0ed14eeeec09dbda9c31b9d84e	9b7310d2-2d5c-4b70-8fd3-f286f3cfc61b
86b319ecba443c0ed14eeeec09dbda9c31b9d84e	feat/mcp-filelist-server
86b319ecba443c0ed14eeeec09dbda9c31b9d84e	git-hangup-investigation
86b319ecba443c0ed14eeeec09dbda9c31b9d84e	git-lfs-lite
86b319ecba443c0ed14eeeec09dbda9c31b9d84e	githooks
86b319ecba443c0ed14eeeec09dbda9c31b9d84e	llama-cpp-tk
86b319ecba443c0ed14eeeec09dbda9c31b9d84e	mcp
86b319ecba443c0ed14eeeec09dbda9c31b9d84e	mdns-inspector
86b319ecba443c0ed14eeeec09dbda9c31b9d84e	mouse-pointer
86b319ecba443c0ed14eeeec09dbda9c31b9d84e	pictogram
86b319ecba443c0ed14eeeec09dbda9c31b9d84e	remove-desktop-ini
86b319ecba443c0ed14eeeec09dbda9c31b9d84e	shellex-rust
86b319ecba443c0ed14eeeec09dbda9c31b9d84e	static-lunr
86b319ecba443c0ed14eeeec09dbda9c31b9d84e	test/add-http-tests-and-fix-stdio
86b319ecba443c0ed14eeeec09dbda9c31b9d84e	windows-moukaeritai-work
86fdcbecff55da5d88954e14f10b5ac0e615fa4d	9b7310d2-2d5c-4b70-8fd3-f286f3cfc61b
86fdcbecff55da5d88954e14f10b5ac0e615fa4d	git-hangup-investigation
86fdcbecff55da5d88954e14f10b5ac0e615fa4d	git-lfs-lite
86fdcbecff55da5d88954e14f10b5ac0e615fa4d	githooks
86fdcbecff55da5d88954e14f10b5ac0e615fa4d	llama-cpp-tk
86fdcbecff55da5d88954e14f10b5ac0e615fa4d	mcp
86fdcbecff55da5d88954e14f10b5ac0e615fa4d	mdns-inspector
86fdcbecff55da5d88954e14f10b5ac0e615fa4d	mouse-pointer
86fdcbecff55da5d88954e14f10b5ac0e615fa4d	pictogram
86fdcbecff55da5d88954e14f10b5ac0e615fa4d	remove-desktop-ini
86fdcbecff55da5d88954e14f10b5ac0e615fa4d	shellex-rust
86fdcbecff55da5d88954e14f10b5ac0e615fa4d	static-lunr
86fdcbecff55da5d88954e14f10b5ac0e615fa4d	test/add-http-tests-and-fix-stdio
86fdcbecff55da5d88954e14f10b5ac0e615fa4d	windows-moukaeritai-work
872d8b47789ae11ebbaedebb1cad4d9b1d9bdb5c	9b7310d2-2d5c-4b70-8fd3-f286f3cfc61b
872d8b47789ae11ebbaedebb1cad4d9b1d9bdb5c	git-hangup-investigation
872d8b47789ae11ebbaedebb1cad4d9b1d9bdb5c	git-lfs-lite
872d8b47789ae11ebbaedebb1cad4d9b1d9bdb5c	githooks
872d8b47789ae11ebbaedebb1cad4d9b1d9bdb5c	llama-cpp-tk
872d8b47789ae11ebbaedebb1cad4d9b1d9bdb5c	mcp
872d8b47789ae11ebbaedebb1cad4d9b1d9bdb5c	mdns-inspector
872d8b47789ae11ebbaedebb1cad4d9b1d9bdb5c	mouse-pointer
872d8b47789ae11ebbaedebb1cad4d9b1d9bdb5c	pictogram
872d8b47789ae11ebbaedebb1cad4d9b1d9bdb5c	remove-desktop-ini
872d8b47789ae11ebbaedebb1cad4d9b1d9bdb5c	shellex-rust
872d8b47789ae11ebbaedebb1cad4d9b1d9bdb5c	static-lunr
872d8b47789ae11ebbaedebb1cad4d9b1d9bdb5c	test/add-http-tests-and-fix-stdio
872d8b47789ae11ebbaedebb1cad4d9b1d9bdb5c	windows-moukaeritai-work
872f4473f31de1d714905a42b56a6a1531dbef4f	9b7310d2-2d5c-4b70-8fd3-f286f3cfc61b
872f4473f31de1d714905a42b56a6a1531dbef4f	git-hangup-investigation
872f4473f31de1d714905a42b56a6a1531dbef4f	git-lfs-lite
872f4473f31de1d714905a42b56a6a1531dbef4f	githooks
872f4473f31de1d714905a42b56a6a1531dbef4f	llama-cpp-tk
872f4473f31de1d714905a42b56a6a1531dbef4f	mcp
872f4473f31de1d714905a42b56a6a1531dbef4f	mdns-inspector
872f4473f31de1d714905a42b56a6a1531dbef4f	mouse-pointer
872f4473f31de1d714905a42b56a6a1531dbef4f	pictogram
872f4473f31de1d714905a42b56a6a1531dbef4f	remove-desktop-ini
872f4473f31de1d714905a42b56a6a1531dbef4f	shellex-rust
872f4473f31de1d714905a42b56a6a1531dbef4f	static-lunr
872f4473f31de1d714905a42b56a6a1531dbef4f	test/add-http-tests-and-fix-stdio
872f4473f31de1d714905a42b56a6a1531dbef4f	windows-moukaeritai-work
878cdc58d3c2f999c59aac09e4617d5be71c395a	9b7310d2-2d5c-4b70-8fd3-f286f3cfc61b
878cdc58d3c2f999c59aac09e4617d5be71c395a	git-hangup-investigation
878cdc58d3c2f999c59aac09e4617d5be71c395a	git-lfs-lite
878cdc58d3c2f999c59aac09e4617d5be71c395a	githooks
878cdc58d3c2f999c59aac09e4617d5be71c395a	llama-cpp-tk
878cdc58d3c2f999c59aac09e4617d5be71c395a	mcp
878cdc58d3c2f999c59aac09e4617d5be71c395a	mdns-inspector
878cdc58d3c2f999c59aac09e4617d5be71c395a	mouse-pointer
878cdc58d3c2f999c59aac09e4617d5be71c395a	pictogram
878cdc58d3c2f999c59aac09e4617d5be71c395a	remove-desktop-ini
878cdc58d3c2f999c59aac09e4617d5be71c395a	shellex-rust
878cdc58d3c2f999c59aac09e4617d5be71c395a	static-lunr
878cdc58d3c2f999c59aac09e4617d5be71c395a	test/add-http-tests-and-fix-stdio
878cdc58d3c2f999c59aac09e4617d5be71c395a	windows-moukaeritai-work
88681e89c9245172fcdaa7eda5e183b1402f5dc5	9b7310d2-2d5c-4b70-8fd3-f286f3cfc61b
88681e89c9245172fcdaa7eda5e183b1402f5dc5	git-hangup-investigation
88681e89c9245172fcdaa7eda5e183b1402f5dc5	git-lfs-lite
88681e89c9245172fcdaa7eda5e183b1402f5dc5	githooks
88681e89c9245172fcdaa7eda5e183b1402f5dc5	llama-cpp-tk
88681e89c9245172fcdaa7eda5e183b1402f5dc5	mcp
88681e89c9245172fcdaa7eda5e183b1402f5dc5	mdns-inspector
88681e89c9245172fcdaa7eda5e183b1402f5dc5	mouse-pointer
88681e89c9245172fcdaa7eda5e183b1402f5dc5	pictogram
88681e89c9245172fcdaa7eda5e183b1402f5dc5	remove-desktop-ini
88681e89c9245172fcdaa7eda5e183b1402f5dc5	shellex-rust
88681e89c9245172fcdaa7eda5e183b1402f5dc5	static-lunr
88681e89c9245172fcdaa7eda5e183b1402f5dc5	test/add-http-tests-and-fix-stdio
88681e89c9245172fcdaa7eda5e183b1402f5dc5	windows-moukaeritai-work
894a03360ac50c855501425c4e6f64781a5b20a2	9b7310d2-2d5c-4b70-8fd3-f286f3cfc61b
894a03360ac50c855501425c4e6f64781a5b20a2	feat/mcp-filelist-server
894a03360ac50c855501425c4e6f64781a5b20a2	git-hangup-investigation
894a03360ac50c855501425c4e6f64781a5b20a2	git-lfs-lite
894a03360ac50c855501425c4e6f64781a5b20a2	githooks
894a03360ac50c855501425c4e6f64781a5b20a2	llama-cpp-tk
894a03360ac50c855501425c4e6f64781a5b20a2	mcp
894a03360ac50c855501425c4e6f64781a5b20a2	mdns-inspector
894a03360ac50c855501425c4e6f64781a5b20a2	mouse-pointer
894a03360ac50c855501425c4e6f64781a5b20a2	pictogram
894a03360ac50c855501425c4e6f64781a5b20a2	remove-desktop-ini
894a03360ac50c855501425c4e6f64781a5b20a2	shellex-rust
894a03360ac50c855501425c4e6f64781a5b20a2	static-lunr
894a03360ac50c855501425c4e6f64781a5b20a2	test/add-http-tests-and-fix-stdio
894a03360ac50c855501425c4e6f64781a5b20a2	windows-moukaeritai-work
8ba3c7d24f5e7d5b1ba8a6851487bafe816e97f6	9b7310d2-2d5c-4b70-8fd3-f286f3cfc61b
8ba3c7d24f5e7d5b1ba8a6851487bafe816e97f6	git-hangup-investigation
8ba3c7d24f5e7d5b1ba8a6851487bafe816e97f6	git-lfs-lite
8ba3c7d24f5e7d5b1ba8a6851487bafe816e97f6	githooks
8ba3c7d24f5e7d5b1ba8a6851487bafe816e97f6	llama-cpp-tk
8ba3c7d24f5e7d5b1ba8a6851487bafe816e97f6	mcp
8ba3c7d24f5e7d5b1ba8a6851487bafe816e97f6	mdns-inspector
8ba3c7d24f5e7d5b1ba8a6851487bafe816e97f6	mouse-pointer
8ba3c7d24f5e7d5b1ba8a6851487bafe816e97f6	pictogram
8ba3c7d24f5e7d5b1ba8a6851487bafe816e97f6	remove-desktop-ini
8ba3c7d24f5e7d5b1ba8a6851487bafe816e97f6	shellex-rust
8ba3c7d24f5e7d5b1ba8a6851487bafe816e97f6	static-lunr
8ba3c7d24f5e7d5b1ba8a6851487bafe816e97f6	test/add-http-tests-and-fix-stdio
8ba3c7d24f5e7d5b1ba8a6851487bafe816e97f6	windows-moukaeritai-work
8c7f473b2556b4d73bcda8af874c0c10805cf4c3	9b7310d2-2d5c-4b70-8fd3-f286f3cfc61b
8c7f473b2556b4d73bcda8af874c0c10805cf4c3	git-hangup-investigation
8c7f473b2556b4d73bcda8af874c0c10805cf4c3	git-lfs-lite
8c7f473b2556b4d73bcda8af874c0c10805cf4c3	githooks
8c7f473b2556b4d73bcda8af874c0c10805cf4c3	llama-cpp-tk
8c7f473b2556b4d73bcda8af874c0c10805cf4c3	mcp
8c7f473b2556b4d73bcda8af874c0c10805cf4c3	mdns-inspector
8c7f473b2556b4d73bcda8af874c0c10805cf4c3	mouse-pointer
8c7f473b2556b4d73bcda8af874c0c10805cf4c3	pictogram
8c7f473b2556b4d73bcda8af874c0c10805cf4c3	remove-desktop-ini
8c7f473b2556b4d73bcda8af874c0c10805cf4c3	shellex-rust
8c7f473b2556b4d73bcda8af874c0c10805cf4c3	static-lunr
8c7f473b2556b4d73bcda8af874c0c10805cf4c3	test/add-http-tests-and-fix-stdio
8c7f473b2556b4d73bcda8af874c0c10805cf4c3	windows-moukaeritai-work
8cfe5cfe6f8b08da503c6481ba9321c7790f8d24	9b7310d2-2d5c-4b70-8fd3-f286f3cfc61b
8cfe5cfe6f8b08da503c6481ba9321c7790f8d24	git-hangup-investigation
8cfe5cfe6f8b08da503c6481ba9321c7790f8d24	git-lfs-lite
8cfe5cfe6f8b08da503c6481ba9321c7790f8d24	githooks
8cfe5cfe6f8b08da503c6481ba9321c7790f8d24	llama-cpp-tk
8cfe5cfe6f8b08da503c6481ba9321c7790f8d24	mcp
8cfe5cfe6f8b08da503c6481ba9321c7790f8d24	mdns-inspector
8cfe5cfe6f8b08da503c6481ba9321c7790f8d24	mouse-pointer
8cfe5cfe6f8b08da503c6481ba9321c7790f8d24	pictogram
8cfe5cfe6f8b08da503c6481ba9321c7790f8d24	remove-desktop-ini
8cfe5cfe6f8b08da503c6481ba9321c7790f8d24	shellex-rust
8cfe5cfe6f8b08da503c6481ba9321c7790f8d24	static-lunr
8cfe5cfe6f8b08da503c6481ba9321c7790f8d24	test/add-http-tests-and-fix-stdio
8cfe5cfe6f8b08da503c6481ba9321c7790f8d24	windows-moukaeritai-work
8d249a89dd1c73eaebd137301590c1d063a4bdd0	9b7310d2-2d5c-4b70-8fd3-f286f3cfc61b
8d249a89dd1c73eaebd137301590c1d063a4bdd0	git-hangup-investigation
8d249a89dd1c73eaebd137301590c1d063a4bdd0	git-lfs-lite
8d249a89dd1c73eaebd137301590c1d063a4bdd0	githooks
8d249a89dd1c73eaebd137301590c1d063a4bdd0	llama-cpp-tk
8d249a89dd1c73eaebd137301590c1d063a4bdd0	mcp
8d249a89dd1c73eaebd137301590c1d063a4bdd0	mdns-inspector
8d249a89dd1c73eaebd137301590c1d063a4bdd0	mouse-pointer
8d249a89dd1c73eaebd137301590c1d063a4bdd0	pictogram
8d249a89dd1c73eaebd137301590c1d063a4bdd0	remove-desktop-ini
8d249a89dd1c73eaebd137301590c1d063a4bdd0	shellex-rust
8d249a89dd1c73eaebd137301590c1d063a4bdd0	static-lunr
8d249a89dd1c73eaebd137301590c1d063a4bdd0	test/add-http-tests-and-fix-stdio
8d249a89dd1c73eaebd137301590c1d063a4bdd0	windows-moukaeritai-work
8d5f6707c11789768be2f5031844d35187e51fc2	9b7310d2-2d5c-4b70-8fd3-f286f3cfc61b
8d5f6707c11789768be2f5031844d35187e51fc2	git-hangup-investigation
8d5f6707c11789768be2f5031844d35187e51fc2	git-lfs-lite
8d5f6707c11789768be2f5031844d35187e51fc2	githooks
8d5f6707c11789768be2f5031844d35187e51fc2	llama-cpp-tk
8d5f6707c11789768be2f5031844d35187e51fc2	mcp
8d5f6707c11789768be2f5031844d35187e51fc2	mdns-inspector
8d5f6707c11789768be2f5031844d35187e51fc2	mouse-pointer
8d5f6707c11789768be2f5031844d35187e51fc2	pictogram
8d5f6707c11789768be2f5031844d35187e51fc2	remove-desktop-ini
8d5f6707c11789768be2f5031844d35187e51fc2	shellex-rust
8d5f6707c11789768be2f5031844d35187e51fc2	static-lunr
8d5f6707c11789768be2f5031844d35187e51fc2	test/add-http-tests-and-fix-stdio
8d5f6707c11789768be2f5031844d35187e51fc2	windows-moukaeritai-work
8f076bf1297b23f2669469991694c3f73c79d245	9b7310d2-2d5c-4b70-8fd3-f286f3cfc61b
8f076bf1297b23f2669469991694c3f73c79d245	git-hangup-investigation
8f076bf1297b23f2669469991694c3f73c79d245	git-lfs-lite
8f076bf1297b23f2669469991694c3f73c79d245	githooks
8f076bf1297b23f2669469991694c3f73c79d245	llama-cpp-tk
8f076bf1297b23f2669469991694c3f73c79d245	mcp
8f076bf1297b23f2669469991694c3f73c79d245	mdns-inspector
8f076bf1297b23f2669469991694c3f73c79d245	mouse-pointer
8f076bf1297b23f2669469991694c3f73c79d245	pictogram
8f076bf1297b23f2669469991694c3f73c79d245	remove-desktop-ini
8f076bf1297b23f2669469991694c3f73c79d245	shellex-rust
8f076bf1297b23f2669469991694c3f73c79d245	static-lunr
8f076bf1297b23f2669469991694c3f73c79d245	test/add-http-tests-and-fix-stdio
8f076bf1297b23f2669469991694c3f73c79d245	windows-moukaeritai-work
901531658b23c7052ac4eb49e0cdfc332da1ccb1	9b7310d2-2d5c-4b70-8fd3-f286f3cfc61b
901531658b23c7052ac4eb49e0cdfc332da1ccb1	feat/mcp-filelist-server
901531658b23c7052ac4eb49e0cdfc332da1ccb1	git-hangup-investigation
901531658b23c7052ac4eb49e0cdfc332da1ccb1	git-lfs-lite
901531658b23c7052ac4eb49e0cdfc332da1ccb1	githooks
901531658b23c7052ac4eb49e0cdfc332da1ccb1	llama-cpp-tk
901531658b23c7052ac4eb49e0cdfc332da1ccb1	mcp
901531658b23c7052ac4eb49e0cdfc332da1ccb1	mdns-inspector
901531658b23c7052ac4eb49e0cdfc332da1ccb1	mouse-pointer
901531658b23c7052ac4eb49e0cdfc332da1ccb1	pictogram
901531658b23c7052ac4eb49e0cdfc332da1ccb1	remove-desktop-ini
901531658b23c7052ac4eb49e0cdfc332da1ccb1	shellex-rust
901531658b23c7052ac4eb49e0cdfc332da1ccb1	static-lunr
901531658b23c7052ac4eb49e0cdfc332da1ccb1	test/add-http-tests-and-fix-stdio
901531658b23c7052ac4eb49e0cdfc332da1ccb1	windows-moukaeritai-work
9063400778ef5395894e90c4a22aa72277ffb797	9b7310d2-2d5c-4b70-8fd3-f286f3cfc61b
9063400778ef5395894e90c4a22aa72277ffb797	git-hangup-investigation
9063400778ef5395894e90c4a22aa72277ffb797	git-lfs-lite
9063400778ef5395894e90c4a22aa72277ffb797	githooks
9063400778ef5395894e90c4a22aa72277ffb797	llama-cpp-tk
9063400778ef5395894e90c4a22aa72277ffb797	mcp
9063400778ef5395894e90c4a22aa72277ffb797	mdns-inspector
9063400778ef5395894e90c4a22aa72277ffb797	mouse-pointer
9063400778ef5395894e90c4a22aa72277ffb797	pictogram
9063400778ef5395894e90c4a22aa72277ffb797	remove-desktop-ini
9063400778ef5395894e90c4a22aa72277ffb797	shellex-rust
9063400778ef5395894e90c4a22aa72277ffb797	static-lunr
9063400778ef5395894e90c4a22aa72277ffb797	test/add-http-tests-and-fix-stdio
9063400778ef5395894e90c4a22aa72277ffb797	windows-moukaeritai-work
909e9c42dae97ca49cf4cfe6c8430ccdc2dae22b	9b7310d2-2d5c-4b70-8fd3-f286f3cfc61b
909e9c42dae97ca49cf4cfe6c8430ccdc2dae22b	feat/mcp-filelist-server
909e9c42dae97ca49cf4cfe6c8430ccdc2dae22b	git-hangup-investigation
909e9c42dae97ca49cf4cfe6c8430ccdc2dae22b	git-lfs-lite
909e9c42dae97ca49cf4cfe6c8430ccdc2dae22b	githooks
909e9c42dae97ca49cf4cfe6c8430ccdc2dae22b	llama-cpp-tk
909e9c42dae97ca49cf4cfe6c8430ccdc2dae22b	mcp
909e9c42dae97ca49cf4cfe6c8430ccdc2dae22b	mdns-inspector
909e9c42dae97ca49cf4cfe6c8430ccdc2dae22b	mouse-pointer
909e9c42dae97ca49cf4cfe6c8430ccdc2dae22b	pictogram
909e9c42dae97ca49cf4cfe6c8430ccdc2dae22b	remove-desktop-ini
909e9c42dae97ca49cf4cfe6c8430ccdc2dae22b	shellex-rust
909e9c42dae97ca49cf4cfe6c8430ccdc2dae22b	static-lunr
909e9c42dae97ca49cf4cfe6c8430ccdc2dae22b	test/add-http-tests-and-fix-stdio
909e9c42dae97ca49cf4cfe6c8430ccdc2dae22b	windows-moukaeritai-work
91a2e393e6439878e5e147b4c7ab071093f70766	9b7310d2-2d5c-4b70-8fd3-f286f3cfc61b
91a2e393e6439878e5e147b4c7ab071093f70766	git-hangup-investigation
91a2e393e6439878e5e147b4c7ab071093f70766	git-lfs-lite
91a2e393e6439878e5e147b4c7ab071093f70766	githooks
91a2e393e6439878e5e147b4c7ab071093f70766	llama-cpp-tk
91a2e393e6439878e5e147b4c7ab071093f70766	mcp
91a2e393e6439878e5e147b4c7ab071093f70766	mdns-inspector
91a2e393e6439878e5e147b4c7ab071093f70766	mouse-pointer
91a2e393e6439878e5e147b4c7ab071093f70766	pictogram
91a2e393e6439878e5e147b4c7ab071093f70766	remove-desktop-ini
91a2e393e6439878e5e147b4c7ab071093f70766	shellex-rust
91a2e393e6439878e5e147b4c7ab071093f70766	static-lunr
91a2e393e6439878e5e147b4c7ab071093f70766	test/add-http-tests-and-fix-stdio
91a2e393e6439878e5e147b4c7ab071093f70766	windows-moukaeritai-work
92729e4fa4886e4a41f84e7a027404d217d0c4a5	9b7310d2-2d5c-4b70-8fd3-f286f3cfc61b
92729e4fa4886e4a41f84e7a027404d217d0c4a5	git-hangup-investigation
92729e4fa4886e4a41f84e7a027404d217d0c4a5	git-lfs-lite
92729e4fa4886e4a41f84e7a027404d217d0c4a5	githooks
92729e4fa4886e4a41f84e7a027404d217d0c4a5	llama-cpp-tk
92729e4fa4886e4a41f84e7a027404d217d0c4a5	mcp
92729e4fa4886e4a41f84e7a027404d217d0c4a5	mdns-inspector
92729e4fa4886e4a41f84e7a027404d217d0c4a5	mouse-pointer
92729e4fa4886e4a41f84e7a027404d217d0c4a5	pictogram
92729e4fa4886e4a41f84e7a027404d217d0c4a5	remove-desktop-ini
92729e4fa4886e4a41f84e7a027404d217d0c4a5	shellex-rust
92729e4fa4886e4a41f84e7a027404d217d0c4a5	static-lunr
92729e4fa4886e4a41f84e7a027404d217d0c4a5	test/add-http-tests-and-fix-stdio
92729e4fa4886e4a41f84e7a027404d217d0c4a5	windows-moukaeritai-work
92cbc97165d9961af1cbda5462ca975712fd335e	9b7310d2-2d5c-4b70-8fd3-f286f3cfc61b
92cbc97165d9961af1cbda5462ca975712fd335e	git-hangup-investigation
92cbc97165d9961af1cbda5462ca975712fd335e	git-lfs-lite
92cbc97165d9961af1cbda5462ca975712fd335e	githooks
92cbc97165d9961af1cbda5462ca975712fd335e	llama-cpp-tk
92cbc97165d9961af1cbda5462ca975712fd335e	mcp
92cbc97165d9961af1cbda5462ca975712fd335e	mdns-inspector
92cbc97165d9961af1cbda5462ca975712fd335e	mouse-pointer
92cbc97165d9961af1cbda5462ca975712fd335e	pictogram
92cbc97165d9961af1cbda5462ca975712fd335e	remove-desktop-ini
92cbc97165d9961af1cbda5462ca975712fd335e	shellex-rust
92cbc97165d9961af1cbda5462ca975712fd335e	static-lunr
92cbc97165d9961af1cbda5462ca975712fd335e	test/add-http-tests-and-fix-stdio
92cbc97165d9961af1cbda5462ca975712fd335e	windows-moukaeritai-work
9303402e6d2d1ab7feb0375fe4c28bf7189c9e81	9b7310d2-2d5c-4b70-8fd3-f286f3cfc61b
9303402e6d2d1ab7feb0375fe4c28bf7189c9e81	git-hangup-investigation
9303402e6d2d1ab7feb0375fe4c28bf7189c9e81	git-lfs-lite
9303402e6d2d1ab7feb0375fe4c28bf7189c9e81	githooks
9303402e6d2d1ab7feb0375fe4c28bf7189c9e81	llama-cpp-tk
9303402e6d2d1ab7feb0375fe4c28bf7189c9e81	mcp
9303402e6d2d1ab7feb0375fe4c28bf7189c9e81	mdns-inspector
9303402e6d2d1ab7feb0375fe4c28bf7189c9e81	mouse-pointer
9303402e6d2d1ab7feb0375fe4c28bf7189c9e81	pictogram
9303402e6d2d1ab7feb0375fe4c28bf7189c9e81	remove-desktop-ini
9303402e6d2d1ab7feb0375fe4c28bf7189c9e81	shellex-rust
9303402e6d2d1ab7feb0375fe4c28bf7189c9e81	static-lunr
9303402e6d2d1ab7feb0375fe4c28bf7189c9e81	test/add-http-tests-and-fix-stdio
9303402e6d2d1ab7feb0375fe4c28bf7189c9e81	windows-moukaeritai-work
9309b2d3b1eaffcd45b0bb002e3d24465743b04f	9b7310d2-2d5c-4b70-8fd3-f286f3cfc61b
9309b2d3b1eaffcd45b0bb002e3d24465743b04f	feat/mcp-filelist-server
9309b2d3b1eaffcd45b0bb002e3d24465743b04f	git-hangup-investigation
9309b2d3b1eaffcd45b0bb002e3d24465743b04f	git-lfs-lite
9309b2d3b1eaffcd45b0bb002e3d24465743b04f	githooks
9309b2d3b1eaffcd45b0bb002e3d24465743b04f	llama-cpp-tk
9309b2d3b1eaffcd45b0bb002e3d24465743b04f	mcp
9309b2d3b1eaffcd45b0bb002e3d24465743b04f	mdns-inspector
9309b2d3b1eaffcd45b0bb002e3d24465743b04f	mouse-pointer
9309b2d3b1eaffcd45b0bb002e3d24465743b04f	pictogram
9309b2d3b1eaffcd45b0bb002e3d24465743b04f	remove-desktop-ini
9309b2d3b1eaffcd45b0bb002e3d24465743b04f	shellex-rust
9309b2d3b1eaffcd45b0bb002e3d24465743b04f	static-lunr
9309b2d3b1eaffcd45b0bb002e3d24465743b04f	test/add-http-tests-and-fix-stdio
9309b2d3b1eaffcd45b0bb002e3d24465743b04f	windows-moukaeritai-work
9374244ee69beee2a605140b653772c5b6f652c7	9b7310d2-2d5c-4b70-8fd3-f286f3cfc61b
9374244ee69beee2a605140b653772c5b6f652c7	git-hangup-investigation
9374244ee69beee2a605140b653772c5b6f652c7	git-lfs-lite
9374244ee69beee2a605140b653772c5b6f652c7	githooks
9374244ee69beee2a605140b653772c5b6f652c7	llama-cpp-tk
9374244ee69beee2a605140b653772c5b6f652c7	mcp
9374244ee69beee2a605140b653772c5b6f652c7	mdns-inspector
9374244ee69beee2a605140b653772c5b6f652c7	mouse-pointer
9374244ee69beee2a605140b653772c5b6f652c7	pictogram
9374244ee69beee2a605140b653772c5b6f652c7	remove-desktop-ini
9374244ee69beee2a605140b653772c5b6f652c7	shellex-rust
9374244ee69beee2a605140b653772c5b6f652c7	static-lunr
9374244ee69beee2a605140b653772c5b6f652c7	test/add-http-tests-and-fix-stdio
9374244ee69beee2a605140b653772c5b6f652c7	windows-moukaeritai-work
94a455da256d73fb70ea513527ec4dcbf498eaa9	9b7310d2-2d5c-4b70-8fd3-f286f3cfc61b
94a455da256d73fb70ea513527ec4dcbf498eaa9	git-hangup-investigation
94a455da256d73fb70ea513527ec4dcbf498eaa9	git-lfs-lite
94a455da256d73fb70ea513527ec4dcbf498eaa9	githooks
94a455da256d73fb70ea513527ec4dcbf498eaa9	llama-cpp-tk
94a455da256d73fb70ea513527ec4dcbf498eaa9	mcp
94a455da256d73fb70ea513527ec4dcbf498eaa9	mdns-inspector
94a455da256d73fb70ea513527ec4dcbf498eaa9	mouse-pointer
94a455da256d73fb70ea513527ec4dcbf498eaa9	pictogram
94a455da256d73fb70ea513527ec4dcbf498eaa9	remove-desktop-ini
94a455da256d73fb70ea513527ec4dcbf498eaa9	shellex-rust
94a455da256d73fb70ea513527ec4dcbf498eaa9	static-lunr
94a455da256d73fb70ea513527ec4dcbf498eaa9	test/add-http-tests-and-fix-stdio
94a455da256d73fb70ea513527ec4dcbf498eaa9	windows-moukaeritai-work
95466c57046b24d21c954b1eace4350c0faac5f1	9b7310d2-2d5c-4b70-8fd3-f286f3cfc61b
95466c57046b24d21c954b1eace4350c0faac5f1	git-hangup-investigation
95466c57046b24d21c954b1eace4350c0faac5f1	git-lfs-lite
95466c57046b24d21c954b1eace4350c0faac5f1	githooks
95466c57046b24d21c954b1eace4350c0faac5f1	llama-cpp-tk
95466c57046b24d21c954b1eace4350c0faac5f1	mcp
95466c57046b24d21c954b1eace4350c0faac5f1	mdns-inspector
95466c57046b24d21c954b1eace4350c0faac5f1	mouse-pointer
95466c57046b24d21c954b1eace4350c0faac5f1	pictogram
95466c57046b24d21c954b1eace4350c0faac5f1	remove-desktop-ini
95466c57046b24d21c954b1eace4350c0faac5f1	shellex-rust
95466c57046b24d21c954b1eace4350c0faac5f1	static-lunr
95466c57046b24d21c954b1eace4350c0faac5f1	test/add-http-tests-and-fix-stdio
95466c57046b24d21c954b1eace4350c0faac5f1	windows-moukaeritai-work
9587fadefb824619a050afae27e80dea3a371651	9b7310d2-2d5c-4b70-8fd3-f286f3cfc61b
9587fadefb824619a050afae27e80dea3a371651	git-hangup-investigation
9587fadefb824619a050afae27e80dea3a371651	git-lfs-lite
9587fadefb824619a050afae27e80dea3a371651	githooks
9587fadefb824619a050afae27e80dea3a371651	llama-cpp-tk
9587fadefb824619a050afae27e80dea3a371651	mcp
9587fadefb824619a050afae27e80dea3a371651	mdns-inspector
9587fadefb824619a050afae27e80dea3a371651	mouse-pointer
9587fadefb824619a050afae27e80dea3a371651	pictogram
9587fadefb824619a050afae27e80dea3a371651	remove-desktop-ini
9587fadefb824619a050afae27e80dea3a371651	shellex-rust
9587fadefb824619a050afae27e80dea3a371651	static-lunr
9587fadefb824619a050afae27e80dea3a371651	test/add-http-tests-and-fix-stdio
9587fadefb824619a050afae27e80dea3a371651	windows-moukaeritai-work
9588a33bdcf2648dacabaa264fe421260675fef4	9b7310d2-2d5c-4b70-8fd3-f286f3cfc61b
9588a33bdcf2648dacabaa264fe421260675fef4	git-hangup-investigation
9588a33bdcf2648dacabaa264fe421260675fef4	git-lfs-lite
9588a33bdcf2648dacabaa264fe421260675fef4	githooks
9588a33bdcf2648dacabaa264fe421260675fef4	llama-cpp-tk
9588a33bdcf2648dacabaa264fe421260675fef4	mcp
9588a33bdcf2648dacabaa264fe421260675fef4	mdns-inspector
9588a33bdcf2648dacabaa264fe421260675fef4	mouse-pointer
9588a33bdcf2648dacabaa264fe421260675fef4	pictogram
9588a33bdcf2648dacabaa264fe421260675fef4	remove-desktop-ini
9588a33bdcf2648dacabaa264fe421260675fef4	shellex-rust
9588a33bdcf2648dacabaa264fe421260675fef4	static-lunr
9588a33bdcf2648dacabaa264fe421260675fef4	test/add-http-tests-and-fix-stdio
9588a33bdcf2648dacabaa264fe421260675fef4	windows-moukaeritai-work
97b2e3d434e55c8fa195d5b6d9e15ef486677720	9b7310d2-2d5c-4b70-8fd3-f286f3cfc61b
97b2e3d434e55c8fa195d5b6d9e15ef486677720	git-hangup-investigation
97b2e3d434e55c8fa195d5b6d9e15ef486677720	git-lfs-lite
97b2e3d434e55c8fa195d5b6d9e15ef486677720	githooks
97b2e3d434e55c8fa195d5b6d9e15ef486677720	llama-cpp-tk
97b2e3d434e55c8fa195d5b6d9e15ef486677720	mcp
97b2e3d434e55c8fa195d5b6d9e15ef486677720	mdns-inspector
97b2e3d434e55c8fa195d5b6d9e15ef486677720	mouse-pointer
97b2e3d434e55c8fa195d5b6d9e15ef486677720	pictogram
97b2e3d434e55c8fa195d5b6d9e15ef486677720	remove-desktop-ini
97b2e3d434e55c8fa195d5b6d9e15ef486677720	shellex-rust
97b2e3d434e55c8fa195d5b6d9e15ef486677720	static-lunr
97b2e3d434e55c8fa195d5b6d9e15ef486677720	test/add-http-tests-and-fix-stdio
97b2e3d434e55c8fa195d5b6d9e15ef486677720	windows-moukaeritai-work
97b57d7471414b741c9839a958ef49be04e183f5	9b7310d2-2d5c-4b70-8fd3-f286f3cfc61b
97b57d7471414b741c9839a958ef49be04e183f5	git-hangup-investigation
97b57d7471414b741c9839a958ef49be04e183f5	git-lfs-lite
97b57d7471414b741c9839a958ef49be04e183f5	githooks
97b57d7471414b741c9839a958ef49be04e183f5	llama-cpp-tk
97b57d7471414b741c9839a958ef49be04e183f5	mcp
97b57d7471414b741c9839a958ef49be04e183f5	mdns-inspector
97b57d7471414b741c9839a958ef49be04e183f5	mouse-pointer
97b57d7471414b741c9839a958ef49be04e183f5	pictogram
97b57d7471414b741c9839a958ef49be04e183f5	remove-desktop-ini
97b57d7471414b741c9839a958ef49be04e183f5	shellex-rust
97b57d7471414b741c9839a958ef49be04e183f5	static-lunr
97b57d7471414b741c9839a958ef49be04e183f5	test/add-http-tests-and-fix-stdio
97b57d7471414b741c9839a958ef49be04e183f5	windows-moukaeritai-work
993a2caef27b9141186b4b0d221694ceb4096999	9b7310d2-2d5c-4b70-8fd3-f286f3cfc61b
993a2caef27b9141186b4b0d221694ceb4096999	git-hangup-investigation
993a2caef27b9141186b4b0d221694ceb4096999	git-lfs-lite
993a2caef27b9141186b4b0d221694ceb4096999	githooks
993a2caef27b9141186b4b0d221694ceb4096999	llama-cpp-tk
993a2caef27b9141186b4b0d221694ceb4096999	mcp
993a2caef27b9141186b4b0d221694ceb4096999	mdns-inspector
993a2caef27b9141186b4b0d221694ceb4096999	mouse-pointer
993a2caef27b9141186b4b0d221694ceb4096999	pictogram
993a2caef27b9141186b4b0d221694ceb4096999	remove-desktop-ini
993a2caef27b9141186b4b0d221694ceb4096999	shellex-rust
993a2caef27b9141186b4b0d221694ceb4096999	static-lunr
993a2caef27b9141186b4b0d221694ceb4096999	test/add-http-tests-and-fix-stdio
993a2caef27b9141186b4b0d221694ceb4096999	windows-moukaeritai-work
9996cc3ef9810639f7bf4c7dfd3c55eedadb3469	9b7310d2-2d5c-4b70-8fd3-f286f3cfc61b
9996cc3ef9810639f7bf4c7dfd3c55eedadb3469	git-hangup-investigation
9996cc3ef9810639f7bf4c7dfd3c55eedadb3469	git-lfs-lite
9996cc3ef9810639f7bf4c7dfd3c55eedadb3469	githooks
9996cc3ef9810639f7bf4c7dfd3c55eedadb3469	llama-cpp-tk
9996cc3ef9810639f7bf4c7dfd3c55eedadb3469	mcp
9996cc3ef9810639f7bf4c7dfd3c55eedadb3469	mdns-inspector
9996cc3ef9810639f7bf4c7dfd3c55eedadb3469	mouse-pointer
9996cc3ef9810639f7bf4c7dfd3c55eedadb3469	pictogram
9996cc3ef9810639f7bf4c7dfd3c55eedadb3469	remove-desktop-ini
9996cc3ef9810639f7bf4c7dfd3c55eedadb3469	shellex-rust
9996cc3ef9810639f7bf4c7dfd3c55eedadb3469	static-lunr
9996cc3ef9810639f7bf4c7dfd3c55eedadb3469	test/add-http-tests-and-fix-stdio
9996cc3ef9810639f7bf4c7dfd3c55eedadb3469	windows-moukaeritai-work
9a1cd2ce190e5f728e5cb3f8206f7b90fcdde3d8	9b7310d2-2d5c-4b70-8fd3-f286f3cfc61b
9a1cd2ce190e5f728e5cb3f8206f7b90fcdde3d8	git-hangup-investigation
9a1cd2ce190e5f728e5cb3f8206f7b90fcdde3d8	git-lfs-lite
9a1cd2ce190e5f728e5cb3f8206f7b90fcdde3d8	githooks
9a1cd2ce190e5f728e5cb3f8206f7b90fcdde3d8	llama-cpp-tk
9a1cd2ce190e5f728e5cb3f8206f7b90fcdde3d8	mcp
9a1cd2ce190e5f728e5cb3f8206f7b90fcdde3d8	mdns-inspector
9a1cd2ce190e5f728e5cb3f8206f7b90fcdde3d8	mouse-pointer
9a1cd2ce190e5f728e5cb3f8206f7b90fcdde3d8	pictogram
9a1cd2ce190e5f728e5cb3f8206f7b90fcdde3d8	remove-desktop-ini
9a1cd2ce190e5f728e5cb3f8206f7b90fcdde3d8	shellex-rust
9a1cd2ce190e5f728e5cb3f8206f7b90fcdde3d8	static-lunr
9a1cd2ce190e5f728e5cb3f8206f7b90fcdde3d8	test/add-http-tests-and-fix-stdio
9a1cd2ce190e5f728e5cb3f8206f7b90fcdde3d8	windows-moukaeritai-work
9ab026ddea03fa250e19178ef309f8cf36ca382b	9b7310d2-2d5c-4b70-8fd3-f286f3cfc61b
9ab026ddea03fa250e19178ef309f8cf36ca382b	git-hangup-investigation
9ab026ddea03fa250e19178ef309f8cf36ca382b	git-lfs-lite
9ab026ddea03fa250e19178ef309f8cf36ca382b	githooks
9ab026ddea03fa250e19178ef309f8cf36ca382b	llama-cpp-tk
9ab026ddea03fa250e19178ef309f8cf36ca382b	mcp
9ab026ddea03fa250e19178ef309f8cf36ca382b	mdns-inspector
9ab026ddea03fa250e19178ef309f8cf36ca382b	mouse-pointer
9ab026ddea03fa250e19178ef309f8cf36ca382b	pictogram
9ab026ddea03fa250e19178ef309f8cf36ca382b	remove-desktop-ini
9ab026ddea03fa250e19178ef309f8cf36ca382b	shellex-rust
9ab026ddea03fa250e19178ef309f8cf36ca382b	static-lunr
9ab026ddea03fa250e19178ef309f8cf36ca382b	test/add-http-tests-and-fix-stdio
9ab026ddea03fa250e19178ef309f8cf36ca382b	windows-moukaeritai-work
9acf042a14f79c9af3a20ef55e07365aed48bd32	9b7310d2-2d5c-4b70-8fd3-f286f3cfc61b
9acf042a14f79c9af3a20ef55e07365aed48bd32	git-hangup-investigation
9acf042a14f79c9af3a20ef55e07365aed48bd32	git-lfs-lite
9acf042a14f79c9af3a20ef55e07365aed48bd32	githooks
9acf042a14f79c9af3a20ef55e07365aed48bd32	llama-cpp-tk
9acf042a14f79c9af3a20ef55e07365aed48bd32	mcp
9acf042a14f79c9af3a20ef55e07365aed48bd32	mdns-inspector
9acf042a14f79c9af3a20ef55e07365aed48bd32	mouse-pointer
9acf042a14f79c9af3a20ef55e07365aed48bd32	pictogram
9acf042a14f79c9af3a20ef55e07365aed48bd32	remove-desktop-ini
9acf042a14f79c9af3a20ef55e07365aed48bd32	shellex-rust
9acf042a14f79c9af3a20ef55e07365aed48bd32	static-lunr
9acf042a14f79c9af3a20ef55e07365aed48bd32	test/add-http-tests-and-fix-stdio
9acf042a14f79c9af3a20ef55e07365aed48bd32	windows-moukaeritai-work
9bbea16601b5d83c61c8ae6585871f68f71d5036	9b7310d2-2d5c-4b70-8fd3-f286f3cfc61b
9bbea16601b5d83c61c8ae6585871f68f71d5036	git-hangup-investigation
9bbea16601b5d83c61c8ae6585871f68f71d5036	git-lfs-lite
9bbea16601b5d83c61c8ae6585871f68f71d5036	githooks
9bbea16601b5d83c61c8ae6585871f68f71d5036	llama-cpp-tk
9bbea16601b5d83c61c8ae6585871f68f71d5036	mcp
9bbea16601b5d83c61c8ae6585871f68f71d5036	mdns-inspector
9bbea16601b5d83c61c8ae6585871f68f71d5036	mouse-pointer
9bbea16601b5d83c61c8ae6585871f68f71d5036	pictogram
9bbea16601b5d83c61c8ae6585871f68f71d5036	remove-desktop-ini
9bbea16601b5d83c61c8ae6585871f68f71d5036	shellex-rust
9bbea16601b5d83c61c8ae6585871f68f71d5036	static-lunr
9bbea16601b5d83c61c8ae6585871f68f71d5036	test/add-http-tests-and-fix-stdio
9bbea16601b5d83c61c8ae6585871f68f71d5036	windows-moukaeritai-work
9ccacd912673bbaa0b9227c51e3ef4b406f01029	9b7310d2-2d5c-4b70-8fd3-f286f3cfc61b
9ccacd912673bbaa0b9227c51e3ef4b406f01029	git-hangup-investigation
9ccacd912673bbaa0b9227c51e3ef4b406f01029	git-lfs-lite
9ccacd912673bbaa0b9227c51e3ef4b406f01029	githooks
9ccacd912673bbaa0b9227c51e3ef4b406f01029	llama-cpp-tk
9ccacd912673bbaa0b9227c51e3ef4b406f01029	mcp
9ccacd912673bbaa0b9227c51e3ef4b406f01029	mdns-inspector
9ccacd912673bbaa0b9227c51e3ef4b406f01029	mouse-pointer
9ccacd912673bbaa0b9227c51e3ef4b406f01029	pictogram
9ccacd912673bbaa0b9227c51e3ef4b406f01029	remove-desktop-ini
9ccacd912673bbaa0b9227c51e3ef4b406f01029	shellex-rust
9ccacd912673bbaa0b9227c51e3ef4b406f01029	static-lunr
9ccacd912673bbaa0b9227c51e3ef4b406f01029	test/add-http-tests-and-fix-stdio
9ccacd912673bbaa0b9227c51e3ef4b406f01029	windows-moukaeritai-work
9cdb72464a88eddae86c6aa0b536a6c6dad0419d	9b7310d2-2d5c-4b70-8fd3-f286f3cfc61b
9cdb72464a88eddae86c6aa0b536a6c6dad0419d	git-hangup-investigation
9cdb72464a88eddae86c6aa0b536a6c6dad0419d	git-lfs-lite
9cdb72464a88eddae86c6aa0b536a6c6dad0419d	githooks
9cdb72464a88eddae86c6aa0b536a6c6dad0419d	llama-cpp-tk
9cdb72464a88eddae86c6aa0b536a6c6dad0419d	mcp
9cdb72464a88eddae86c6aa0b536a6c6dad0419d	mdns-inspector
9cdb72464a88eddae86c6aa0b536a6c6dad0419d	mouse-pointer
9cdb72464a88eddae86c6aa0b536a6c6dad0419d	pictogram
9cdb72464a88eddae86c6aa0b536a6c6dad0419d	remove-desktop-ini
9cdb72464a88eddae86c6aa0b536a6c6dad0419d	shellex-rust
9cdb72464a88eddae86c6aa0b536a6c6dad0419d	static-lunr
9cdb72464a88eddae86c6aa0b536a6c6dad0419d	test/add-http-tests-and-fix-stdio
9cdb72464a88eddae86c6aa0b536a6c6dad0419d	windows-moukaeritai-work
9ce24546cce20b9198d82109ed4a7c60417c212f	9b7310d2-2d5c-4b70-8fd3-f286f3cfc61b
9ce24546cce20b9198d82109ed4a7c60417c212f	git-hangup-investigation
9ce24546cce20b9198d82109ed4a7c60417c212f	git-lfs-lite
9ce24546cce20b9198d82109ed4a7c60417c212f	githooks
9ce24546cce20b9198d82109ed4a7c60417c212f	llama-cpp-tk
9ce24546cce20b9198d82109ed4a7c60417c212f	mcp
9ce24546cce20b9198d82109ed4a7c60417c212f	mdns-inspector
9ce24546cce20b9198d82109ed4a7c60417c212f	mouse-pointer
9ce24546cce20b9198d82109ed4a7c60417c212f	pictogram
9ce24546cce20b9198d82109ed4a7c60417c212f	remove-desktop-ini
9ce24546cce20b9198d82109ed4a7c60417c212f	shellex-rust
9ce24546cce20b9198d82109ed4a7c60417c212f	static-lunr
9ce24546cce20b9198d82109ed4a7c60417c212f	test/add-http-tests-and-fix-stdio
9ce24546cce20b9198d82109ed4a7c60417c212f	windows-moukaeritai-work
9d036a6251660a353953a2ca5824fb5aa3ba926b	9b7310d2-2d5c-4b70-8fd3-f286f3cfc61b
9d036a6251660a353953a2ca5824fb5aa3ba926b	git-hangup-investigation
9d036a6251660a353953a2ca5824fb5aa3ba926b	git-lfs-lite
9d036a6251660a353953a2ca5824fb5aa3ba926b	githooks
9d036a6251660a353953a2ca5824fb5aa3ba926b	llama-cpp-tk
9d036a6251660a353953a2ca5824fb5aa3ba926b	mcp
9d036a6251660a353953a2ca5824fb5aa3ba926b	mdns-inspector
9d036a6251660a353953a2ca5824fb5aa3ba926b	mouse-pointer
9d036a6251660a353953a2ca5824fb5aa3ba926b	pictogram
9d036a6251660a353953a2ca5824fb5aa3ba926b	remove-desktop-ini
9d036a6251660a353953a2ca5824fb5aa3ba926b	shellex-rust
9d036a6251660a353953a2ca5824fb5aa3ba926b	static-lunr
9d036a6251660a353953a2ca5824fb5aa3ba926b	test/add-http-tests-and-fix-stdio
9d036a6251660a353953a2ca5824fb5aa3ba926b	windows-moukaeritai-work
9d4ae683d6f4f4fa66c17b40fff6d8e4c0bb1956	9b7310d2-2d5c-4b70-8fd3-f286f3cfc61b
9d4ae683d6f4f4fa66c17b40fff6d8e4c0bb1956	git-hangup-investigation
9d4ae683d6f4f4fa66c17b40fff6d8e4c0bb1956	git-lfs-lite
9d4ae683d6f4f4fa66c17b40fff6d8e4c0bb1956	githooks
9d4ae683d6f4f4fa66c17b40fff6d8e4c0bb1956	llama-cpp-tk
9d4ae683d6f4f4fa66c17b40fff6d8e4c0bb1956	mcp
9d4ae683d6f4f4fa66c17b40fff6d8e4c0bb1956	mdns-inspector
9d4ae683d6f4f4fa66c17b40fff6d8e4c0bb1956	mouse-pointer
9d4ae683d6f4f4fa66c17b40fff6d8e4c0bb1956	pictogram
9d4ae683d6f4f4fa66c17b40fff6d8e4c0bb1956	remove-desktop-ini
9d4ae683d6f4f4fa66c17b40fff6d8e4c0bb1956	shellex-rust
9d4ae683d6f4f4fa66c17b40fff6d8e4c0bb1956	static-lunr
9d4ae683d6f4f4fa66c17b40fff6d8e4c0bb1956	test/add-http-tests-and-fix-stdio
9d4ae683d6f4f4fa66c17b40fff6d8e4c0bb1956	windows-moukaeritai-work
9dfa9125680e6ada9e85265c52f0d698b88f2ab1	9b7310d2-2d5c-4b70-8fd3-f286f3cfc61b
9dfa9125680e6ada9e85265c52f0d698b88f2ab1	git-hangup-investigation
9dfa9125680e6ada9e85265c52f0d698b88f2ab1	git-lfs-lite
9dfa9125680e6ada9e85265c52f0d698b88f2ab1	githooks
9dfa9125680e6ada9e85265c52f0d698b88f2ab1	llama-cpp-tk
9dfa9125680e6ada9e85265c52f0d698b88f2ab1	mcp
9dfa9125680e6ada9e85265c52f0d698b88f2ab1	mdns-inspector
9dfa9125680e6ada9e85265c52f0d698b88f2ab1	mouse-pointer
9dfa9125680e6ada9e85265c52f0d698b88f2ab1	pictogram
9dfa9125680e6ada9e85265c52f0d698b88f2ab1	remove-desktop-ini
9dfa9125680e6ada9e85265c52f0d698b88f2ab1	shellex-rust
9dfa9125680e6ada9e85265c52f0d698b88f2ab1	static-lunr
9dfa9125680e6ada9e85265c52f0d698b88f2ab1	test/add-http-tests-and-fix-stdio
9dfa9125680e6ada9e85265c52f0d698b88f2ab1	windows-moukaeritai-work
9eafce6023f372599805ea243c8f2445a5f173a9	9b7310d2-2d5c-4b70-8fd3-f286f3cfc61b
9eafce6023f372599805ea243c8f2445a5f173a9	feat/mcp-filelist-server
9eafce6023f372599805ea243c8f2445a5f173a9	git-hangup-investigation
9eafce6023f372599805ea243c8f2445a5f173a9	git-lfs-lite
9eafce6023f372599805ea243c8f2445a5f173a9	githooks
9eafce6023f372599805ea243c8f2445a5f173a9	llama-cpp-tk
9eafce6023f372599805ea243c8f2445a5f173a9	mcp
9eafce6023f372599805ea243c8f2445a5f173a9	mdns-inspector
9eafce6023f372599805ea243c8f2445a5f173a9	mouse-pointer
9eafce6023f372599805ea243c8f2445a5f173a9	pictogram
9eafce6023f372599805ea243c8f2445a5f173a9	remove-desktop-ini
9eafce6023f372599805ea243c8f2445a5f173a9	shellex-rust
9eafce6023f372599805ea243c8f2445a5f173a9	static-lunr
9eafce6023f372599805ea243c8f2445a5f173a9	test/add-http-tests-and-fix-stdio
9eafce6023f372599805ea243c8f2445a5f173a9	windows-moukaeritai-work
9f8f5f575a7276747493fd91348ef08b68ed0984	9b7310d2-2d5c-4b70-8fd3-f286f3cfc61b
9f8f5f575a7276747493fd91348ef08b68ed0984	git-hangup-investigation
9f8f5f575a7276747493fd91348ef08b68ed0984	git-lfs-lite
9f8f5f575a7276747493fd91348ef08b68ed0984	githooks
9f8f5f575a7276747493fd91348ef08b68ed0984	llama-cpp-tk
9f8f5f575a7276747493fd91348ef08b68ed0984	mcp
9f8f5f575a7276747493fd91348ef08b68ed0984	mdns-inspector
9f8f5f575a7276747493fd91348ef08b68ed0984	mouse-pointer
9f8f5f575a7276747493fd91348ef08b68ed0984	pictogram
9f8f5f575a7276747493fd91348ef08b68ed0984	remove-desktop-ini
9f8f5f575a7276747493fd91348ef08b68ed0984	shellex-rust
9f8f5f575a7276747493fd91348ef08b68ed0984	static-lunr
9f8f5f575a7276747493fd91348ef08b68ed0984	test/add-http-tests-and-fix-stdio
9f8f5f575a7276747493fd91348ef08b68ed0984	windows-moukaeritai-work
9f9967ae8c3e58d3e0eb0136a1a0fb9d5788e4e7	9b7310d2-2d5c-4b70-8fd3-f286f3cfc61b
9f9967ae8c3e58d3e0eb0136a1a0fb9d5788e4e7	git-hangup-investigation
9f9967ae8c3e58d3e0eb0136a1a0fb9d5788e4e7	git-lfs-lite
9f9967ae8c3e58d3e0eb0136a1a0fb9d5788e4e7	githooks
9f9967ae8c3e58d3e0eb0136a1a0fb9d5788e4e7	llama-cpp-tk
9f9967ae8c3e58d3e0eb0136a1a0fb9d5788e4e7	mcp
9f9967ae8c3e58d3e0eb0136a1a0fb9d5788e4e7	mdns-inspector
9f9967ae8c3e58d3e0eb0136a1a0fb9d5788e4e7	mouse-pointer
9f9967ae8c3e58d3e0eb0136a1a0fb9d5788e4e7	pictogram
9f9967ae8c3e58d3e0eb0136a1a0fb9d5788e4e7	remove-desktop-ini
9f9967ae8c3e58d3e0eb0136a1a0fb9d5788e4e7	shellex-rust
9f9967ae8c3e58d3e0eb0136a1a0fb9d5788e4e7	static-lunr
9f9967ae8c3e58d3e0eb0136a1a0fb9d5788e4e7	test/add-http-tests-and-fix-stdio
9f9967ae8c3e58d3e0eb0136a1a0fb9d5788e4e7	windows-moukaeritai-work
9ff064fbda3d9b3ee96f3d5c038bfe6e48207b26	9b7310d2-2d5c-4b70-8fd3-f286f3cfc61b
9ff064fbda3d9b3ee96f3d5c038bfe6e48207b26	feat/mcp-filelist-server
9ff064fbda3d9b3ee96f3d5c038bfe6e48207b26	git-hangup-investigation
9ff064fbda3d9b3ee96f3d5c038bfe6e48207b26	git-lfs-lite
9ff064fbda3d9b3ee96f3d5c038bfe6e48207b26	githooks
9ff064fbda3d9b3ee96f3d5c038bfe6e48207b26	llama-cpp-tk
9ff064fbda3d9b3ee96f3d5c038bfe6e48207b26	mcp
9ff064fbda3d9b3ee96f3d5c038bfe6e48207b26	mdns-inspector
9ff064fbda3d9b3ee96f3d5c038bfe6e48207b26	mouse-pointer
9ff064fbda3d9b3ee96f3d5c038bfe6e48207b26	pictogram
9ff064fbda3d9b3ee96f3d5c038bfe6e48207b26	remove-desktop-ini
9ff064fbda3d9b3ee96f3d5c038bfe6e48207b26	shellex-rust
9ff064fbda3d9b3ee96f3d5c038bfe6e48207b26	static-lunr
9ff064fbda3d9b3ee96f3d5c038bfe6e48207b26	test/add-http-tests-and-fix-stdio
9ff064fbda3d9b3ee96f3d5c038bfe6e48207b26	windows-moukaeritai-work
a29ff2db424e33e8894b2d5ed0130f56a9602e0f	9b7310d2-2d5c-4b70-8fd3-f286f3cfc61b
a29ff2db424e33e8894b2d5ed0130f56a9602e0f	feat/mcp-filelist-server
a29ff2db424e33e8894b2d5ed0130f56a9602e0f	git-hangup-investigation
a29ff2db424e33e8894b2d5ed0130f56a9602e0f	git-lfs-lite
a29ff2db424e33e8894b2d5ed0130f56a9602e0f	githooks
a29ff2db424e33e8894b2d5ed0130f56a9602e0f	llama-cpp-tk
a29ff2db424e33e8894b2d5ed0130f56a9602e0f	mcp
a29ff2db424e33e8894b2d5ed0130f56a9602e0f	mdns-inspector
a29ff2db424e33e8894b2d5ed0130f56a9602e0f	mouse-pointer
a29ff2db424e33e8894b2d5ed0130f56a9602e0f	pictogram
a29ff2db424e33e8894b2d5ed0130f56a9602e0f	remove-desktop-ini
a29ff2db424e33e8894b2d5ed0130f56a9602e0f	shellex-rust
a29ff2db424e33e8894b2d5ed0130f56a9602e0f	static-lunr
a29ff2db424e33e8894b2d5ed0130f56a9602e0f	test/add-http-tests-and-fix-stdio
a29ff2db424e33e8894b2d5ed0130f56a9602e0f	windows-moukaeritai-work
a2a45cb01d87d30a6b62869e1bd445881e0e4b62	9b7310d2-2d5c-4b70-8fd3-f286f3cfc61b
a2a45cb01d87d30a6b62869e1bd445881e0e4b62	git-hangup-investigation
a2a45cb01d87d30a6b62869e1bd445881e0e4b62	git-lfs-lite
a2a45cb01d87d30a6b62869e1bd445881e0e4b62	githooks
a2a45cb01d87d30a6b62869e1bd445881e0e4b62	llama-cpp-tk
a2a45cb01d87d30a6b62869e1bd445881e0e4b62	mcp
a2a45cb01d87d30a6b62869e1bd445881e0e4b62	mdns-inspector
a2a45cb01d87d30a6b62869e1bd445881e0e4b62	mouse-pointer
a2a45cb01d87d30a6b62869e1bd445881e0e4b62	pictogram
a2a45cb01d87d30a6b62869e1bd445881e0e4b62	remove-desktop-ini
a2a45cb01d87d30a6b62869e1bd445881e0e4b62	shellex-rust
a2a45cb01d87d30a6b62869e1bd445881e0e4b62	static-lunr
a2a45cb01d87d30a6b62869e1bd445881e0e4b62	test/add-http-tests-and-fix-stdio
a2a45cb01d87d30a6b62869e1bd445881e0e4b62	windows-moukaeritai-work
a611f8bcda0b4f7f2ff2a8eef556f588190246e2	9b7310d2-2d5c-4b70-8fd3-f286f3cfc61b
a611f8bcda0b4f7f2ff2a8eef556f588190246e2	git-hangup-investigation
a611f8bcda0b4f7f2ff2a8eef556f588190246e2	git-lfs-lite
a611f8bcda0b4f7f2ff2a8eef556f588190246e2	githooks
a611f8bcda0b4f7f2ff2a8eef556f588190246e2	llama-cpp-tk
a611f8bcda0b4f7f2ff2a8eef556f588190246e2	mcp
a611f8bcda0b4f7f2ff2a8eef556f588190246e2	mdns-inspector
a611f8bcda0b4f7f2ff2a8eef556f588190246e2	mouse-pointer
a611f8bcda0b4f7f2ff2a8eef556f588190246e2	pictogram
a611f8bcda0b4f7f2ff2a8eef556f588190246e2	remove-desktop-ini
a611f8bcda0b4f7f2ff2a8eef556f588190246e2	shellex-rust
a611f8bcda0b4f7f2ff2a8eef556f588190246e2	static-lunr
a611f8bcda0b4f7f2ff2a8eef556f588190246e2	test/add-http-tests-and-fix-stdio
a611f8bcda0b4f7f2ff2a8eef556f588190246e2	windows-moukaeritai-work
a6667cf9cdcb33af259809738a584636adfc4212	9b7310d2-2d5c-4b70-8fd3-f286f3cfc61b
a6667cf9cdcb33af259809738a584636adfc4212	git-hangup-investigation
a6667cf9cdcb33af259809738a584636adfc4212	git-lfs-lite
a6667cf9cdcb33af259809738a584636adfc4212	githooks
a6667cf9cdcb33af259809738a584636adfc4212	llama-cpp-tk
a6667cf9cdcb33af259809738a584636adfc4212	mcp
a6667cf9cdcb33af259809738a584636adfc4212	mdns-inspector
a6667cf9cdcb33af259809738a584636adfc4212	mouse-pointer
a6667cf9cdcb33af259809738a584636adfc4212	pictogram
a6667cf9cdcb33af259809738a584636adfc4212	remove-desktop-ini
a6667cf9cdcb33af259809738a584636adfc4212	shellex-rust
a6667cf9cdcb33af259809738a584636adfc4212	static-lunr
a6667cf9cdcb33af259809738a584636adfc4212	test/add-http-tests-and-fix-stdio
a6667cf9cdcb33af259809738a584636adfc4212	windows-moukaeritai-work
a6a414fade40eacd9b973962ebde5c57144e5847	9b7310d2-2d5c-4b70-8fd3-f286f3cfc61b
a6a414fade40eacd9b973962ebde5c57144e5847	git-hangup-investigation
a6a414fade40eacd9b973962ebde5c57144e5847	git-lfs-lite
a6a414fade40eacd9b973962ebde5c57144e5847	githooks
a6a414fade40eacd9b973962ebde5c57144e5847	llama-cpp-tk
a6a414fade40eacd9b973962ebde5c57144e5847	mcp
a6a414fade40eacd9b973962ebde5c57144e5847	mdns-inspector
a6a414fade40eacd9b973962ebde5c57144e5847	mouse-pointer
a6a414fade40eacd9b973962ebde5c57144e5847	pictogram
a6a414fade40eacd9b973962ebde5c57144e5847	remove-desktop-ini
a6a414fade40eacd9b973962ebde5c57144e5847	shellex-rust
a6a414fade40eacd9b973962ebde5c57144e5847	static-lunr
a6a414fade40eacd9b973962ebde5c57144e5847	test/add-http-tests-and-fix-stdio
a6a414fade40eacd9b973962ebde5c57144e5847	windows-moukaeritai-work
a6bdbae9497ca9eaf1d29f919d7b654171c02458	9b7310d2-2d5c-4b70-8fd3-f286f3cfc61b
a6bdbae9497ca9eaf1d29f919d7b654171c02458	git-hangup-investigation
a6bdbae9497ca9eaf1d29f919d7b654171c02458	git-lfs-lite
a6bdbae9497ca9eaf1d29f919d7b654171c02458	githooks
a6bdbae9497ca9eaf1d29f919d7b654171c02458	llama-cpp-tk
a6bdbae9497ca9eaf1d29f919d7b654171c02458	mcp
a6bdbae9497ca9eaf1d29f919d7b654171c02458	mdns-inspector
a6bdbae9497ca9eaf1d29f919d7b654171c02458	mouse-pointer
a6bdbae9497ca9eaf1d29f919d7b654171c02458	pictogram
a6bdbae9497ca9eaf1d29f919d7b654171c02458	remove-desktop-ini
a6bdbae9497ca9eaf1d29f919d7b654171c02458	shellex-rust
a6bdbae9497ca9eaf1d29f919d7b654171c02458	static-lunr
a6bdbae9497ca9eaf1d29f919d7b654171c02458	test/add-http-tests-and-fix-stdio
a6bdbae9497ca9eaf1d29f919d7b654171c02458	windows-moukaeritai-work
a79006e4e7980e1b0db09882b719b404bad44aa3	9b7310d2-2d5c-4b70-8fd3-f286f3cfc61b
a79006e4e7980e1b0db09882b719b404bad44aa3	feat/mcp-filelist-server
a79006e4e7980e1b0db09882b719b404bad44aa3	git-hangup-investigation
a79006e4e7980e1b0db09882b719b404bad44aa3	git-lfs-lite
a79006e4e7980e1b0db09882b719b404bad44aa3	githooks
a79006e4e7980e1b0db09882b719b404bad44aa3	llama-cpp-tk
a79006e4e7980e1b0db09882b719b404bad44aa3	mcp
a79006e4e7980e1b0db09882b719b404bad44aa3	mdns-inspector
a79006e4e7980e1b0db09882b719b404bad44aa3	mouse-pointer
a79006e4e7980e1b0db09882b719b404bad44aa3	pictogram
a79006e4e7980e1b0db09882b719b404bad44aa3	remove-desktop-ini
a79006e4e7980e1b0db09882b719b404bad44aa3	shellex-rust
a79006e4e7980e1b0db09882b719b404bad44aa3	static-lunr
a79006e4e7980e1b0db09882b719b404bad44aa3	test/add-http-tests-and-fix-stdio
a79006e4e7980e1b0db09882b719b404bad44aa3	windows-moukaeritai-work
a87421a37bb091de105b011e87f9bcbd79130453	9b7310d2-2d5c-4b70-8fd3-f286f3cfc61b
a87421a37bb091de105b011e87f9bcbd79130453	feat/mcp-filelist-server
a87421a37bb091de105b011e87f9bcbd79130453	git-hangup-investigation
a87421a37bb091de105b011e87f9bcbd79130453	git-lfs-lite
a87421a37bb091de105b011e87f9bcbd79130453	githooks
a87421a37bb091de105b011e87f9bcbd79130453	llama-cpp-tk
a87421a37bb091de105b011e87f9bcbd79130453	mcp
a87421a37bb091de105b011e87f9bcbd79130453	mdns-inspector
a87421a37bb091de105b011e87f9bcbd79130453	mouse-pointer
a87421a37bb091de105b011e87f9bcbd79130453	pictogram
a87421a37bb091de105b011e87f9bcbd79130453	remove-desktop-ini
a87421a37bb091de105b011e87f9bcbd79130453	shellex-rust
a87421a37bb091de105b011e87f9bcbd79130453	static-lunr
a87421a37bb091de105b011e87f9bcbd79130453	test/add-http-tests-and-fix-stdio
a87421a37bb091de105b011e87f9bcbd79130453	windows-moukaeritai-work
a93c4c352403e8e9db1e5f5577504d64830c4cb4	9b7310d2-2d5c-4b70-8fd3-f286f3cfc61b
a93c4c352403e8e9db1e5f5577504d64830c4cb4	git-hangup-investigation
a93c4c352403e8e9db1e5f5577504d64830c4cb4	git-lfs-lite
a93c4c352403e8e9db1e5f5577504d64830c4cb4	githooks
a93c4c352403e8e9db1e5f5577504d64830c4cb4	llama-cpp-tk
a93c4c352403e8e9db1e5f5577504d64830c4cb4	mcp
a93c4c352403e8e9db1e5f5577504d64830c4cb4	mdns-inspector
a93c4c352403e8e9db1e5f5577504d64830c4cb4	mouse-pointer
a93c4c352403e8e9db1e5f5577504d64830c4cb4	pictogram
a93c4c352403e8e9db1e5f5577504d64830c4cb4	remove-desktop-ini
a93c4c352403e8e9db1e5f5577504d64830c4cb4	shellex-rust
a93c4c352403e8e9db1e5f5577504d64830c4cb4	static-lunr
a93c4c352403e8e9db1e5f5577504d64830c4cb4	test/add-http-tests-and-fix-stdio
a93c4c352403e8e9db1e5f5577504d64830c4cb4	windows-moukaeritai-work
a9efc6ffe4bf10211eda34b59b1558c86c891651	9b7310d2-2d5c-4b70-8fd3-f286f3cfc61b
a9efc6ffe4bf10211eda34b59b1558c86c891651	feat/mcp-filelist-server
a9efc6ffe4bf10211eda34b59b1558c86c891651	git-hangup-investigation
a9efc6ffe4bf10211eda34b59b1558c86c891651	git-lfs-lite
a9efc6ffe4bf10211eda34b59b1558c86c891651	githooks
a9efc6ffe4bf10211eda34b59b1558c86c891651	llama-cpp-tk
a9efc6ffe4bf10211eda34b59b1558c86c891651	mcp
a9efc6ffe4bf10211eda34b59b1558c86c891651	mdns-inspector
a9efc6ffe4bf10211eda34b59b1558c86c891651	mouse-pointer
a9efc6ffe4bf10211eda34b59b1558c86c891651	pictogram
a9efc6ffe4bf10211eda34b59b1558c86c891651	remove-desktop-ini
a9efc6ffe4bf10211eda34b59b1558c86c891651	shellex-rust
a9efc6ffe4bf10211eda34b59b1558c86c891651	static-lunr
a9efc6ffe4bf10211eda34b59b1558c86c891651	test/add-http-tests-and-fix-stdio
a9efc6ffe4bf10211eda34b59b1558c86c891651	windows-moukaeritai-work
aa429b40ecd5ecdf458379676f91c0aa513297fd	9b7310d2-2d5c-4b70-8fd3-f286f3cfc61b
aa429b40ecd5ecdf458379676f91c0aa513297fd	git-hangup-investigation
aa429b40ecd5ecdf458379676f91c0aa513297fd	git-lfs-lite
aa429b40ecd5ecdf458379676f91c0aa513297fd	githooks
aa429b40ecd5ecdf458379676f91c0aa513297fd	llama-cpp-tk
aa429b40ecd5ecdf458379676f91c0aa513297fd	mcp
aa429b40ecd5ecdf458379676f91c0aa513297fd	mdns-inspector
aa429b40ecd5ecdf458379676f91c0aa513297fd	mouse-pointer
aa429b40ecd5ecdf458379676f91c0aa513297fd	pictogram
aa429b40ecd5ecdf458379676f91c0aa513297fd	remove-desktop-ini
aa429b40ecd5ecdf458379676f91c0aa513297fd	shellex-rust
aa429b40ecd5ecdf458379676f91c0aa513297fd	static-lunr
aa429b40ecd5ecdf458379676f91c0aa513297fd	test/add-http-tests-and-fix-stdio
aa429b40ecd5ecdf458379676f91c0aa513297fd	windows-moukaeritai-work
aa654429c78fcf50d599d99a1f5a7cfec30e17e7	9b7310d2-2d5c-4b70-8fd3-f286f3cfc61b
aa654429c78fcf50d599d99a1f5a7cfec30e17e7	git-hangup-investigation
aa654429c78fcf50d599d99a1f5a7cfec30e17e7	git-lfs-lite
aa654429c78fcf50d599d99a1f5a7cfec30e17e7	githooks
aa654429c78fcf50d599d99a1f5a7cfec30e17e7	llama-cpp-tk
aa654429c78fcf50d599d99a1f5a7cfec30e17e7	mcp
aa654429c78fcf50d599d99a1f5a7cfec30e17e7	mdns-inspector
aa654429c78fcf50d599d99a1f5a7cfec30e17e7	mouse-pointer
aa654429c78fcf50d599d99a1f5a7cfec30e17e7	pictogram
aa654429c78fcf50d599d99a1f5a7cfec30e17e7	remove-desktop-ini
aa654429c78fcf50d599d99a1f5a7cfec30e17e7	shellex-rust
aa654429c78fcf50d599d99a1f5a7cfec30e17e7	static-lunr
aa654429c78fcf50d599d99a1f5a7cfec30e17e7	test/add-http-tests-and-fix-stdio
aa654429c78fcf50d599d99a1f5a7cfec30e17e7	windows-moukaeritai-work
aaf8cf104bcc6f328b6e9f7cff1af41efe97da75	9b7310d2-2d5c-4b70-8fd3-f286f3cfc61b
aaf8cf104bcc6f328b6e9f7cff1af41efe97da75	git-hangup-investigation
aaf8cf104bcc6f328b6e9f7cff1af41efe97da75	git-lfs-lite
aaf8cf104bcc6f328b6e9f7cff1af41efe97da75	githooks
aaf8cf104bcc6f328b6e9f7cff1af41efe97da75	llama-cpp-tk
aaf8cf104bcc6f328b6e9f7cff1af41efe97da75	mcp
aaf8cf104bcc6f328b6e9f7cff1af41efe97da75	mdns-inspector
aaf8cf104bcc6f328b6e9f7cff1af41efe97da75	mouse-pointer
aaf8cf104bcc6f328b6e9f7cff1af41efe97da75	pictogram
aaf8cf104bcc6f328b6e9f7cff1af41efe97da75	remove-desktop-ini
aaf8cf104bcc6f328b6e9f7cff1af41efe97da75	shellex-rust
aaf8cf104bcc6f328b6e9f7cff1af41efe97da75	static-lunr
aaf8cf104bcc6f328b6e9f7cff1af41efe97da75	test/add-http-tests-and-fix-stdio
aaf8cf104bcc6f328b6e9f7cff1af41efe97da75	windows-moukaeritai-work
ab09d70cc7151800988bccde20a510bf746228fb	9b7310d2-2d5c-4b70-8fd3-f286f3cfc61b
ab09d70cc7151800988bccde20a510bf746228fb	git-hangup-investigation
ab09d70cc7151800988bccde20a510bf746228fb	git-lfs-lite
ab09d70cc7151800988bccde20a510bf746228fb	githooks
ab09d70cc7151800988bccde20a510bf746228fb	llama-cpp-tk
ab09d70cc7151800988bccde20a510bf746228fb	mcp
ab09d70cc7151800988bccde20a510bf746228fb	mdns-inspector
ab09d70cc7151800988bccde20a510bf746228fb	mouse-pointer
ab09d70cc7151800988bccde20a510bf746228fb	pictogram
ab09d70cc7151800988bccde20a510bf746228fb	remove-desktop-ini
ab09d70cc7151800988bccde20a510bf746228fb	shellex-rust
ab09d70cc7151800988bccde20a510bf746228fb	static-lunr
ab09d70cc7151800988bccde20a510bf746228fb	test/add-http-tests-and-fix-stdio
ab09d70cc7151800988bccde20a510bf746228fb	windows-moukaeritai-work
ab9dda01008ab7f4be3c180939907544f980858c	9b7310d2-2d5c-4b70-8fd3-f286f3cfc61b
ab9dda01008ab7f4be3c180939907544f980858c	git-hangup-investigation
ab9dda01008ab7f4be3c180939907544f980858c	git-lfs-lite
ab9dda01008ab7f4be3c180939907544f980858c	githooks
ab9dda01008ab7f4be3c180939907544f980858c	llama-cpp-tk
ab9dda01008ab7f4be3c180939907544f980858c	mcp
ab9dda01008ab7f4be3c180939907544f980858c	mdns-inspector
ab9dda01008ab7f4be3c180939907544f980858c	mouse-pointer
ab9dda01008ab7f4be3c180939907544f980858c	pictogram
ab9dda01008ab7f4be3c180939907544f980858c	remove-desktop-ini
ab9dda01008ab7f4be3c180939907544f980858c	shellex-rust
ab9dda01008ab7f4be3c180939907544f980858c	static-lunr
ab9dda01008ab7f4be3c180939907544f980858c	test/add-http-tests-and-fix-stdio
ab9dda01008ab7f4be3c180939907544f980858c	windows-moukaeritai-work
abb2e1a8dad4d2597f4ece12dbccb722e7d7e5db	9b7310d2-2d5c-4b70-8fd3-f286f3cfc61b
abb2e1a8dad4d2597f4ece12dbccb722e7d7e5db	feat/mcp-filelist-server
abb2e1a8dad4d2597f4ece12dbccb722e7d7e5db	git-hangup-investigation
abb2e1a8dad4d2597f4ece12dbccb722e7d7e5db	git-lfs-lite
abb2e1a8dad4d2597f4ece12dbccb722e7d7e5db	githooks
abb2e1a8dad4d2597f4ece12dbccb722e7d7e5db	llama-cpp-tk
abb2e1a8dad4d2597f4ece12dbccb722e7d7e5db	mcp
abb2e1a8dad4d2597f4ece12dbccb722e7d7e5db	mdns-inspector
abb2e1a8dad4d2597f4ece12dbccb722e7d7e5db	mouse-pointer
abb2e1a8dad4d2597f4ece12dbccb722e7d7e5db	pictogram
abb2e1a8dad4d2597f4ece12dbccb722e7d7e5db	remove-desktop-ini
abb2e1a8dad4d2597f4ece12dbccb722e7d7e5db	shellex-rust
abb2e1a8dad4d2597f4ece12dbccb722e7d7e5db	static-lunr
abb2e1a8dad4d2597f4ece12dbccb722e7d7e5db	test/add-http-tests-and-fix-stdio
abb2e1a8dad4d2597f4ece12dbccb722e7d7e5db	windows-moukaeritai-work
abc4e59b91ec9b9296ed5b9869cf0512c1dad6d6	9b7310d2-2d5c-4b70-8fd3-f286f3cfc61b
abc4e59b91ec9b9296ed5b9869cf0512c1dad6d6	git-hangup-investigation
abc4e59b91ec9b9296ed5b9869cf0512c1dad6d6	git-lfs-lite
abc4e59b91ec9b9296ed5b9869cf0512c1dad6d6	githooks
abc4e59b91ec9b9296ed5b9869cf0512c1dad6d6	llama-cpp-tk
abc4e59b91ec9b9296ed5b9869cf0512c1dad6d6	mcp
abc4e59b91ec9b9296ed5b9869cf0512c1dad6d6	mdns-inspector
abc4e59b91ec9b9296ed5b9869cf0512c1dad6d6	mouse-pointer
abc4e59b91ec9b9296ed5b9869cf0512c1dad6d6	pictogram
abc4e59b91ec9b9296ed5b9869cf0512c1dad6d6	remove-desktop-ini
abc4e59b91ec9b9296ed5b9869cf0512c1dad6d6	shellex-rust
abc4e59b91ec9b9296ed5b9869cf0512c1dad6d6	static-lunr
abc4e59b91ec9b9296ed5b9869cf0512c1dad6d6	test/add-http-tests-and-fix-stdio
abc4e59b91ec9b9296ed5b9869cf0512c1dad6d6	windows-moukaeritai-work
ae7b4c31a188ed4cccfcfb9bafcaea0c0fd7671a	9b7310d2-2d5c-4b70-8fd3-f286f3cfc61b
ae7b4c31a188ed4cccfcfb9bafcaea0c0fd7671a	git-hangup-investigation
ae7b4c31a188ed4cccfcfb9bafcaea0c0fd7671a	git-lfs-lite
ae7b4c31a188ed4cccfcfb9bafcaea0c0fd7671a	githooks
ae7b4c31a188ed4cccfcfb9bafcaea0c0fd7671a	llama-cpp-tk
ae7b4c31a188ed4cccfcfb9bafcaea0c0fd7671a	mcp
ae7b4c31a188ed4cccfcfb9bafcaea0c0fd7671a	mdns-inspector
ae7b4c31a188ed4cccfcfb9bafcaea0c0fd7671a	mouse-pointer
ae7b4c31a188ed4cccfcfb9bafcaea0c0fd7671a	pictogram
ae7b4c31a188ed4cccfcfb9bafcaea0c0fd7671a	remove-desktop-ini
ae7b4c31a188ed4cccfcfb9bafcaea0c0fd7671a	shellex-rust
ae7b4c31a188ed4cccfcfb9bafcaea0c0fd7671a	static-lunr
ae7b4c31a188ed4cccfcfb9bafcaea0c0fd7671a	test/add-http-tests-and-fix-stdio
ae7b4c31a188ed4cccfcfb9bafcaea0c0fd7671a	windows-moukaeritai-work
af053570b5180388e34be16c4e778d5de7ca81c7	9b7310d2-2d5c-4b70-8fd3-f286f3cfc61b
af053570b5180388e34be16c4e778d5de7ca81c7	git-hangup-investigation
af053570b5180388e34be16c4e778d5de7ca81c7	git-lfs-lite
af053570b5180388e34be16c4e778d5de7ca81c7	githooks
af053570b5180388e34be16c4e778d5de7ca81c7	llama-cpp-tk
af053570b5180388e34be16c4e778d5de7ca81c7	mcp
af053570b5180388e34be16c4e778d5de7ca81c7	mdns-inspector
af053570b5180388e34be16c4e778d5de7ca81c7	mouse-pointer
af053570b5180388e34be16c4e778d5de7ca81c7	pictogram
af053570b5180388e34be16c4e778d5de7ca81c7	remove-desktop-ini
af053570b5180388e34be16c4e778d5de7ca81c7	shellex-rust
af053570b5180388e34be16c4e778d5de7ca81c7	static-lunr
af053570b5180388e34be16c4e778d5de7ca81c7	test/add-http-tests-and-fix-stdio
af053570b5180388e34be16c4e778d5de7ca81c7	windows-moukaeritai-work
b26db0e55d8426fd8c93b3976cadc9f4ea9296b8	9b7310d2-2d5c-4b70-8fd3-f286f3cfc61b
b26db0e55d8426fd8c93b3976cadc9f4ea9296b8	git-hangup-investigation
b26db0e55d8426fd8c93b3976cadc9f4ea9296b8	git-lfs-lite
b26db0e55d8426fd8c93b3976cadc9f4ea9296b8	githooks
b26db0e55d8426fd8c93b3976cadc9f4ea9296b8	llama-cpp-tk
b26db0e55d8426fd8c93b3976cadc9f4ea9296b8	mcp
b26db0e55d8426fd8c93b3976cadc9f4ea9296b8	mdns-inspector
b26db0e55d8426fd8c93b3976cadc9f4ea9296b8	mouse-pointer
b26db0e55d8426fd8c93b3976cadc9f4ea9296b8	pictogram
b26db0e55d8426fd8c93b3976cadc9f4ea9296b8	remove-desktop-ini
b26db0e55d8426fd8c93b3976cadc9f4ea9296b8	shellex-rust
b26db0e55d8426fd8c93b3976cadc9f4ea9296b8	static-lunr
b26db0e55d8426fd8c93b3976cadc9f4ea9296b8	test/add-http-tests-and-fix-stdio
b26db0e55d8426fd8c93b3976cadc9f4ea9296b8	windows-moukaeritai-work
b2a2cf8c957f4e79b1e731c51d2ac22fc8dad5d2	9b7310d2-2d5c-4b70-8fd3-f286f3cfc61b
b2a2cf8c957f4e79b1e731c51d2ac22fc8dad5d2	git-hangup-investigation
b2a2cf8c957f4e79b1e731c51d2ac22fc8dad5d2	git-lfs-lite
b2a2cf8c957f4e79b1e731c51d2ac22fc8dad5d2	githooks
b2a2cf8c957f4e79b1e731c51d2ac22fc8dad5d2	llama-cpp-tk
b2a2cf8c957f4e79b1e731c51d2ac22fc8dad5d2	mcp
b2a2cf8c957f4e79b1e731c51d2ac22fc8dad5d2	mdns-inspector
b2a2cf8c957f4e79b1e731c51d2ac22fc8dad5d2	mouse-pointer
b2a2cf8c957f4e79b1e731c51d2ac22fc8dad5d2	pictogram
b2a2cf8c957f4e79b1e731c51d2ac22fc8dad5d2	remove-desktop-ini
b2a2cf8c957f4e79b1e731c51d2ac22fc8dad5d2	shellex-rust
b2a2cf8c957f4e79b1e731c51d2ac22fc8dad5d2	static-lunr
b2a2cf8c957f4e79b1e731c51d2ac22fc8dad5d2	test/add-http-tests-and-fix-stdio
b2a2cf8c957f4e79b1e731c51d2ac22fc8dad5d2	windows-moukaeritai-work
b2a6206f315bb661d9faf09668fa46f6fc39d00c	9b7310d2-2d5c-4b70-8fd3-f286f3cfc61b
b2a6206f315bb661d9faf09668fa46f6fc39d00c	feat/mcp-filelist-server
b2a6206f315bb661d9faf09668fa46f6fc39d00c	git-hangup-investigation
b2a6206f315bb661d9faf09668fa46f6fc39d00c	git-lfs-lite
b2a6206f315bb661d9faf09668fa46f6fc39d00c	githooks
b2a6206f315bb661d9faf09668fa46f6fc39d00c	llama-cpp-tk
b2a6206f315bb661d9faf09668fa46f6fc39d00c	mcp
b2a6206f315bb661d9faf09668fa46f6fc39d00c	mdns-inspector
b2a6206f315bb661d9faf09668fa46f6fc39d00c	mouse-pointer
b2a6206f315bb661d9faf09668fa46f6fc39d00c	pictogram
b2a6206f315bb661d9faf09668fa46f6fc39d00c	remove-desktop-ini
b2a6206f315bb661d9faf09668fa46f6fc39d00c	shellex-rust
b2a6206f315bb661d9faf09668fa46f6fc39d00c	static-lunr
b2a6206f315bb661d9faf09668fa46f6fc39d00c	test/add-http-tests-and-fix-stdio
b2a6206f315bb661d9faf09668fa46f6fc39d00c	windows-moukaeritai-work
b2f7b62f12258916f8656527b2bd77971085b920	9b7310d2-2d5c-4b70-8fd3-f286f3cfc61b
b2f7b62f12258916f8656527b2bd77971085b920	feat/mcp-filelist-server
b2f7b62f12258916f8656527b2bd77971085b920	git-hangup-investigation
b2f7b62f12258916f8656527b2bd77971085b920	git-lfs-lite
b2f7b62f12258916f8656527b2bd77971085b920	githooks
b2f7b62f12258916f8656527b2bd77971085b920	llama-cpp-tk
b2f7b62f12258916f8656527b2bd77971085b920	mcp
b2f7b62f12258916f8656527b2bd77971085b920	mdns-inspector
b2f7b62f12258916f8656527b2bd77971085b920	mouse-pointer
b2f7b62f12258916f8656527b2bd77971085b920	pictogram
b2f7b62f12258916f8656527b2bd77971085b920	remove-desktop-ini
b2f7b62f12258916f8656527b2bd77971085b920	shellex-rust
b2f7b62f12258916f8656527b2bd77971085b920	static-lunr
b2f7b62f12258916f8656527b2bd77971085b920	test/add-http-tests-and-fix-stdio
b2f7b62f12258916f8656527b2bd77971085b920	windows-moukaeritai-work
b448edadb9c7c05306fe21181e2b59c869954c3c	9b7310d2-2d5c-4b70-8fd3-f286f3cfc61b
b448edadb9c7c05306fe21181e2b59c869954c3c	feat/mcp-filelist-server
b448edadb9c7c05306fe21181e2b59c869954c3c	git-hangup-investigation
b448edadb9c7c05306fe21181e2b59c869954c3c	git-lfs-lite
b448edadb9c7c05306fe21181e2b59c869954c3c	githooks
b448edadb9c7c05306fe21181e2b59c869954c3c	llama-cpp-tk
b448edadb9c7c05306fe21181e2b59c869954c3c	mcp
b448edadb9c7c05306fe21181e2b59c869954c3c	mdns-inspector
b448edadb9c7c05306fe21181e2b59c869954c3c	mouse-pointer
b448edadb9c7c05306fe21181e2b59c869954c3c	pictogram
b448edadb9c7c05306fe21181e2b59c869954c3c	remove-desktop-ini
b448edadb9c7c05306fe21181e2b59c869954c3c	shellex-rust
b448edadb9c7c05306fe21181e2b59c869954c3c	static-lunr
b448edadb9c7c05306fe21181e2b59c869954c3c	test/add-http-tests-and-fix-stdio
b448edadb9c7c05306fe21181e2b59c869954c3c	windows-moukaeritai-work
b4aabd82cdfed4a5fad517ea5ae4cc5548a51b6f	9b7310d2-2d5c-4b70-8fd3-f286f3cfc61b
b4aabd82cdfed4a5fad517ea5ae4cc5548a51b6f	git-hangup-investigation
b4aabd82cdfed4a5fad517ea5ae4cc5548a51b6f	git-lfs-lite
b4aabd82cdfed4a5fad517ea5ae4cc5548a51b6f	githooks
b4aabd82cdfed4a5fad517ea5ae4cc5548a51b6f	llama-cpp-tk
b4aabd82cdfed4a5fad517ea5ae4cc5548a51b6f	mcp
b4aabd82cdfed4a5fad517ea5ae4cc5548a51b6f	mdns-inspector
b4aabd82cdfed4a5fad517ea5ae4cc5548a51b6f	mouse-pointer
b4aabd82cdfed4a5fad517ea5ae4cc5548a51b6f	pictogram
b4aabd82cdfed4a5fad517ea5ae4cc5548a51b6f	remove-desktop-ini
b4aabd82cdfed4a5fad517ea5ae4cc5548a51b6f	shellex-rust
b4aabd82cdfed4a5fad517ea5ae4cc5548a51b6f	static-lunr
b4aabd82cdfed4a5fad517ea5ae4cc5548a51b6f	test/add-http-tests-and-fix-stdio
b4aabd82cdfed4a5fad517ea5ae4cc5548a51b6f	windows-moukaeritai-work
b4ab8e9c15df165fdf13c9b477295a3a402d60fa	9b7310d2-2d5c-4b70-8fd3-f286f3cfc61b
b4ab8e9c15df165fdf13c9b477295a3a402d60fa	git-hangup-investigation
b4ab8e9c15df165fdf13c9b477295a3a402d60fa	git-lfs-lite
b4ab8e9c15df165fdf13c9b477295a3a402d60fa	githooks
b4ab8e9c15df165fdf13c9b477295a3a402d60fa	llama-cpp-tk
b4ab8e9c15df165fdf13c9b477295a3a402d60fa	mcp
b4ab8e9c15df165fdf13c9b477295a3a402d60fa	mdns-inspector
b4ab8e9c15df165fdf13c9b477295a3a402d60fa	mouse-pointer
b4ab8e9c15df165fdf13c9b477295a3a402d60fa	pictogram
b4ab8e9c15df165fdf13c9b477295a3a402d60fa	remove-desktop-ini
b4ab8e9c15df165fdf13c9b477295a3a402d60fa	shellex-rust
b4ab8e9c15df165fdf13c9b477295a3a402d60fa	static-lunr
b4ab8e9c15df165fdf13c9b477295a3a402d60fa	test/add-http-tests-and-fix-stdio
b4ab8e9c15df165fdf13c9b477295a3a402d60fa	windows-moukaeritai-work
b560cd5106394bc8cdbef1852e522a5d8d46f8bb	9b7310d2-2d5c-4b70-8fd3-f286f3cfc61b
b560cd5106394bc8cdbef1852e522a5d8d46f8bb	git-hangup-investigation
b560cd5106394bc8cdbef1852e522a5d8d46f8bb	git-lfs-lite
b560cd5106394bc8cdbef1852e522a5d8d46f8bb	githooks
b560cd5106394bc8cdbef1852e522a5d8d46f8bb	llama-cpp-tk
b560cd5106394bc8cdbef1852e522a5d8d46f8bb	mcp
b560cd5106394bc8cdbef1852e522a5d8d46f8bb	mdns-inspector
b560cd5106394bc8cdbef1852e522a5d8d46f8bb	mouse-pointer
b560cd5106394bc8cdbef1852e522a5d8d46f8bb	pictogram
b560cd5106394bc8cdbef1852e522a5d8d46f8bb	remove-desktop-ini
b560cd5106394bc8cdbef1852e522a5d8d46f8bb	shellex-rust
b560cd5106394bc8cdbef1852e522a5d8d46f8bb	static-lunr
b560cd5106394bc8cdbef1852e522a5d8d46f8bb	test/add-http-tests-and-fix-stdio
b560cd5106394bc8cdbef1852e522a5d8d46f8bb	windows-moukaeritai-work
b592a39686dd17488e341827d1f7e59d93b00ecb	9b7310d2-2d5c-4b70-8fd3-f286f3cfc61b
b592a39686dd17488e341827d1f7e59d93b00ecb	git-hangup-investigation
b592a39686dd17488e341827d1f7e59d93b00ecb	git-lfs-lite
b592a39686dd17488e341827d1f7e59d93b00ecb	githooks
b592a39686dd17488e341827d1f7e59d93b00ecb	llama-cpp-tk
b592a39686dd17488e341827d1f7e59d93b00ecb	mcp
b592a39686dd17488e341827d1f7e59d93b00ecb	mdns-inspector
b592a39686dd17488e341827d1f7e59d93b00ecb	mouse-pointer
b592a39686dd17488e341827d1f7e59d93b00ecb	pictogram
b592a39686dd17488e341827d1f7e59d93b00ecb	remove-desktop-ini
b592a39686dd17488e341827d1f7e59d93b00ecb	shellex-rust
b592a39686dd17488e341827d1f7e59d93b00ecb	static-lunr
b592a39686dd17488e341827d1f7e59d93b00ecb	test/add-http-tests-and-fix-stdio
b592a39686dd17488e341827d1f7e59d93b00ecb	windows-moukaeritai-work
b5b62102c09d4389d55e33bbbe74177f200d1e65	9b7310d2-2d5c-4b70-8fd3-f286f3cfc61b
b5b62102c09d4389d55e33bbbe74177f200d1e65	feat/mcp-filelist-server
b5b62102c09d4389d55e33bbbe74177f200d1e65	git-hangup-investigation
b5b62102c09d4389d55e33bbbe74177f200d1e65	git-lfs-lite
b5b62102c09d4389d55e33bbbe74177f200d1e65	githooks
b5b62102c09d4389d55e33bbbe74177f200d1e65	llama-cpp-tk
b5b62102c09d4389d55e33bbbe74177f200d1e65	mcp
b5b62102c09d4389d55e33bbbe74177f200d1e65	mdns-inspector
b5b62102c09d4389d55e33bbbe74177f200d1e65	mouse-pointer
b5b62102c09d4389d55e33bbbe74177f200d1e65	pictogram
b5b62102c09d4389d55e33bbbe74177f200d1e65	remove-desktop-ini
b5b62102c09d4389d55e33bbbe74177f200d1e65	shellex-rust
b5b62102c09d4389d55e33bbbe74177f200d1e65	static-lunr
b5b62102c09d4389d55e33bbbe74177f200d1e65	test/add-http-tests-and-fix-stdio
b5b62102c09d4389d55e33bbbe74177f200d1e65	windows-moukaeritai-work
b5e7849919a37f75a9bfc9300a6868d8b00bf050	9b7310d2-2d5c-4b70-8fd3-f286f3cfc61b
b5e7849919a37f75a9bfc9300a6868d8b00bf050	feat/mcp-filelist-server
b5e7849919a37f75a9bfc9300a6868d8b00bf050	git-hangup-investigation
b5e7849919a37f75a9bfc9300a6868d8b00bf050	git-lfs-lite
b5e7849919a37f75a9bfc9300a6868d8b00bf050	githooks
b5e7849919a37f75a9bfc9300a6868d8b00bf050	llama-cpp-tk
b5e7849919a37f75a9bfc9300a6868d8b00bf050	mcp
b5e7849919a37f75a9bfc9300a6868d8b00bf050	mdns-inspector
b5e7849919a37f75a9bfc9300a6868d8b00bf050	mouse-pointer
b5e7849919a37f75a9bfc9300a6868d8b00bf050	pictogram
b5e7849919a37f75a9bfc9300a6868d8b00bf050	remove-desktop-ini
b5e7849919a37f75a9bfc9300a6868d8b00bf050	shellex-rust
b5e7849919a37f75a9bfc9300a6868d8b00bf050	static-lunr
b5e7849919a37f75a9bfc9300a6868d8b00bf050	test/add-http-tests-and-fix-stdio
b5e7849919a37f75a9bfc9300a6868d8b00bf050	windows-moukaeritai-work
b658c0f64b5c1776adf265c073be8eb39ecdc12e	9b7310d2-2d5c-4b70-8fd3-f286f3cfc61b
b658c0f64b5c1776adf265c073be8eb39ecdc12e	git-hangup-investigation
b658c0f64b5c1776adf265c073be8eb39ecdc12e	git-lfs-lite
b658c0f64b5c1776adf265c073be8eb39ecdc12e	githooks
b658c0f64b5c1776adf265c073be8eb39ecdc12e	llama-cpp-tk
b658c0f64b5c1776adf265c073be8eb39ecdc12e	mcp
b658c0f64b5c1776adf265c073be8eb39ecdc12e	mdns-inspector
b658c0f64b5c1776adf265c073be8eb39ecdc12e	mouse-pointer
b658c0f64b5c1776adf265c073be8eb39ecdc12e	pictogram
b658c0f64b5c1776adf265c073be8eb39ecdc12e	remove-desktop-ini
b658c0f64b5c1776adf265c073be8eb39ecdc12e	shellex-rust
b658c0f64b5c1776adf265c073be8eb39ecdc12e	static-lunr
b658c0f64b5c1776adf265c073be8eb39ecdc12e	test/add-http-tests-and-fix-stdio
b658c0f64b5c1776adf265c073be8eb39ecdc12e	windows-moukaeritai-work
b78c33e3b9a06e2172ae43c53b57964e9d2664f6	9b7310d2-2d5c-4b70-8fd3-f286f3cfc61b
b78c33e3b9a06e2172ae43c53b57964e9d2664f6	git-hangup-investigation
b78c33e3b9a06e2172ae43c53b57964e9d2664f6	git-lfs-lite
b78c33e3b9a06e2172ae43c53b57964e9d2664f6	githooks
b78c33e3b9a06e2172ae43c53b57964e9d2664f6	llama-cpp-tk
b78c33e3b9a06e2172ae43c53b57964e9d2664f6	mcp
b78c33e3b9a06e2172ae43c53b57964e9d2664f6	mdns-inspector
b78c33e3b9a06e2172ae43c53b57964e9d2664f6	mouse-pointer
b78c33e3b9a06e2172ae43c53b57964e9d2664f6	pictogram
b78c33e3b9a06e2172ae43c53b57964e9d2664f6	remove-desktop-ini
b78c33e3b9a06e2172ae43c53b57964e9d2664f6	shellex-rust
b78c33e3b9a06e2172ae43c53b57964e9d2664f6	static-lunr
b78c33e3b9a06e2172ae43c53b57964e9d2664f6	test/add-http-tests-and-fix-stdio
b78c33e3b9a06e2172ae43c53b57964e9d2664f6	windows-moukaeritai-work
b833eb8ef1503c1622ceeefd2a68acf30d9c26f2	9b7310d2-2d5c-4b70-8fd3-f286f3cfc61b
b833eb8ef1503c1622ceeefd2a68acf30d9c26f2	feat/mcp-filelist-server
b833eb8ef1503c1622ceeefd2a68acf30d9c26f2	git-hangup-investigation
b833eb8ef1503c1622ceeefd2a68acf30d9c26f2	git-lfs-lite
b833eb8ef1503c1622ceeefd2a68acf30d9c26f2	githooks
b833eb8ef1503c1622ceeefd2a68acf30d9c26f2	llama-cpp-tk
b833eb8ef1503c1622ceeefd2a68acf30d9c26f2	mcp
b833eb8ef1503c1622ceeefd2a68acf30d9c26f2	mdns-inspector
b833eb8ef1503c1622ceeefd2a68acf30d9c26f2	mouse-pointer
b833eb8ef1503c1622ceeefd2a68acf30d9c26f2	pictogram
b833eb8ef1503c1622ceeefd2a68acf30d9c26f2	remove-desktop-ini
b833eb8ef1503c1622ceeefd2a68acf30d9c26f2	shellex-rust
b833eb8ef1503c1622ceeefd2a68acf30d9c26f2	static-lunr
b833eb8ef1503c1622ceeefd2a68acf30d9c26f2	test/add-http-tests-and-fix-stdio
b833eb8ef1503c1622ceeefd2a68acf30d9c26f2	windows-moukaeritai-work
b88cd8bdd7805ecc8cd259ea01b8c77fc0fc58a6	9b7310d2-2d5c-4b70-8fd3-f286f3cfc61b
b88cd8bdd7805ecc8cd259ea01b8c77fc0fc58a6	git-hangup-investigation
b88cd8bdd7805ecc8cd259ea01b8c77fc0fc58a6	git-lfs-lite
b88cd8bdd7805ecc8cd259ea01b8c77fc0fc58a6	githooks
b88cd8bdd7805ecc8cd259ea01b8c77fc0fc58a6	llama-cpp-tk
b88cd8bdd7805ecc8cd259ea01b8c77fc0fc58a6	mcp
b88cd8bdd7805ecc8cd259ea01b8c77fc0fc58a6	mdns-inspector
b88cd8bdd7805ecc8cd259ea01b8c77fc0fc58a6	mouse-pointer
b88cd8bdd7805ecc8cd259ea01b8c77fc0fc58a6	pictogram
b88cd8bdd7805ecc8cd259ea01b8c77fc0fc58a6	remove-desktop-ini
b88cd8bdd7805ecc8cd259ea01b8c77fc0fc58a6	shellex-rust
b88cd8bdd7805ecc8cd259ea01b8c77fc0fc58a6	static-lunr
b88cd8bdd7805ecc8cd259ea01b8c77fc0fc58a6	test/add-http-tests-and-fix-stdio
b88cd8bdd7805ecc8cd259ea01b8c77fc0fc58a6	windows-moukaeritai-work
b897b106252ea6fb5a132a5ca2984c31ad315993	9b7310d2-2d5c-4b70-8fd3-f286f3cfc61b
b897b106252ea6fb5a132a5ca2984c31ad315993	git-hangup-investigation
b897b106252ea6fb5a132a5ca2984c31ad315993	git-lfs-lite
b897b106252ea6fb5a132a5ca2984c31ad315993	githooks
b897b106252ea6fb5a132a5ca2984c31ad315993	llama-cpp-tk
b897b106252ea6fb5a132a5ca2984c31ad315993	mcp
b897b106252ea6fb5a132a5ca2984c31ad315993	mdns-inspector
b897b106252ea6fb5a132a5ca2984c31ad315993	mouse-pointer
b897b106252ea6fb5a132a5ca2984c31ad315993	pictogram
b897b106252ea6fb5a132a5ca2984c31ad315993	remove-desktop-ini
b897b106252ea6fb5a132a5ca2984c31ad315993	shellex-rust
b897b106252ea6fb5a132a5ca2984c31ad315993	static-lunr
b897b106252ea6fb5a132a5ca2984c31ad315993	test/add-http-tests-and-fix-stdio
b897b106252ea6fb5a132a5ca2984c31ad315993	windows-moukaeritai-work
b90b54845049c9aeb94b50277eee3eea7d4a1d2b	9b7310d2-2d5c-4b70-8fd3-f286f3cfc61b
b90b54845049c9aeb94b50277eee3eea7d4a1d2b	git-hangup-investigation
b90b54845049c9aeb94b50277eee3eea7d4a1d2b	git-lfs-lite
b90b54845049c9aeb94b50277eee3eea7d4a1d2b	githooks
b90b54845049c9aeb94b50277eee3eea7d4a1d2b	llama-cpp-tk
b90b54845049c9aeb94b50277eee3eea7d4a1d2b	mcp
b90b54845049c9aeb94b50277eee3eea7d4a1d2b	mdns-inspector
b90b54845049c9aeb94b50277eee3eea7d4a1d2b	mouse-pointer
b90b54845049c9aeb94b50277eee3eea7d4a1d2b	pictogram
b90b54845049c9aeb94b50277eee3eea7d4a1d2b	remove-desktop-ini
b90b54845049c9aeb94b50277eee3eea7d4a1d2b	shellex-rust
b90b54845049c9aeb94b50277eee3eea7d4a1d2b	static-lunr
b90b54845049c9aeb94b50277eee3eea7d4a1d2b	test/add-http-tests-and-fix-stdio
b90b54845049c9aeb94b50277eee3eea7d4a1d2b	windows-moukaeritai-work
b95f0c49e094a84ec618450f8b464d9dbbc39ad7	9b7310d2-2d5c-4b70-8fd3-f286f3cfc61b
b95f0c49e094a84ec618450f8b464d9dbbc39ad7	git-hangup-investigation
b95f0c49e094a84ec618450f8b464d9dbbc39ad7	git-lfs-lite
b95f0c49e094a84ec618450f8b464d9dbbc39ad7	githooks
b95f0c49e094a84ec618450f8b464d9dbbc39ad7	llama-cpp-tk
b95f0c49e094a84ec618450f8b464d9dbbc39ad7	mcp
b95f0c49e094a84ec618450f8b464d9dbbc39ad7	mdns-inspector
b95f0c49e094a84ec618450f8b464d9dbbc39ad7	mouse-pointer
b95f0c49e094a84ec618450f8b464d9dbbc39ad7	pictogram
b95f0c49e094a84ec618450f8b464d9dbbc39ad7	remove-desktop-ini
b95f0c49e094a84ec618450f8b464d9dbbc39ad7	shellex-rust
b95f0c49e094a84ec618450f8b464d9dbbc39ad7	static-lunr
b95f0c49e094a84ec618450f8b464d9dbbc39ad7	test/add-http-tests-and-fix-stdio
b95f0c49e094a84ec618450f8b464d9dbbc39ad7	windows-moukaeritai-work
ba188a25e4235b784a566bb1fa1e923ca4ed45cf	9b7310d2-2d5c-4b70-8fd3-f286f3cfc61b
ba188a25e4235b784a566bb1fa1e923ca4ed45cf	git-hangup-investigation
ba188a25e4235b784a566bb1fa1e923ca4ed45cf	git-lfs-lite
ba188a25e4235b784a566bb1fa1e923ca4ed45cf	githooks
ba188a25e4235b784a566bb1fa1e923ca4ed45cf	llama-cpp-tk
ba188a25e4235b784a566bb1fa1e923ca4ed45cf	mcp
ba188a25e4235b784a566bb1fa1e923ca4ed45cf	mdns-inspector
ba188a25e4235b784a566bb1fa1e923ca4ed45cf	mouse-pointer
ba188a25e4235b784a566bb1fa1e923ca4ed45cf	pictogram
ba188a25e4235b784a566bb1fa1e923ca4ed45cf	remove-desktop-ini
ba188a25e4235b784a566bb1fa1e923ca4ed45cf	shellex-rust
ba188a25e4235b784a566bb1fa1e923ca4ed45cf	static-lunr
ba188a25e4235b784a566bb1fa1e923ca4ed45cf	test/add-http-tests-and-fix-stdio
ba188a25e4235b784a566bb1fa1e923ca4ed45cf	windows-moukaeritai-work
ba6b6624407acc647fef44e26d9154d8226ac1fa	9b7310d2-2d5c-4b70-8fd3-f286f3cfc61b
ba6b6624407acc647fef44e26d9154d8226ac1fa	git-hangup-investigation
ba6b6624407acc647fef44e26d9154d8226ac1fa	git-lfs-lite
ba6b6624407acc647fef44e26d9154d8226ac1fa	githooks
ba6b6624407acc647fef44e26d9154d8226ac1fa	llama-cpp-tk
ba6b6624407acc647fef44e26d9154d8226ac1fa	mcp
ba6b6624407acc647fef44e26d9154d8226ac1fa	mdns-inspector
ba6b6624407acc647fef44e26d9154d8226ac1fa	mouse-pointer
ba6b6624407acc647fef44e26d9154d8226ac1fa	pictogram
ba6b6624407acc647fef44e26d9154d8226ac1fa	remove-desktop-ini
ba6b6624407acc647fef44e26d9154d8226ac1fa	shellex-rust
ba6b6624407acc647fef44e26d9154d8226ac1fa	static-lunr
ba6b6624407acc647fef44e26d9154d8226ac1fa	test/add-http-tests-and-fix-stdio
ba6b6624407acc647fef44e26d9154d8226ac1fa	windows-moukaeritai-work
baf66a9a9b0ea31f084f8d464b1c00570309653c	9b7310d2-2d5c-4b70-8fd3-f286f3cfc61b
baf66a9a9b0ea31f084f8d464b1c00570309653c	git-hangup-investigation
baf66a9a9b0ea31f084f8d464b1c00570309653c	git-lfs-lite
baf66a9a9b0ea31f084f8d464b1c00570309653c	githooks
baf66a9a9b0ea31f084f8d464b1c00570309653c	llama-cpp-tk
baf66a9a9b0ea31f084f8d464b1c00570309653c	mcp
baf66a9a9b0ea31f084f8d464b1c00570309653c	mdns-inspector
baf66a9a9b0ea31f084f8d464b1c00570309653c	mouse-pointer
baf66a9a9b0ea31f084f8d464b1c00570309653c	pictogram
baf66a9a9b0ea31f084f8d464b1c00570309653c	remove-desktop-ini
baf66a9a9b0ea31f084f8d464b1c00570309653c	shellex-rust
baf66a9a9b0ea31f084f8d464b1c00570309653c	static-lunr
baf66a9a9b0ea31f084f8d464b1c00570309653c	test/add-http-tests-and-fix-stdio
baf66a9a9b0ea31f084f8d464b1c00570309653c	windows-moukaeritai-work
bb3495abecc42c1fe0da1d0c928ee28c8dece6d9	9b7310d2-2d5c-4b70-8fd3-f286f3cfc61b
bb3495abecc42c1fe0da1d0c928ee28c8dece6d9	git-hangup-investigation
bb3495abecc42c1fe0da1d0c928ee28c8dece6d9	git-lfs-lite
bb3495abecc42c1fe0da1d0c928ee28c8dece6d9	githooks
bb3495abecc42c1fe0da1d0c928ee28c8dece6d9	llama-cpp-tk
bb3495abecc42c1fe0da1d0c928ee28c8dece6d9	mcp
bb3495abecc42c1fe0da1d0c928ee28c8dece6d9	mdns-inspector
bb3495abecc42c1fe0da1d0c928ee28c8dece6d9	mouse-pointer
bb3495abecc42c1fe0da1d0c928ee28c8dece6d9	pictogram
bb3495abecc42c1fe0da1d0c928ee28c8dece6d9	remove-desktop-ini
bb3495abecc42c1fe0da1d0c928ee28c8dece6d9	shellex-rust
bb3495abecc42c1fe0da1d0c928ee28c8dece6d9	static-lunr
bb3495abecc42c1fe0da1d0c928ee28c8dece6d9	test/add-http-tests-and-fix-stdio
bb3495abecc42c1fe0da1d0c928ee28c8dece6d9	windows-moukaeritai-work
bba77d351f609d68b59a2262c6d6428ec16c7aba	9b7310d2-2d5c-4b70-8fd3-f286f3cfc61b
bba77d351f609d68b59a2262c6d6428ec16c7aba	git-hangup-investigation
bba77d351f609d68b59a2262c6d6428ec16c7aba	git-lfs-lite
bba77d351f609d68b59a2262c6d6428ec16c7aba	githooks
bba77d351f609d68b59a2262c6d6428ec16c7aba	llama-cpp-tk
bba77d351f609d68b59a2262c6d6428ec16c7aba	mcp
bba77d351f609d68b59a2262c6d6428ec16c7aba	mdns-inspector
bba77d351f609d68b59a2262c6d6428ec16c7aba	mouse-pointer
bba77d351f609d68b59a2262c6d6428ec16c7aba	pictogram
bba77d351f609d68b59a2262c6d6428ec16c7aba	remove-desktop-ini
bba77d351f609d68b59a2262c6d6428ec16c7aba	shellex-rust
bba77d351f609d68b59a2262c6d6428ec16c7aba	static-lunr
bba77d351f609d68b59a2262c6d6428ec16c7aba	test/add-http-tests-and-fix-stdio
bba77d351f609d68b59a2262c6d6428ec16c7aba	windows-moukaeritai-work
bd017b15e1c6246b0f457213101c8fc5f082e489	9b7310d2-2d5c-4b70-8fd3-f286f3cfc61b
bd017b15e1c6246b0f457213101c8fc5f082e489	git-hangup-investigation
bd017b15e1c6246b0f457213101c8fc5f082e489	git-lfs-lite
bd017b15e1c6246b0f457213101c8fc5f082e489	githooks
bd017b15e1c6246b0f457213101c8fc5f082e489	llama-cpp-tk
bd017b15e1c6246b0f457213101c8fc5f082e489	mcp
bd017b15e1c6246b0f457213101c8fc5f082e489	mdns-inspector
bd017b15e1c6246b0f457213101c8fc5f082e489	mouse-pointer
bd017b15e1c6246b0f457213101c8fc5f082e489	pictogram
bd017b15e1c6246b0f457213101c8fc5f082e489	remove-desktop-ini
bd017b15e1c6246b0f457213101c8fc5f082e489	shellex-rust
bd017b15e1c6246b0f457213101c8fc5f082e489	static-lunr
bd017b15e1c6246b0f457213101c8fc5f082e489	test/add-http-tests-and-fix-stdio
bd017b15e1c6246b0f457213101c8fc5f082e489	windows-moukaeritai-work
be896675fe85487f1e28e632d99d994af456ede6	9b7310d2-2d5c-4b70-8fd3-f286f3cfc61b
be896675fe85487f1e28e632d99d994af456ede6	feat/mcp-filelist-server
be896675fe85487f1e28e632d99d994af456ede6	git-hangup-investigation
be896675fe85487f1e28e632d99d994af456ede6	git-lfs-lite
be896675fe85487f1e28e632d99d994af456ede6	githooks
be896675fe85487f1e28e632d99d994af456ede6	llama-cpp-tk
be896675fe85487f1e28e632d99d994af456ede6	mcp
be896675fe85487f1e28e632d99d994af456ede6	mdns-inspector
be896675fe85487f1e28e632d99d994af456ede6	mouse-pointer
be896675fe85487f1e28e632d99d994af456ede6	pictogram
be896675fe85487f1e28e632d99d994af456ede6	remove-desktop-ini
be896675fe85487f1e28e632d99d994af456ede6	shellex-rust
be896675fe85487f1e28e632d99d994af456ede6	static-lunr
be896675fe85487f1e28e632d99d994af456ede6	test/add-http-tests-and-fix-stdio
be896675fe85487f1e28e632d99d994af456ede6	windows-moukaeritai-work
bee620d2a017d950750125f490db662b4767b74a	9b7310d2-2d5c-4b70-8fd3-f286f3cfc61b
bee620d2a017d950750125f490db662b4767b74a	feat/mcp-filelist-server
bee620d2a017d950750125f490db662b4767b74a	git-hangup-investigation
bee620d2a017d950750125f490db662b4767b74a	git-lfs-lite
bee620d2a017d950750125f490db662b4767b74a	githooks
bee620d2a017d950750125f490db662b4767b74a	llama-cpp-tk
bee620d2a017d950750125f490db662b4767b74a	mcp
bee620d2a017d950750125f490db662b4767b74a	mdns-inspector
bee620d2a017d950750125f490db662b4767b74a	mouse-pointer
bee620d2a017d950750125f490db662b4767b74a	pictogram
bee620d2a017d950750125f490db662b4767b74a	remove-desktop-ini
bee620d2a017d950750125f490db662b4767b74a	shellex-rust
bee620d2a017d950750125f490db662b4767b74a	static-lunr
bee620d2a017d950750125f490db662b4767b74a	test/add-http-tests-and-fix-stdio
bee620d2a017d950750125f490db662b4767b74a	windows-moukaeritai-work
bf9004086357c763184255b40a06768f89cecc2b	9b7310d2-2d5c-4b70-8fd3-f286f3cfc61b
bf9004086357c763184255b40a06768f89cecc2b	git-hangup-investigation
bf9004086357c763184255b40a06768f89cecc2b	git-lfs-lite
bf9004086357c763184255b40a06768f89cecc2b	githooks
bf9004086357c763184255b40a06768f89cecc2b	llama-cpp-tk
bf9004086357c763184255b40a06768f89cecc2b	mcp
bf9004086357c763184255b40a06768f89cecc2b	mdns-inspector
bf9004086357c763184255b40a06768f89cecc2b	mouse-pointer
bf9004086357c763184255b40a06768f89cecc2b	pictogram
bf9004086357c763184255b40a06768f89cecc2b	remove-desktop-ini
bf9004086357c763184255b40a06768f89cecc2b	shellex-rust
bf9004086357c763184255b40a06768f89cecc2b	static-lunr
bf9004086357c763184255b40a06768f89cecc2b	test/add-http-tests-and-fix-stdio
bf9004086357c763184255b40a06768f89cecc2b	windows-moukaeritai-work
c047bec37cd6e4a5cef2b4b1feb056ec9c07d77d	9b7310d2-2d5c-4b70-8fd3-f286f3cfc61b
c047bec37cd6e4a5cef2b4b1feb056ec9c07d77d	git-hangup-investigation
c047bec37cd6e4a5cef2b4b1feb056ec9c07d77d	git-lfs-lite
c047bec37cd6e4a5cef2b4b1feb056ec9c07d77d	githooks
c047bec37cd6e4a5cef2b4b1feb056ec9c07d77d	llama-cpp-tk
c047bec37cd6e4a5cef2b4b1feb056ec9c07d77d	mcp
c047bec37cd6e4a5cef2b4b1feb056ec9c07d77d	mdns-inspector
c047bec37cd6e4a5cef2b4b1feb056ec9c07d77d	mouse-pointer
c047bec37cd6e4a5cef2b4b1feb056ec9c07d77d	pictogram
c047bec37cd6e4a5cef2b4b1feb056ec9c07d77d	remove-desktop-ini
c047bec37cd6e4a5cef2b4b1feb056ec9c07d77d	shellex-rust
c047bec37cd6e4a5cef2b4b1feb056ec9c07d77d	static-lunr
c047bec37cd6e4a5cef2b4b1feb056ec9c07d77d	test/add-http-tests-and-fix-stdio
c047bec37cd6e4a5cef2b4b1feb056ec9c07d77d	windows-moukaeritai-work
c0486517e0ee1b79b8d53dc6308403a92ef09551	9b7310d2-2d5c-4b70-8fd3-f286f3cfc61b
c0486517e0ee1b79b8d53dc6308403a92ef09551	feat/mcp-filelist-server
c0486517e0ee1b79b8d53dc6308403a92ef09551	git-hangup-investigation
c0486517e0ee1b79b8d53dc6308403a92ef09551	git-lfs-lite
c0486517e0ee1b79b8d53dc6308403a92ef09551	githooks
c0486517e0ee1b79b8d53dc6308403a92ef09551	llama-cpp-tk
c0486517e0ee1b79b8d53dc6308403a92ef09551	mcp
c0486517e0ee1b79b8d53dc6308403a92ef09551	mdns-inspector
c0486517e0ee1b79b8d53dc6308403a92ef09551	mouse-pointer
c0486517e0ee1b79b8d53dc6308403a92ef09551	pictogram
c0486517e0ee1b79b8d53dc6308403a92ef09551	remove-desktop-ini
c0486517e0ee1b79b8d53dc6308403a92ef09551	shellex-rust
c0486517e0ee1b79b8d53dc6308403a92ef09551	static-lunr
c0486517e0ee1b79b8d53dc6308403a92ef09551	test/add-http-tests-and-fix-stdio
c0486517e0ee1b79b8d53dc6308403a92ef09551	windows-moukaeritai-work
c13b9c3205e35c721eca4dcc7171669a018873aa	9b7310d2-2d5c-4b70-8fd3-f286f3cfc61b
c13b9c3205e35c721eca4dcc7171669a018873aa	feat/mcp-filelist-server
c13b9c3205e35c721eca4dcc7171669a018873aa	git-hangup-investigation
c13b9c3205e35c721eca4dcc7171669a018873aa	git-lfs-lite
c13b9c3205e35c721eca4dcc7171669a018873aa	githooks
c13b9c3205e35c721eca4dcc7171669a018873aa	llama-cpp-tk
c13b9c3205e35c721eca4dcc7171669a018873aa	mcp
c13b9c3205e35c721eca4dcc7171669a018873aa	mdns-inspector
c13b9c3205e35c721eca4dcc7171669a018873aa	mouse-pointer
c13b9c3205e35c721eca4dcc7171669a018873aa	pictogram
c13b9c3205e35c721eca4dcc7171669a018873aa	remove-desktop-ini
c13b9c3205e35c721eca4dcc7171669a018873aa	shellex-rust
c13b9c3205e35c721eca4dcc7171669a018873aa	static-lunr
c13b9c3205e35c721eca4dcc7171669a018873aa	test/add-http-tests-and-fix-stdio
c13b9c3205e35c721eca4dcc7171669a018873aa	windows-moukaeritai-work
c142a92cac3c44d697ab1a8039920fc65363f08f	9b7310d2-2d5c-4b70-8fd3-f286f3cfc61b
c142a92cac3c44d697ab1a8039920fc65363f08f	feat/mcp-filelist-server
c142a92cac3c44d697ab1a8039920fc65363f08f	git-hangup-investigation
c142a92cac3c44d697ab1a8039920fc65363f08f	git-lfs-lite
c142a92cac3c44d697ab1a8039920fc65363f08f	githooks
c142a92cac3c44d697ab1a8039920fc65363f08f	llama-cpp-tk
c142a92cac3c44d697ab1a8039920fc65363f08f	mcp
c142a92cac3c44d697ab1a8039920fc65363f08f	mdns-inspector
c142a92cac3c44d697ab1a8039920fc65363f08f	mouse-pointer
c142a92cac3c44d697ab1a8039920fc65363f08f	pictogram
c142a92cac3c44d697ab1a8039920fc65363f08f	remove-desktop-ini
c142a92cac3c44d697ab1a8039920fc65363f08f	shellex-rust
c142a92cac3c44d697ab1a8039920fc65363f08f	static-lunr
c142a92cac3c44d697ab1a8039920fc65363f08f	test/add-http-tests-and-fix-stdio
c142a92cac3c44d697ab1a8039920fc65363f08f	windows-moukaeritai-work
c2bd59ca49dd94665c13267b0aa2ecc1928b89a9	9b7310d2-2d5c-4b70-8fd3-f286f3cfc61b
c2bd59ca49dd94665c13267b0aa2ecc1928b89a9	feat/mcp-filelist-server
c2bd59ca49dd94665c13267b0aa2ecc1928b89a9	git-hangup-investigation
c2bd59ca49dd94665c13267b0aa2ecc1928b89a9	git-lfs-lite
c2bd59ca49dd94665c13267b0aa2ecc1928b89a9	githooks
c2bd59ca49dd94665c13267b0aa2ecc1928b89a9	llama-cpp-tk
c2bd59ca49dd94665c13267b0aa2ecc1928b89a9	mcp
c2bd59ca49dd94665c13267b0aa2ecc1928b89a9	mdns-inspector
c2bd59ca49dd94665c13267b0aa2ecc1928b89a9	mouse-pointer
c2bd59ca49dd94665c13267b0aa2ecc1928b89a9	pictogram
c2bd59ca49dd94665c13267b0aa2ecc1928b89a9	remove-desktop-ini
c2bd59ca49dd94665c13267b0aa2ecc1928b89a9	shellex-rust
c2bd59ca49dd94665c13267b0aa2ecc1928b89a9	static-lunr
c2bd59ca49dd94665c13267b0aa2ecc1928b89a9	test/add-http-tests-and-fix-stdio
c2bd59ca49dd94665c13267b0aa2ecc1928b89a9	windows-moukaeritai-work
c2c07984d24e66729f8b6e5e3d6f6a0cdb5de735	9b7310d2-2d5c-4b70-8fd3-f286f3cfc61b
c2c07984d24e66729f8b6e5e3d6f6a0cdb5de735	git-hangup-investigation
c2c07984d24e66729f8b6e5e3d6f6a0cdb5de735	git-lfs-lite
c2c07984d24e66729f8b6e5e3d6f6a0cdb5de735	githooks
c2c07984d24e66729f8b6e5e3d6f6a0cdb5de735	llama-cpp-tk
c2c07984d24e66729f8b6e5e3d6f6a0cdb5de735	mcp
c2c07984d24e66729f8b6e5e3d6f6a0cdb5de735	mdns-inspector
c2c07984d24e66729f8b6e5e3d6f6a0cdb5de735	mouse-pointer
c2c07984d24e66729f8b6e5e3d6f6a0cdb5de735	pictogram
c2c07984d24e66729f8b6e5e3d6f6a0cdb5de735	remove-desktop-ini
c2c07984d24e66729f8b6e5e3d6f6a0cdb5de735	shellex-rust
c2c07984d24e66729f8b6e5e3d6f6a0cdb5de735	static-lunr
c2c07984d24e66729f8b6e5e3d6f6a0cdb5de735	test/add-http-tests-and-fix-stdio
c2c07984d24e66729f8b6e5e3d6f6a0cdb5de735	windows-moukaeritai-work
c311e12854ab5385c0020baa8864df3eb810ae23	9b7310d2-2d5c-4b70-8fd3-f286f3cfc61b
c311e12854ab5385c0020baa8864df3eb810ae23	git-hangup-investigation
c311e12854ab5385c0020baa8864df3eb810ae23	git-lfs-lite
c311e12854ab5385c0020baa8864df3eb810ae23	githooks
c311e12854ab5385c0020baa8864df3eb810ae23	llama-cpp-tk
c311e12854ab5385c0020baa8864df3eb810ae23	mcp
c311e12854ab5385c0020baa8864df3eb810ae23	mdns-inspector
c311e12854ab5385c0020baa8864df3eb810ae23	mouse-pointer
c311e12854ab5385c0020baa8864df3eb810ae23	pictogram
c311e12854ab5385c0020baa8864df3eb810ae23	remove-desktop-ini
c311e12854ab5385c0020baa8864df3eb810ae23	shellex-rust
c311e12854ab5385c0020baa8864df3eb810ae23	static-lunr
c311e12854ab5385c0020baa8864df3eb810ae23	test/add-http-tests-and-fix-stdio
c311e12854ab5385c0020baa8864df3eb810ae23	windows-moukaeritai-work
c33e778f539cc17017a5fe251b72c15f7f79c035	9b7310d2-2d5c-4b70-8fd3-f286f3cfc61b
c33e778f539cc17017a5fe251b72c15f7f79c035	git-hangup-investigation
c33e778f539cc17017a5fe251b72c15f7f79c035	git-lfs-lite
c33e778f539cc17017a5fe251b72c15f7f79c035	githooks
c33e778f539cc17017a5fe251b72c15f7f79c035	llama-cpp-tk
c33e778f539cc17017a5fe251b72c15f7f79c035	mcp
c33e778f539cc17017a5fe251b72c15f7f79c035	mdns-inspector
c33e778f539cc17017a5fe251b72c15f7f79c035	mouse-pointer
c33e778f539cc17017a5fe251b72c15f7f79c035	pictogram
c33e778f539cc17017a5fe251b72c15f7f79c035	remove-desktop-ini
c33e778f539cc17017a5fe251b72c15f7f79c035	shellex-rust
c33e778f539cc17017a5fe251b72c15f7f79c035	static-lunr
c33e778f539cc17017a5fe251b72c15f7f79c035	test/add-http-tests-and-fix-stdio
c33e778f539cc17017a5fe251b72c15f7f79c035	windows-moukaeritai-work
c42c655949482a4edbc39757cecf77bbf0fd8f12	9b7310d2-2d5c-4b70-8fd3-f286f3cfc61b
c42c655949482a4edbc39757cecf77bbf0fd8f12	git-hangup-investigation
c42c655949482a4edbc39757cecf77bbf0fd8f12	git-lfs-lite
c42c655949482a4edbc39757cecf77bbf0fd8f12	githooks
c42c655949482a4edbc39757cecf77bbf0fd8f12	llama-cpp-tk
c42c655949482a4edbc39757cecf77bbf0fd8f12	mcp
c42c655949482a4edbc39757cecf77bbf0fd8f12	mdns-inspector
c42c655949482a4edbc39757cecf77bbf0fd8f12	mouse-pointer
c42c655949482a4edbc39757cecf77bbf0fd8f12	pictogram
c42c655949482a4edbc39757cecf77bbf0fd8f12	remove-desktop-ini
c42c655949482a4edbc39757cecf77bbf0fd8f12	shellex-rust
c42c655949482a4edbc39757cecf77bbf0fd8f12	static-lunr
c42c655949482a4edbc39757cecf77bbf0fd8f12	test/add-http-tests-and-fix-stdio
c42c655949482a4edbc39757cecf77bbf0fd8f12	windows-moukaeritai-work
c44b87d6c5105676543e2414636f4d9bbe8a80d0	9b7310d2-2d5c-4b70-8fd3-f286f3cfc61b
c44b87d6c5105676543e2414636f4d9bbe8a80d0	feat/mcp-filelist-server
c44b87d6c5105676543e2414636f4d9bbe8a80d0	git-hangup-investigation
c44b87d6c5105676543e2414636f4d9bbe8a80d0	git-lfs-lite
c44b87d6c5105676543e2414636f4d9bbe8a80d0	githooks
c44b87d6c5105676543e2414636f4d9bbe8a80d0	llama-cpp-tk
c44b87d6c5105676543e2414636f4d9bbe8a80d0	mcp
c44b87d6c5105676543e2414636f4d9bbe8a80d0	mdns-inspector
c44b87d6c5105676543e2414636f4d9bbe8a80d0	mouse-pointer
c44b87d6c5105676543e2414636f4d9bbe8a80d0	pictogram
c44b87d6c5105676543e2414636f4d9bbe8a80d0	remove-desktop-ini
c44b87d6c5105676543e2414636f4d9bbe8a80d0	shellex-rust
c44b87d6c5105676543e2414636f4d9bbe8a80d0	static-lunr
c44b87d6c5105676543e2414636f4d9bbe8a80d0	test/add-http-tests-and-fix-stdio
c44b87d6c5105676543e2414636f4d9bbe8a80d0	windows-moukaeritai-work
c482bb4a6b823373804092cf07edb56a7a304f39	9b7310d2-2d5c-4b70-8fd3-f286f3cfc61b
c482bb4a6b823373804092cf07edb56a7a304f39	feat/mcp-filelist-server
c482bb4a6b823373804092cf07edb56a7a304f39	git-hangup-investigation
c482bb4a6b823373804092cf07edb56a7a304f39	git-lfs-lite
c482bb4a6b823373804092cf07edb56a7a304f39	githooks
c482bb4a6b823373804092cf07edb56a7a304f39	llama-cpp-tk
c482bb4a6b823373804092cf07edb56a7a304f39	mcp
c482bb4a6b823373804092cf07edb56a7a304f39	mdns-inspector
c482bb4a6b823373804092cf07edb56a7a304f39	mouse-pointer
c482bb4a6b823373804092cf07edb56a7a304f39	pictogram
c482bb4a6b823373804092cf07edb56a7a304f39	remove-desktop-ini
c482bb4a6b823373804092cf07edb56a7a304f39	shellex-rust
c482bb4a6b823373804092cf07edb56a7a304f39	static-lunr
c482bb4a6b823373804092cf07edb56a7a304f39	test/add-http-tests-and-fix-stdio
c482bb4a6b823373804092cf07edb56a7a304f39	windows-moukaeritai-work
c5233e9fa0490ea76bb4641e7e09412bf05d2edc	9b7310d2-2d5c-4b70-8fd3-f286f3cfc61b
c5233e9fa0490ea76bb4641e7e09412bf05d2edc	git-hangup-investigation
c5233e9fa0490ea76bb4641e7e09412bf05d2edc	git-lfs-lite
c5233e9fa0490ea76bb4641e7e09412bf05d2edc	githooks
c5233e9fa0490ea76bb4641e7e09412bf05d2edc	llama-cpp-tk
c5233e9fa0490ea76bb4641e7e09412bf05d2edc	mcp
c5233e9fa0490ea76bb4641e7e09412bf05d2edc	mdns-inspector
c5233e9fa0490ea76bb4641e7e09412bf05d2edc	mouse-pointer
c5233e9fa0490ea76bb4641e7e09412bf05d2edc	pictogram
c5233e9fa0490ea76bb4641e7e09412bf05d2edc	remove-desktop-ini
c5233e9fa0490ea76bb4641e7e09412bf05d2edc	shellex-rust
c5233e9fa0490ea76bb4641e7e09412bf05d2edc	static-lunr
c5233e9fa0490ea76bb4641e7e09412bf05d2edc	test/add-http-tests-and-fix-stdio
c5233e9fa0490ea76bb4641e7e09412bf05d2edc	windows-moukaeritai-work
c53e27adbbda770e4242e082f26cc391743ab3ab	9b7310d2-2d5c-4b70-8fd3-f286f3cfc61b
c53e27adbbda770e4242e082f26cc391743ab3ab	git-hangup-investigation
c53e27adbbda770e4242e082f26cc391743ab3ab	git-lfs-lite
c53e27adbbda770e4242e082f26cc391743ab3ab	githooks
c53e27adbbda770e4242e082f26cc391743ab3ab	llama-cpp-tk
c53e27adbbda770e4242e082f26cc391743ab3ab	mcp
c53e27adbbda770e4242e082f26cc391743ab3ab	mdns-inspector
c53e27adbbda770e4242e082f26cc391743ab3ab	mouse-pointer
c53e27adbbda770e4242e082f26cc391743ab3ab	pictogram
c53e27adbbda770e4242e082f26cc391743ab3ab	remove-desktop-ini
c53e27adbbda770e4242e082f26cc391743ab3ab	shellex-rust
c53e27adbbda770e4242e082f26cc391743ab3ab	static-lunr
c53e27adbbda770e4242e082f26cc391743ab3ab	test/add-http-tests-and-fix-stdio
c53e27adbbda770e4242e082f26cc391743ab3ab	windows-moukaeritai-work
c6197414c1e69e1fc5f824a9daaa9da0fb07a623	9b7310d2-2d5c-4b70-8fd3-f286f3cfc61b
c6197414c1e69e1fc5f824a9daaa9da0fb07a623	feat/mcp-filelist-server
c6197414c1e69e1fc5f824a9daaa9da0fb07a623	git-hangup-investigation
c6197414c1e69e1fc5f824a9daaa9da0fb07a623	git-lfs-lite
c6197414c1e69e1fc5f824a9daaa9da0fb07a623	githooks
c6197414c1e69e1fc5f824a9daaa9da0fb07a623	llama-cpp-tk
c6197414c1e69e1fc5f824a9daaa9da0fb07a623	mcp
c6197414c1e69e1fc5f824a9daaa9da0fb07a623	mdns-inspector
c6197414c1e69e1fc5f824a9daaa9da0fb07a623	mouse-pointer
c6197414c1e69e1fc5f824a9daaa9da0fb07a623	pictogram
c6197414c1e69e1fc5f824a9daaa9da0fb07a623	remove-desktop-ini
c6197414c1e69e1fc5f824a9daaa9da0fb07a623	shellex-rust
c6197414c1e69e1fc5f824a9daaa9da0fb07a623	static-lunr
c6197414c1e69e1fc5f824a9daaa9da0fb07a623	test/add-http-tests-and-fix-stdio
c6197414c1e69e1fc5f824a9daaa9da0fb07a623	windows-moukaeritai-work
c6d9907563d27592a69b902cbc2c3bcd95bcbe63	9b7310d2-2d5c-4b70-8fd3-f286f3cfc61b
c6d9907563d27592a69b902cbc2c3bcd95bcbe63	git-hangup-investigation
c6d9907563d27592a69b902cbc2c3bcd95bcbe63	git-lfs-lite
c6d9907563d27592a69b902cbc2c3bcd95bcbe63	githooks
c6d9907563d27592a69b902cbc2c3bcd95bcbe63	llama-cpp-tk
c6d9907563d27592a69b902cbc2c3bcd95bcbe63	mcp
c6d9907563d27592a69b902cbc2c3bcd95bcbe63	mdns-inspector
c6d9907563d27592a69b902cbc2c3bcd95bcbe63	mouse-pointer
c6d9907563d27592a69b902cbc2c3bcd95bcbe63	pictogram
c6d9907563d27592a69b902cbc2c3bcd95bcbe63	remove-desktop-ini
c6d9907563d27592a69b902cbc2c3bcd95bcbe63	shellex-rust
c6d9907563d27592a69b902cbc2c3bcd95bcbe63	static-lunr
c6d9907563d27592a69b902cbc2c3bcd95bcbe63	test/add-http-tests-and-fix-stdio
c6d9907563d27592a69b902cbc2c3bcd95bcbe63	windows-moukaeritai-work
c73b69b2fb1a29be62e34e5f361698ff7341b121	9b7310d2-2d5c-4b70-8fd3-f286f3cfc61b
c73b69b2fb1a29be62e34e5f361698ff7341b121	git-hangup-investigation
c73b69b2fb1a29be62e34e5f361698ff7341b121	git-lfs-lite
c73b69b2fb1a29be62e34e5f361698ff7341b121	githooks
c73b69b2fb1a29be62e34e5f361698ff7341b121	llama-cpp-tk
c73b69b2fb1a29be62e34e5f361698ff7341b121	mcp
c73b69b2fb1a29be62e34e5f361698ff7341b121	mdns-inspector
c73b69b2fb1a29be62e34e5f361698ff7341b121	mouse-pointer
c73b69b2fb1a29be62e34e5f361698ff7341b121	pictogram
c73b69b2fb1a29be62e34e5f361698ff7341b121	remove-desktop-ini
c73b69b2fb1a29be62e34e5f361698ff7341b121	shellex-rust
c73b69b2fb1a29be62e34e5f361698ff7341b121	static-lunr
c73b69b2fb1a29be62e34e5f361698ff7341b121	test/add-http-tests-and-fix-stdio
c73b69b2fb1a29be62e34e5f361698ff7341b121	windows-moukaeritai-work
c7a209bd433ff7c932570cbaacf0f989beaab325	9b7310d2-2d5c-4b70-8fd3-f286f3cfc61b
c7a209bd433ff7c932570cbaacf0f989beaab325	git-hangup-investigation
c7a209bd433ff7c932570cbaacf0f989beaab325	git-lfs-lite
c7a209bd433ff7c932570cbaacf0f989beaab325	githooks
c7a209bd433ff7c932570cbaacf0f989beaab325	llama-cpp-tk
c7a209bd433ff7c932570cbaacf0f989beaab325	mcp
c7a209bd433ff7c932570cbaacf0f989beaab325	mdns-inspector
c7a209bd433ff7c932570cbaacf0f989beaab325	mouse-pointer
c7a209bd433ff7c932570cbaacf0f989beaab325	pictogram
c7a209bd433ff7c932570cbaacf0f989beaab325	remove-desktop-ini
c7a209bd433ff7c932570cbaacf0f989beaab325	shellex-rust
c7a209bd433ff7c932570cbaacf0f989beaab325	static-lunr
c7a209bd433ff7c932570cbaacf0f989beaab325	test/add-http-tests-and-fix-stdio
c7a209bd433ff7c932570cbaacf0f989beaab325	windows-moukaeritai-work
c8bed4616ad17734fe8cc01ebf17d1f2b8670b80	9b7310d2-2d5c-4b70-8fd3-f286f3cfc61b
c8bed4616ad17734fe8cc01ebf17d1f2b8670b80	git-hangup-investigation
c8bed4616ad17734fe8cc01ebf17d1f2b8670b80	git-lfs-lite
c8bed4616ad17734fe8cc01ebf17d1f2b8670b80	githooks
c8bed4616ad17734fe8cc01ebf17d1f2b8670b80	llama-cpp-tk
c8bed4616ad17734fe8cc01ebf17d1f2b8670b80	mcp
c8bed4616ad17734fe8cc01ebf17d1f2b8670b80	mdns-inspector
c8bed4616ad17734fe8cc01ebf17d1f2b8670b80	mouse-pointer
c8bed4616ad17734fe8cc01ebf17d1f2b8670b80	pictogram
c8bed4616ad17734fe8cc01ebf17d1f2b8670b80	remove-desktop-ini
c8bed4616ad17734fe8cc01ebf17d1f2b8670b80	shellex-rust
c8bed4616ad17734fe8cc01ebf17d1f2b8670b80	static-lunr
c8bed4616ad17734fe8cc01ebf17d1f2b8670b80	test/add-http-tests-and-fix-stdio
c8bed4616ad17734fe8cc01ebf17d1f2b8670b80	windows-moukaeritai-work
ca4548e32fb9742251c520e1872c3aabc4aafe1f	9b7310d2-2d5c-4b70-8fd3-f286f3cfc61b
ca4548e32fb9742251c520e1872c3aabc4aafe1f	git-hangup-investigation
ca4548e32fb9742251c520e1872c3aabc4aafe1f	git-lfs-lite
ca4548e32fb9742251c520e1872c3aabc4aafe1f	githooks
ca4548e32fb9742251c520e1872c3aabc4aafe1f	llama-cpp-tk
ca4548e32fb9742251c520e1872c3aabc4aafe1f	mcp
ca4548e32fb9742251c520e1872c3aabc4aafe1f	mdns-inspector
ca4548e32fb9742251c520e1872c3aabc4aafe1f	mouse-pointer
ca4548e32fb9742251c520e1872c3aabc4aafe1f	pictogram
ca4548e32fb9742251c520e1872c3aabc4aafe1f	remove-desktop-ini
ca4548e32fb9742251c520e1872c3aabc4aafe1f	shellex-rust
ca4548e32fb9742251c520e1872c3aabc4aafe1f	static-lunr
ca4548e32fb9742251c520e1872c3aabc4aafe1f	test/add-http-tests-and-fix-stdio
ca4548e32fb9742251c520e1872c3aabc4aafe1f	windows-moukaeritai-work
ca5718b2075b896301027408123717f6af8f097b	9b7310d2-2d5c-4b70-8fd3-f286f3cfc61b
ca5718b2075b896301027408123717f6af8f097b	git-hangup-investigation
ca5718b2075b896301027408123717f6af8f097b	git-lfs-lite
ca5718b2075b896301027408123717f6af8f097b	githooks
ca5718b2075b896301027408123717f6af8f097b	llama-cpp-tk
ca5718b2075b896301027408123717f6af8f097b	mcp
ca5718b2075b896301027408123717f6af8f097b	mdns-inspector
ca5718b2075b896301027408123717f6af8f097b	mouse-pointer
ca5718b2075b896301027408123717f6af8f097b	pictogram
ca5718b2075b896301027408123717f6af8f097b	remove-desktop-ini
ca5718b2075b896301027408123717f6af8f097b	shellex-rust
ca5718b2075b896301027408123717f6af8f097b	static-lunr
ca5718b2075b896301027408123717f6af8f097b	test/add-http-tests-and-fix-stdio
ca5718b2075b896301027408123717f6af8f097b	windows-moukaeritai-work
cb35cada1128a403f09e1fd12704c199fa25fa34	9b7310d2-2d5c-4b70-8fd3-f286f3cfc61b
cb35cada1128a403f09e1fd12704c199fa25fa34	feat/mcp-filelist-server
cb35cada1128a403f09e1fd12704c199fa25fa34	git-hangup-investigation
cb35cada1128a403f09e1fd12704c199fa25fa34	git-lfs-lite
cb35cada1128a403f09e1fd12704c199fa25fa34	githooks
cb35cada1128a403f09e1fd12704c199fa25fa34	llama-cpp-tk
cb35cada1128a403f09e1fd12704c199fa25fa34	mcp
cb35cada1128a403f09e1fd12704c199fa25fa34	mdns-inspector
cb35cada1128a403f09e1fd12704c199fa25fa34	mouse-pointer
cb35cada1128a403f09e1fd12704c199fa25fa34	pictogram
cb35cada1128a403f09e1fd12704c199fa25fa34	remove-desktop-ini
cb35cada1128a403f09e1fd12704c199fa25fa34	shellex-rust
cb35cada1128a403f09e1fd12704c199fa25fa34	static-lunr
cb35cada1128a403f09e1fd12704c199fa25fa34	test/add-http-tests-and-fix-stdio
cb35cada1128a403f09e1fd12704c199fa25fa34	windows-moukaeritai-work
cc6f5e5f18a0d81c79078ad4db6e58a0d5d35f35	9b7310d2-2d5c-4b70-8fd3-f286f3cfc61b
cc6f5e5f18a0d81c79078ad4db6e58a0d5d35f35	git-hangup-investigation
cc6f5e5f18a0d81c79078ad4db6e58a0d5d35f35	git-lfs-lite
cc6f5e5f18a0d81c79078ad4db6e58a0d5d35f35	githooks
cc6f5e5f18a0d81c79078ad4db6e58a0d5d35f35	llama-cpp-tk
cc6f5e5f18a0d81c79078ad4db6e58a0d5d35f35	mcp
cc6f5e5f18a0d81c79078ad4db6e58a0d5d35f35	mdns-inspector
cc6f5e5f18a0d81c79078ad4db6e58a0d5d35f35	mouse-pointer
cc6f5e5f18a0d81c79078ad4db6e58a0d5d35f35	pictogram
cc6f5e5f18a0d81c79078ad4db6e58a0d5d35f35	remove-desktop-ini
cc6f5e5f18a0d81c79078ad4db6e58a0d5d35f35	shellex-rust
cc6f5e5f18a0d81c79078ad4db6e58a0d5d35f35	static-lunr
cc6f5e5f18a0d81c79078ad4db6e58a0d5d35f35	test/add-http-tests-and-fix-stdio
cc6f5e5f18a0d81c79078ad4db6e58a0d5d35f35	windows-moukaeritai-work
cd383faedb541965721f007ca4e3fa53a5f23326	9b7310d2-2d5c-4b70-8fd3-f286f3cfc61b
cd383faedb541965721f007ca4e3fa53a5f23326	git-hangup-investigation
cd383faedb541965721f007ca4e3fa53a5f23326	git-lfs-lite
cd383faedb541965721f007ca4e3fa53a5f23326	githooks
cd383faedb541965721f007ca4e3fa53a5f23326	llama-cpp-tk
cd383faedb541965721f007ca4e3fa53a5f23326	mcp
cd383faedb541965721f007ca4e3fa53a5f23326	mdns-inspector
cd383faedb541965721f007ca4e3fa53a5f23326	mouse-pointer
cd383faedb541965721f007ca4e3fa53a5f23326	pictogram
cd383faedb541965721f007ca4e3fa53a5f23326	remove-desktop-ini
cd383faedb541965721f007ca4e3fa53a5f23326	shellex-rust
cd383faedb541965721f007ca4e3fa53a5f23326	static-lunr
cd383faedb541965721f007ca4e3fa53a5f23326	test/add-http-tests-and-fix-stdio
cd383faedb541965721f007ca4e3fa53a5f23326	windows-moukaeritai-work
ce130fb665293e9d9512605cd3672ddee9b10179	9b7310d2-2d5c-4b70-8fd3-f286f3cfc61b
ce130fb665293e9d9512605cd3672ddee9b10179	git-hangup-investigation
ce130fb665293e9d9512605cd3672ddee9b10179	git-lfs-lite
ce130fb665293e9d9512605cd3672ddee9b10179	githooks
ce130fb665293e9d9512605cd3672ddee9b10179	llama-cpp-tk
ce130fb665293e9d9512605cd3672ddee9b10179	mcp
ce130fb665293e9d9512605cd3672ddee9b10179	mdns-inspector
ce130fb665293e9d9512605cd3672ddee9b10179	mouse-pointer
ce130fb665293e9d9512605cd3672ddee9b10179	pictogram
ce130fb665293e9d9512605cd3672ddee9b10179	remove-desktop-ini
ce130fb665293e9d9512605cd3672ddee9b10179	shellex-rust
ce130fb665293e9d9512605cd3672ddee9b10179	static-lunr
ce130fb665293e9d9512605cd3672ddee9b10179	test/add-http-tests-and-fix-stdio
ce130fb665293e9d9512605cd3672ddee9b10179	windows-moukaeritai-work
ced43ebbf832a699c0ec6295e66ce08b5f089052	9b7310d2-2d5c-4b70-8fd3-f286f3cfc61b
ced43ebbf832a699c0ec6295e66ce08b5f089052	git-hangup-investigation
ced43ebbf832a699c0ec6295e66ce08b5f089052	git-lfs-lite
ced43ebbf832a699c0ec6295e66ce08b5f089052	githooks
ced43ebbf832a699c0ec6295e66ce08b5f089052	llama-cpp-tk
ced43ebbf832a699c0ec6295e66ce08b5f089052	mcp
ced43ebbf832a699c0ec6295e66ce08b5f089052	mdns-inspector
ced43ebbf832a699c0ec6295e66ce08b5f089052	mouse-pointer
ced43ebbf832a699c0ec6295e66ce08b5f089052	pictogram
ced43ebbf832a699c0ec6295e66ce08b5f089052	remove-desktop-ini
ced43ebbf832a699c0ec6295e66ce08b5f089052	shellex-rust
ced43ebbf832a699c0ec6295e66ce08b5f089052	static-lunr
ced43ebbf832a699c0ec6295e66ce08b5f089052	test/add-http-tests-and-fix-stdio
ced43ebbf832a699c0ec6295e66ce08b5f089052	windows-moukaeritai-work
cf197455b00980c00e2ab581c4b417794acf4928	9b7310d2-2d5c-4b70-8fd3-f286f3cfc61b
cf197455b00980c00e2ab581c4b417794acf4928	git-hangup-investigation
cf197455b00980c00e2ab581c4b417794acf4928	git-lfs-lite
cf197455b00980c00e2ab581c4b417794acf4928	githooks
cf197455b00980c00e2ab581c4b417794acf4928	llama-cpp-tk
cf197455b00980c00e2ab581c4b417794acf4928	mcp
cf197455b00980c00e2ab581c4b417794acf4928	mdns-inspector
cf197455b00980c00e2ab581c4b417794acf4928	mouse-pointer
cf197455b00980c00e2ab581c4b417794acf4928	pictogram
cf197455b00980c00e2ab581c4b417794acf4928	remove-desktop-ini
cf197455b00980c00e2ab581c4b417794acf4928	shellex-rust
cf197455b00980c00e2ab581c4b417794acf4928	static-lunr
cf197455b00980c00e2ab581c4b417794acf4928	test/add-http-tests-and-fix-stdio
cf197455b00980c00e2ab581c4b417794acf4928	windows-moukaeritai-work
cf33f763ce89c06795044b804c4f064175c9719e	9b7310d2-2d5c-4b70-8fd3-f286f3cfc61b
cf33f763ce89c06795044b804c4f064175c9719e	git-hangup-investigation
cf33f763ce89c06795044b804c4f064175c9719e	git-lfs-lite
cf33f763ce89c06795044b804c4f064175c9719e	githooks
cf33f763ce89c06795044b804c4f064175c9719e	llama-cpp-tk
cf33f763ce89c06795044b804c4f064175c9719e	mcp
cf33f763ce89c06795044b804c4f064175c9719e	mdns-inspector
cf33f763ce89c06795044b804c4f064175c9719e	mouse-pointer
cf33f763ce89c06795044b804c4f064175c9719e	pictogram
cf33f763ce89c06795044b804c4f064175c9719e	remove-desktop-ini
cf33f763ce89c06795044b804c4f064175c9719e	shellex-rust
cf33f763ce89c06795044b804c4f064175c9719e	static-lunr
cf33f763ce89c06795044b804c4f064175c9719e	test/add-http-tests-and-fix-stdio
cf33f763ce89c06795044b804c4f064175c9719e	windows-moukaeritai-work
cf684dc2f608bbf07520a8e96da9fd029f3ed3df	9b7310d2-2d5c-4b70-8fd3-f286f3cfc61b
cf684dc2f608bbf07520a8e96da9fd029f3ed3df	git-hangup-investigation
cf684dc2f608bbf07520a8e96da9fd029f3ed3df	git-lfs-lite
cf684dc2f608bbf07520a8e96da9fd029f3ed3df	githooks
cf684dc2f608bbf07520a8e96da9fd029f3ed3df	llama-cpp-tk
cf684dc2f608bbf07520a8e96da9fd029f3ed3df	mcp
cf684dc2f608bbf07520a8e96da9fd029f3ed3df	mdns-inspector
cf684dc2f608bbf07520a8e96da9fd029f3ed3df	mouse-pointer
cf684dc2f608bbf07520a8e96da9fd029f3ed3df	pictogram
cf684dc2f608bbf07520a8e96da9fd029f3ed3df	remove-desktop-ini
cf684dc2f608bbf07520a8e96da9fd029f3ed3df	shellex-rust
cf684dc2f608bbf07520a8e96da9fd029f3ed3df	static-lunr
cf684dc2f608bbf07520a8e96da9fd029f3ed3df	test/add-http-tests-and-fix-stdio
cf684dc2f608bbf07520a8e96da9fd029f3ed3df	windows-moukaeritai-work
cfad6b1664ee60b4e16c9c8a067404d07e238b73	9b7310d2-2d5c-4b70-8fd3-f286f3cfc61b
cfad6b1664ee60b4e16c9c8a067404d07e238b73	git-hangup-investigation
cfad6b1664ee60b4e16c9c8a067404d07e238b73	git-lfs-lite
cfad6b1664ee60b4e16c9c8a067404d07e238b73	githooks
cfad6b1664ee60b4e16c9c8a067404d07e238b73	llama-cpp-tk
cfad6b1664ee60b4e16c9c8a067404d07e238b73	mcp
cfad6b1664ee60b4e16c9c8a067404d07e238b73	mdns-inspector
cfad6b1664ee60b4e16c9c8a067404d07e238b73	mouse-pointer
cfad6b1664ee60b4e16c9c8a067404d07e238b73	pictogram
cfad6b1664ee60b4e16c9c8a067404d07e238b73	remove-desktop-ini
cfad6b1664ee60b4e16c9c8a067404d07e238b73	shellex-rust
cfad6b1664ee60b4e16c9c8a067404d07e238b73	static-lunr
cfad6b1664ee60b4e16c9c8a067404d07e238b73	test/add-http-tests-and-fix-stdio
cfad6b1664ee60b4e16c9c8a067404d07e238b73	windows-moukaeritai-work
cfc13b7e35b1d9e4498b6897d784263b0dee782b	9b7310d2-2d5c-4b70-8fd3-f286f3cfc61b
cfc13b7e35b1d9e4498b6897d784263b0dee782b	git-hangup-investigation
cfc13b7e35b1d9e4498b6897d784263b0dee782b	git-lfs-lite
cfc13b7e35b1d9e4498b6897d784263b0dee782b	githooks
cfc13b7e35b1d9e4498b6897d784263b0dee782b	llama-cpp-tk
cfc13b7e35b1d9e4498b6897d784263b0dee782b	mcp
cfc13b7e35b1d9e4498b6897d784263b0dee782b	mdns-inspector
cfc13b7e35b1d9e4498b6897d784263b0dee782b	mouse-pointer
cfc13b7e35b1d9e4498b6897d784263b0dee782b	pictogram
cfc13b7e35b1d9e4498b6897d784263b0dee782b	remove-desktop-ini
cfc13b7e35b1d9e4498b6897d784263b0dee782b	shellex-rust
cfc13b7e35b1d9e4498b6897d784263b0dee782b	static-lunr
cfc13b7e35b1d9e4498b6897d784263b0dee782b	test/add-http-tests-and-fix-stdio
cfc13b7e35b1d9e4498b6897d784263b0dee782b	windows-moukaeritai-work
cfca28a8eeae0cf78f0071261191ee2709a036de	9b7310d2-2d5c-4b70-8fd3-f286f3cfc61b
cfca28a8eeae0cf78f0071261191ee2709a036de	git-hangup-investigation
cfca28a8eeae0cf78f0071261191ee2709a036de	git-lfs-lite
cfca28a8eeae0cf78f0071261191ee2709a036de	githooks
cfca28a8eeae0cf78f0071261191ee2709a036de	llama-cpp-tk
cfca28a8eeae0cf78f0071261191ee2709a036de	mcp
cfca28a8eeae0cf78f0071261191ee2709a036de	mdns-inspector
cfca28a8eeae0cf78f0071261191ee2709a036de	mouse-pointer
cfca28a8eeae0cf78f0071261191ee2709a036de	pictogram
cfca28a8eeae0cf78f0071261191ee2709a036de	remove-desktop-ini
cfca28a8eeae0cf78f0071261191ee2709a036de	shellex-rust
cfca28a8eeae0cf78f0071261191ee2709a036de	static-lunr
cfca28a8eeae0cf78f0071261191ee2709a036de	test/add-http-tests-and-fix-stdio
cfca28a8eeae0cf78f0071261191ee2709a036de	windows-moukaeritai-work
cfdd1f8c748af6deadff8a6d826665623b049c6e	9b7310d2-2d5c-4b70-8fd3-f286f3cfc61b
cfdd1f8c748af6deadff8a6d826665623b049c6e	git-hangup-investigation
cfdd1f8c748af6deadff8a6d826665623b049c6e	git-lfs-lite
cfdd1f8c748af6deadff8a6d826665623b049c6e	githooks
cfdd1f8c748af6deadff8a6d826665623b049c6e	llama-cpp-tk
cfdd1f8c748af6deadff8a6d826665623b049c6e	mcp
cfdd1f8c748af6deadff8a6d826665623b049c6e	mdns-inspector
cfdd1f8c748af6deadff8a6d826665623b049c6e	mouse-pointer
cfdd1f8c748af6deadff8a6d826665623b049c6e	pictogram
cfdd1f8c748af6deadff8a6d826665623b049c6e	remove-desktop-ini
cfdd1f8c748af6deadff8a6d826665623b049c6e	shellex-rust
cfdd1f8c748af6deadff8a6d826665623b049c6e	static-lunr
cfdd1f8c748af6deadff8a6d826665623b049c6e	test/add-http-tests-and-fix-stdio
cfdd1f8c748af6deadff8a6d826665623b049c6e	windows-moukaeritai-work
d0038a6ecd2867296272d1a984504d4abcb4af83	9b7310d2-2d5c-4b70-8fd3-f286f3cfc61b
d0038a6ecd2867296272d1a984504d4abcb4af83	git-hangup-investigation
d0038a6ecd2867296272d1a984504d4abcb4af83	git-lfs-lite
d0038a6ecd2867296272d1a984504d4abcb4af83	githooks
d0038a6ecd2867296272d1a984504d4abcb4af83	llama-cpp-tk
d0038a6ecd2867296272d1a984504d4abcb4af83	mcp
d0038a6ecd2867296272d1a984504d4abcb4af83	mdns-inspector
d0038a6ecd2867296272d1a984504d4abcb4af83	mouse-pointer
d0038a6ecd2867296272d1a984504d4abcb4af83	pictogram
d0038a6ecd2867296272d1a984504d4abcb4af83	remove-desktop-ini
d0038a6ecd2867296272d1a984504d4abcb4af83	shellex-rust
d0038a6ecd2867296272d1a984504d4abcb4af83	static-lunr
d0038a6ecd2867296272d1a984504d4abcb4af83	test/add-http-tests-and-fix-stdio
d0038a6ecd2867296272d1a984504d4abcb4af83	windows-moukaeritai-work
d1762b1c0f0116e6d17265da56ff90b60ed094d7	9b7310d2-2d5c-4b70-8fd3-f286f3cfc61b
d1762b1c0f0116e6d17265da56ff90b60ed094d7	git-hangup-investigation
d1762b1c0f0116e6d17265da56ff90b60ed094d7	git-lfs-lite
d1762b1c0f0116e6d17265da56ff90b60ed094d7	githooks
d1762b1c0f0116e6d17265da56ff90b60ed094d7	llama-cpp-tk
d1762b1c0f0116e6d17265da56ff90b60ed094d7	mcp
d1762b1c0f0116e6d17265da56ff90b60ed094d7	mdns-inspector
d1762b1c0f0116e6d17265da56ff90b60ed094d7	mouse-pointer
d1762b1c0f0116e6d17265da56ff90b60ed094d7	pictogram
d1762b1c0f0116e6d17265da56ff90b60ed094d7	remove-desktop-ini
d1762b1c0f0116e6d17265da56ff90b60ed094d7	shellex-rust
d1762b1c0f0116e6d17265da56ff90b60ed094d7	static-lunr
d1762b1c0f0116e6d17265da56ff90b60ed094d7	test/add-http-tests-and-fix-stdio
d1762b1c0f0116e6d17265da56ff90b60ed094d7	windows-moukaeritai-work
d21f161dd5d139ed7c2723cba53a174244d740b4	9b7310d2-2d5c-4b70-8fd3-f286f3cfc61b
d21f161dd5d139ed7c2723cba53a174244d740b4	git-hangup-investigation
d21f161dd5d139ed7c2723cba53a174244d740b4	git-lfs-lite
d21f161dd5d139ed7c2723cba53a174244d740b4	githooks
d21f161dd5d139ed7c2723cba53a174244d740b4	llama-cpp-tk
d21f161dd5d139ed7c2723cba53a174244d740b4	mcp
d21f161dd5d139ed7c2723cba53a174244d740b4	mdns-inspector
d21f161dd5d139ed7c2723cba53a174244d740b4	mouse-pointer
d21f161dd5d139ed7c2723cba53a174244d740b4	pictogram
d21f161dd5d139ed7c2723cba53a174244d740b4	remove-desktop-ini
d21f161dd5d139ed7c2723cba53a174244d740b4	shellex-rust
d21f161dd5d139ed7c2723cba53a174244d740b4	static-lunr
d21f161dd5d139ed7c2723cba53a174244d740b4	test/add-http-tests-and-fix-stdio
d21f161dd5d139ed7c2723cba53a174244d740b4	windows-moukaeritai-work
d230da54af845133ee1912fd0cd428f41367a11e	9b7310d2-2d5c-4b70-8fd3-f286f3cfc61b
d230da54af845133ee1912fd0cd428f41367a11e	git-hangup-investigation
d230da54af845133ee1912fd0cd428f41367a11e	git-lfs-lite
d230da54af845133ee1912fd0cd428f41367a11e	githooks
d230da54af845133ee1912fd0cd428f41367a11e	llama-cpp-tk
d230da54af845133ee1912fd0cd428f41367a11e	mcp
d230da54af845133ee1912fd0cd428f41367a11e	mdns-inspector
d230da54af845133ee1912fd0cd428f41367a11e	mouse-pointer
d230da54af845133ee1912fd0cd428f41367a11e	pictogram
d230da54af845133ee1912fd0cd428f41367a11e	remove-desktop-ini
d230da54af845133ee1912fd0cd428f41367a11e	shellex-rust
d230da54af845133ee1912fd0cd428f41367a11e	static-lunr
d230da54af845133ee1912fd0cd428f41367a11e	test/add-http-tests-and-fix-stdio
d230da54af845133ee1912fd0cd428f41367a11e	windows-moukaeritai-work
d2e08648c8b58c8f239053baf16fd548f9a53afd	9b7310d2-2d5c-4b70-8fd3-f286f3cfc61b
d2e08648c8b58c8f239053baf16fd548f9a53afd	git-hangup-investigation
d2e08648c8b58c8f239053baf16fd548f9a53afd	git-lfs-lite
d2e08648c8b58c8f239053baf16fd548f9a53afd	githooks
d2e08648c8b58c8f239053baf16fd548f9a53afd	llama-cpp-tk
d2e08648c8b58c8f239053baf16fd548f9a53afd	mcp
d2e08648c8b58c8f239053baf16fd548f9a53afd	mdns-inspector
d2e08648c8b58c8f239053baf16fd548f9a53afd	mouse-pointer
d2e08648c8b58c8f239053baf16fd548f9a53afd	pictogram
d2e08648c8b58c8f239053baf16fd548f9a53afd	remove-desktop-ini
d2e08648c8b58c8f239053baf16fd548f9a53afd	shellex-rust
d2e08648c8b58c8f239053baf16fd548f9a53afd	static-lunr
d2e08648c8b58c8f239053baf16fd548f9a53afd	test/add-http-tests-and-fix-stdio
d2e08648c8b58c8f239053baf16fd548f9a53afd	windows-moukaeritai-work
d30424f7d6305bceb6fe51ef6e3912cc16d2d4df	9b7310d2-2d5c-4b70-8fd3-f286f3cfc61b
d30424f7d6305bceb6fe51ef6e3912cc16d2d4df	git-hangup-investigation
d30424f7d6305bceb6fe51ef6e3912cc16d2d4df	git-lfs-lite
d30424f7d6305bceb6fe51ef6e3912cc16d2d4df	githooks
d30424f7d6305bceb6fe51ef6e3912cc16d2d4df	llama-cpp-tk
d30424f7d6305bceb6fe51ef6e3912cc16d2d4df	mcp
d30424f7d6305bceb6fe51ef6e3912cc16d2d4df	mdns-inspector
d30424f7d6305bceb6fe51ef6e3912cc16d2d4df	mouse-pointer
d30424f7d6305bceb6fe51ef6e3912cc16d2d4df	pictogram
d30424f7d6305bceb6fe51ef6e3912cc16d2d4df	remove-desktop-ini
d30424f7d6305bceb6fe51ef6e3912cc16d2d4df	shellex-rust
d30424f7d6305bceb6fe51ef6e3912cc16d2d4df	static-lunr
d30424f7d6305bceb6fe51ef6e3912cc16d2d4df	test/add-http-tests-and-fix-stdio
d30424f7d6305bceb6fe51ef6e3912cc16d2d4df	windows-moukaeritai-work
d308f9a543631ec130df73ebffc986af32a0d16f	9b7310d2-2d5c-4b70-8fd3-f286f3cfc61b
d308f9a543631ec130df73ebffc986af32a0d16f	git-hangup-investigation
d308f9a543631ec130df73ebffc986af32a0d16f	git-lfs-lite
d308f9a543631ec130df73ebffc986af32a0d16f	githooks
d308f9a543631ec130df73ebffc986af32a0d16f	llama-cpp-tk
d308f9a543631ec130df73ebffc986af32a0d16f	mcp
d308f9a543631ec130df73ebffc986af32a0d16f	mdns-inspector
d308f9a543631ec130df73ebffc986af32a0d16f	mouse-pointer
d308f9a543631ec130df73ebffc986af32a0d16f	pictogram
d308f9a543631ec130df73ebffc986af32a0d16f	remove-desktop-ini
d308f9a543631ec130df73ebffc986af32a0d16f	shellex-rust
d308f9a543631ec130df73ebffc986af32a0d16f	static-lunr
d308f9a543631ec130df73ebffc986af32a0d16f	test/add-http-tests-and-fix-stdio
d308f9a543631ec130df73ebffc986af32a0d16f	windows-moukaeritai-work
d36ade25de5a81cf91a99b7ce8a8c70132dc0d0e	9b7310d2-2d5c-4b70-8fd3-f286f3cfc61b
d36ade25de5a81cf91a99b7ce8a8c70132dc0d0e	feat/mcp-filelist-server
d36ade25de5a81cf91a99b7ce8a8c70132dc0d0e	git-hangup-investigation
d36ade25de5a81cf91a99b7ce8a8c70132dc0d0e	git-lfs-lite
d36ade25de5a81cf91a99b7ce8a8c70132dc0d0e	githooks
d36ade25de5a81cf91a99b7ce8a8c70132dc0d0e	llama-cpp-tk
d36ade25de5a81cf91a99b7ce8a8c70132dc0d0e	mcp
d36ade25de5a81cf91a99b7ce8a8c70132dc0d0e	mdns-inspector
d36ade25de5a81cf91a99b7ce8a8c70132dc0d0e	mouse-pointer
d36ade25de5a81cf91a99b7ce8a8c70132dc0d0e	pictogram
d36ade25de5a81cf91a99b7ce8a8c70132dc0d0e	remove-desktop-ini
d36ade25de5a81cf91a99b7ce8a8c70132dc0d0e	shellex-rust
d36ade25de5a81cf91a99b7ce8a8c70132dc0d0e	static-lunr
d36ade25de5a81cf91a99b7ce8a8c70132dc0d0e	test/add-http-tests-and-fix-stdio
d36ade25de5a81cf91a99b7ce8a8c70132dc0d0e	windows-moukaeritai-work
d38f27e232f34fd8be23c2c05e1a76904c7cde43	9b7310d2-2d5c-4b70-8fd3-f286f3cfc61b
d38f27e232f34fd8be23c2c05e1a76904c7cde43	git-hangup-investigation
d38f27e232f34fd8be23c2c05e1a76904c7cde43	git-lfs-lite
d38f27e232f34fd8be23c2c05e1a76904c7cde43	githooks
d38f27e232f34fd8be23c2c05e1a76904c7cde43	llama-cpp-tk
d38f27e232f34fd8be23c2c05e1a76904c7cde43	mcp
d38f27e232f34fd8be23c2c05e1a76904c7cde43	mdns-inspector
d38f27e232f34fd8be23c2c05e1a76904c7cde43	mouse-pointer
d38f27e232f34fd8be23c2c05e1a76904c7cde43	pictogram
d38f27e232f34fd8be23c2c05e1a76904c7cde43	remove-desktop-ini
d38f27e232f34fd8be23c2c05e1a76904c7cde43	shellex-rust
d38f27e232f34fd8be23c2c05e1a76904c7cde43	static-lunr
d38f27e232f34fd8be23c2c05e1a76904c7cde43	test/add-http-tests-and-fix-stdio
d38f27e232f34fd8be23c2c05e1a76904c7cde43	windows-moukaeritai-work
d5a05929237107d7939b2f6416e50711ca0772dc	9b7310d2-2d5c-4b70-8fd3-f286f3cfc61b
d5a05929237107d7939b2f6416e50711ca0772dc	git-hangup-investigation
d5a05929237107d7939b2f6416e50711ca0772dc	git-lfs-lite
d5a05929237107d7939b2f6416e50711ca0772dc	githooks
d5a05929237107d7939b2f6416e50711ca0772dc	llama-cpp-tk
d5a05929237107d7939b2f6416e50711ca0772dc	mcp
d5a05929237107d7939b2f6416e50711ca0772dc	mdns-inspector
d5a05929237107d7939b2f6416e50711ca0772dc	mouse-pointer
d5a05929237107d7939b2f6416e50711ca0772dc	pictogram
d5a05929237107d7939b2f6416e50711ca0772dc	remove-desktop-ini
d5a05929237107d7939b2f6416e50711ca0772dc	shellex-rust
d5a05929237107d7939b2f6416e50711ca0772dc	static-lunr
d5a05929237107d7939b2f6416e50711ca0772dc	test/add-http-tests-and-fix-stdio
d5a05929237107d7939b2f6416e50711ca0772dc	windows-moukaeritai-work
d62f4492f09a703c0492e4f406147171cd787e28	9b7310d2-2d5c-4b70-8fd3-f286f3cfc61b
d62f4492f09a703c0492e4f406147171cd787e28	feat/mcp-filelist-server
d62f4492f09a703c0492e4f406147171cd787e28	git-hangup-investigation
d62f4492f09a703c0492e4f406147171cd787e28	git-lfs-lite
d62f4492f09a703c0492e4f406147171cd787e28	githooks
d62f4492f09a703c0492e4f406147171cd787e28	llama-cpp-tk
d62f4492f09a703c0492e4f406147171cd787e28	mcp
d62f4492f09a703c0492e4f406147171cd787e28	mdns-inspector
d62f4492f09a703c0492e4f406147171cd787e28	mouse-pointer
d62f4492f09a703c0492e4f406147171cd787e28	pictogram
d62f4492f09a703c0492e4f406147171cd787e28	remove-desktop-ini
d62f4492f09a703c0492e4f406147171cd787e28	shellex-rust
d62f4492f09a703c0492e4f406147171cd787e28	static-lunr
d62f4492f09a703c0492e4f406147171cd787e28	test/add-http-tests-and-fix-stdio
d62f4492f09a703c0492e4f406147171cd787e28	windows-moukaeritai-work
d7694c7f692382a133a93f2fe471b10bb7091145	9b7310d2-2d5c-4b70-8fd3-f286f3cfc61b
d7694c7f692382a133a93f2fe471b10bb7091145	feat/mcp-filelist-server
d7694c7f692382a133a93f2fe471b10bb7091145	git-hangup-investigation
d7694c7f692382a133a93f2fe471b10bb7091145	git-lfs-lite
d7694c7f692382a133a93f2fe471b10bb7091145	githooks
d7694c7f692382a133a93f2fe471b10bb7091145	llama-cpp-tk
d7694c7f692382a133a93f2fe471b10bb7091145	mcp
d7694c7f692382a133a93f2fe471b10bb7091145	mdns-inspector
d7694c7f692382a133a93f2fe471b10bb7091145	mouse-pointer
d7694c7f692382a133a93f2fe471b10bb7091145	pictogram
d7694c7f692382a133a93f2fe471b10bb7091145	remove-desktop-ini
d7694c7f692382a133a93f2fe471b10bb7091145	shellex-rust
d7694c7f692382a133a93f2fe471b10bb7091145	static-lunr
d7694c7f692382a133a93f2fe471b10bb7091145	test/add-http-tests-and-fix-stdio
d7694c7f692382a133a93f2fe471b10bb7091145	windows-moukaeritai-work
d890ffbf4b810e9156866b416d2d7a934ded0b33	9b7310d2-2d5c-4b70-8fd3-f286f3cfc61b
d890ffbf4b810e9156866b416d2d7a934ded0b33	git-hangup-investigation
d890ffbf4b810e9156866b416d2d7a934ded0b33	git-lfs-lite
d890ffbf4b810e9156866b416d2d7a934ded0b33	githooks
d890ffbf4b810e9156866b416d2d7a934ded0b33	llama-cpp-tk
d890ffbf4b810e9156866b416d2d7a934ded0b33	mcp
d890ffbf4b810e9156866b416d2d7a934ded0b33	mdns-inspector
d890ffbf4b810e9156866b416d2d7a934ded0b33	mouse-pointer
d890ffbf4b810e9156866b416d2d7a934ded0b33	pictogram
d890ffbf4b810e9156866b416d2d7a934ded0b33	remove-desktop-ini
d890ffbf4b810e9156866b416d2d7a934ded0b33	shellex-rust
d890ffbf4b810e9156866b416d2d7a934ded0b33	static-lunr
d890ffbf4b810e9156866b416d2d7a934ded0b33	test/add-http-tests-and-fix-stdio
d890ffbf4b810e9156866b416d2d7a934ded0b33	windows-moukaeritai-work
d90592bb87ad8c23b3c8905150c22cceb068dc32	9b7310d2-2d5c-4b70-8fd3-f286f3cfc61b
d90592bb87ad8c23b3c8905150c22cceb068dc32	feat/mcp-filelist-server
d90592bb87ad8c23b3c8905150c22cceb068dc32	git-hangup-investigation
d90592bb87ad8c23b3c8905150c22cceb068dc32	git-lfs-lite
d90592bb87ad8c23b3c8905150c22cceb068dc32	githooks
d90592bb87ad8c23b3c8905150c22cceb068dc32	llama-cpp-tk
d90592bb87ad8c23b3c8905150c22cceb068dc32	mcp
d90592bb87ad8c23b3c8905150c22cceb068dc32	mdns-inspector
d90592bb87ad8c23b3c8905150c22cceb068dc32	mouse-pointer
d90592bb87ad8c23b3c8905150c22cceb068dc32	pictogram
d90592bb87ad8c23b3c8905150c22cceb068dc32	remove-desktop-ini
d90592bb87ad8c23b3c8905150c22cceb068dc32	shellex-rust
d90592bb87ad8c23b3c8905150c22cceb068dc32	static-lunr
d90592bb87ad8c23b3c8905150c22cceb068dc32	test/add-http-tests-and-fix-stdio
d90592bb87ad8c23b3c8905150c22cceb068dc32	windows-moukaeritai-work
d90a15df956300f8307a3835f139b1ce1ef7c9de	9b7310d2-2d5c-4b70-8fd3-f286f3cfc61b
d90a15df956300f8307a3835f139b1ce1ef7c9de	git-hangup-investigation
d90a15df956300f8307a3835f139b1ce1ef7c9de	git-lfs-lite
d90a15df956300f8307a3835f139b1ce1ef7c9de	githooks
d90a15df956300f8307a3835f139b1ce1ef7c9de	llama-cpp-tk
d90a15df956300f8307a3835f139b1ce1ef7c9de	mcp
d90a15df956300f8307a3835f139b1ce1ef7c9de	mdns-inspector
d90a15df956300f8307a3835f139b1ce1ef7c9de	mouse-pointer
d90a15df956300f8307a3835f139b1ce1ef7c9de	pictogram
d90a15df956300f8307a3835f139b1ce1ef7c9de	remove-desktop-ini
d90a15df956300f8307a3835f139b1ce1ef7c9de	shellex-rust
d90a15df956300f8307a3835f139b1ce1ef7c9de	static-lunr
d90a15df956300f8307a3835f139b1ce1ef7c9de	test/add-http-tests-and-fix-stdio
d90a15df956300f8307a3835f139b1ce1ef7c9de	windows-moukaeritai-work
d93b26f13729e66d14270adf4d4b8bf557b7055f	9b7310d2-2d5c-4b70-8fd3-f286f3cfc61b
d93b26f13729e66d14270adf4d4b8bf557b7055f	git-hangup-investigation
d93b26f13729e66d14270adf4d4b8bf557b7055f	git-lfs-lite
d93b26f13729e66d14270adf4d4b8bf557b7055f	githooks
d93b26f13729e66d14270adf4d4b8bf557b7055f	llama-cpp-tk
d93b26f13729e66d14270adf4d4b8bf557b7055f	mcp
d93b26f13729e66d14270adf4d4b8bf557b7055f	mdns-inspector
d93b26f13729e66d14270adf4d4b8bf557b7055f	mouse-pointer
d93b26f13729e66d14270adf4d4b8bf557b7055f	pictogram
d93b26f13729e66d14270adf4d4b8bf557b7055f	remove-desktop-ini
d93b26f13729e66d14270adf4d4b8bf557b7055f	shellex-rust
d93b26f13729e66d14270adf4d4b8bf557b7055f	static-lunr
d93b26f13729e66d14270adf4d4b8bf557b7055f	test/add-http-tests-and-fix-stdio
d93b26f13729e66d14270adf4d4b8bf557b7055f	windows-moukaeritai-work
d9cab1475262f478fe5f4e57c0b237c264c5bc45	9b7310d2-2d5c-4b70-8fd3-f286f3cfc61b
d9cab1475262f478fe5f4e57c0b237c264c5bc45	git-hangup-investigation
d9cab1475262f478fe5f4e57c0b237c264c5bc45	git-lfs-lite
d9cab1475262f478fe5f4e57c0b237c264c5bc45	githooks
d9cab1475262f478fe5f4e57c0b237c264c5bc45	llama-cpp-tk
d9cab1475262f478fe5f4e57c0b237c264c5bc45	mcp
d9cab1475262f478fe5f4e57c0b237c264c5bc45	mdns-inspector
d9cab1475262f478fe5f4e57c0b237c264c5bc45	mouse-pointer
d9cab1475262f478fe5f4e57c0b237c264c5bc45	pictogram
d9cab1475262f478fe5f4e57c0b237c264c5bc45	remove-desktop-ini
d9cab1475262f478fe5f4e57c0b237c264c5bc45	shellex-rust
d9cab1475262f478fe5f4e57c0b237c264c5bc45	static-lunr
d9cab1475262f478fe5f4e57c0b237c264c5bc45	test/add-http-tests-and-fix-stdio
d9cab1475262f478fe5f4e57c0b237c264c5bc45	windows-moukaeritai-work
da0a6fb898e41ef42f539a01ea698bf5042c0f29	9b7310d2-2d5c-4b70-8fd3-f286f3cfc61b
da0a6fb898e41ef42f539a01ea698bf5042c0f29	git-hangup-investigation
da0a6fb898e41ef42f539a01ea698bf5042c0f29	git-lfs-lite
da0a6fb898e41ef42f539a01ea698bf5042c0f29	githooks
da0a6fb898e41ef42f539a01ea698bf5042c0f29	llama-cpp-tk
da0a6fb898e41ef42f539a01ea698bf5042c0f29	mcp
da0a6fb898e41ef42f539a01ea698bf5042c0f29	mdns-inspector
da0a6fb898e41ef42f539a01ea698bf5042c0f29	mouse-pointer
da0a6fb898e41ef42f539a01ea698bf5042c0f29	pictogram
da0a6fb898e41ef42f539a01ea698bf5042c0f29	remove-desktop-ini
da0a6fb898e41ef42f539a01ea698bf5042c0f29	shellex-rust
da0a6fb898e41ef42f539a01ea698bf5042c0f29	static-lunr
da0a6fb898e41ef42f539a01ea698bf5042c0f29	test/add-http-tests-and-fix-stdio
da0a6fb898e41ef42f539a01ea698bf5042c0f29	windows-moukaeritai-work
dae5dae845f0fde5c8e0ce19464381a8cf769669	9b7310d2-2d5c-4b70-8fd3-f286f3cfc61b
dae5dae845f0fde5c8e0ce19464381a8cf769669	git-hangup-investigation
dae5dae845f0fde5c8e0ce19464381a8cf769669	git-lfs-lite
dae5dae845f0fde5c8e0ce19464381a8cf769669	githooks
dae5dae845f0fde5c8e0ce19464381a8cf769669	llama-cpp-tk
dae5dae845f0fde5c8e0ce19464381a8cf769669	mcp
dae5dae845f0fde5c8e0ce19464381a8cf769669	mdns-inspector
dae5dae845f0fde5c8e0ce19464381a8cf769669	mouse-pointer
dae5dae845f0fde5c8e0ce19464381a8cf769669	pictogram
dae5dae845f0fde5c8e0ce19464381a8cf769669	remove-desktop-ini
dae5dae845f0fde5c8e0ce19464381a8cf769669	shellex-rust
dae5dae845f0fde5c8e0ce19464381a8cf769669	static-lunr
dae5dae845f0fde5c8e0ce19464381a8cf769669	test/add-http-tests-and-fix-stdio
dae5dae845f0fde5c8e0ce19464381a8cf769669	windows-moukaeritai-work
db7e94259a55dea328072a5e4e15302e1d79e38c	9b7310d2-2d5c-4b70-8fd3-f286f3cfc61b
db7e94259a55dea328072a5e4e15302e1d79e38c	feat/mcp-filelist-server
db7e94259a55dea328072a5e4e15302e1d79e38c	git-hangup-investigation
db7e94259a55dea328072a5e4e15302e1d79e38c	git-lfs-lite
db7e94259a55dea328072a5e4e15302e1d79e38c	githooks
db7e94259a55dea328072a5e4e15302e1d79e38c	llama-cpp-tk
db7e94259a55dea328072a5e4e15302e1d79e38c	mcp
db7e94259a55dea328072a5e4e15302e1d79e38c	mdns-inspector
db7e94259a55dea328072a5e4e15302e1d79e38c	mouse-pointer
db7e94259a55dea328072a5e4e15302e1d79e38c	pictogram
db7e94259a55dea328072a5e4e15302e1d79e38c	remove-desktop-ini
db7e94259a55dea328072a5e4e15302e1d79e38c	shellex-rust
db7e94259a55dea328072a5e4e15302e1d79e38c	static-lunr
db7e94259a55dea328072a5e4e15302e1d79e38c	test/add-http-tests-and-fix-stdio
db7e94259a55dea328072a5e4e15302e1d79e38c	windows-moukaeritai-work
dbad605a7bd9d798dbeeead6ae16b29fb3628d17	9b7310d2-2d5c-4b70-8fd3-f286f3cfc61b
dbad605a7bd9d798dbeeead6ae16b29fb3628d17	git-hangup-investigation
dbad605a7bd9d798dbeeead6ae16b29fb3628d17	git-lfs-lite
dbad605a7bd9d798dbeeead6ae16b29fb3628d17	githooks
dbad605a7bd9d798dbeeead6ae16b29fb3628d17	llama-cpp-tk
dbad605a7bd9d798dbeeead6ae16b29fb3628d17	mcp
dbad605a7bd9d798dbeeead6ae16b29fb3628d17	mdns-inspector
dbad605a7bd9d798dbeeead6ae16b29fb3628d17	mouse-pointer
dbad605a7bd9d798dbeeead6ae16b29fb3628d17	pictogram
dbad605a7bd9d798dbeeead6ae16b29fb3628d17	remove-desktop-ini
dbad605a7bd9d798dbeeead6ae16b29fb3628d17	shellex-rust
dbad605a7bd9d798dbeeead6ae16b29fb3628d17	static-lunr
dbad605a7bd9d798dbeeead6ae16b29fb3628d17	test/add-http-tests-and-fix-stdio
dbad605a7bd9d798dbeeead6ae16b29fb3628d17	windows-moukaeritai-work
dcb7526cadf870c4c2d8ad4da6cd49ff2b78da76	9b7310d2-2d5c-4b70-8fd3-f286f3cfc61b
dcb7526cadf870c4c2d8ad4da6cd49ff2b78da76	git-hangup-investigation
dcb7526cadf870c4c2d8ad4da6cd49ff2b78da76	git-lfs-lite
dcb7526cadf870c4c2d8ad4da6cd49ff2b78da76	githooks
dcb7526cadf870c4c2d8ad4da6cd49ff2b78da76	llama-cpp-tk
dcb7526cadf870c4c2d8ad4da6cd49ff2b78da76	mcp
dcb7526cadf870c4c2d8ad4da6cd49ff2b78da76	mdns-inspector
dcb7526cadf870c4c2d8ad4da6cd49ff2b78da76	mouse-pointer
dcb7526cadf870c4c2d8ad4da6cd49ff2b78da76	pictogram
dcb7526cadf870c4c2d8ad4da6cd49ff2b78da76	remove-desktop-ini
dcb7526cadf870c4c2d8ad4da6cd49ff2b78da76	shellex-rust
dcb7526cadf870c4c2d8ad4da6cd49ff2b78da76	static-lunr
dcb7526cadf870c4c2d8ad4da6cd49ff2b78da76	test/add-http-tests-and-fix-stdio
dcb7526cadf870c4c2d8ad4da6cd49ff2b78da76	windows-moukaeritai-work
dcead455a9f6f93b31bf2191d3fb48d97d745aed	9b7310d2-2d5c-4b70-8fd3-f286f3cfc61b
dcead455a9f6f93b31bf2191d3fb48d97d745aed	git-hangup-investigation
dcead455a9f6f93b31bf2191d3fb48d97d745aed	git-lfs-lite
dcead455a9f6f93b31bf2191d3fb48d97d745aed	githooks
dcead455a9f6f93b31bf2191d3fb48d97d745aed	llama-cpp-tk
dcead455a9f6f93b31bf2191d3fb48d97d745aed	mcp
dcead455a9f6f93b31bf2191d3fb48d97d745aed	mdns-inspector
dcead455a9f6f93b31bf2191d3fb48d97d745aed	mouse-pointer
dcead455a9f6f93b31bf2191d3fb48d97d745aed	pictogram
dcead455a9f6f93b31bf2191d3fb48d97d745aed	remove-desktop-ini
dcead455a9f6f93b31bf2191d3fb48d97d745aed	shellex-rust
dcead455a9f6f93b31bf2191d3fb48d97d745aed	static-lunr
dcead455a9f6f93b31bf2191d3fb48d97d745aed	test/add-http-tests-and-fix-stdio
dcead455a9f6f93b31bf2191d3fb48d97d745aed	windows-moukaeritai-work
de0fc428bbf2889182bf91e1a4320c5c0e9dbae2	9b7310d2-2d5c-4b70-8fd3-f286f3cfc61b
de0fc428bbf2889182bf91e1a4320c5c0e9dbae2	git-hangup-investigation
de0fc428bbf2889182bf91e1a4320c5c0e9dbae2	git-lfs-lite
de0fc428bbf2889182bf91e1a4320c5c0e9dbae2	githooks
de0fc428bbf2889182bf91e1a4320c5c0e9dbae2	llama-cpp-tk
de0fc428bbf2889182bf91e1a4320c5c0e9dbae2	mcp
de0fc428bbf2889182bf91e1a4320c5c0e9dbae2	mdns-inspector
de0fc428bbf2889182bf91e1a4320c5c0e9dbae2	mouse-pointer
de0fc428bbf2889182bf91e1a4320c5c0e9dbae2	pictogram
de0fc428bbf2889182bf91e1a4320c5c0e9dbae2	remove-desktop-ini
de0fc428bbf2889182bf91e1a4320c5c0e9dbae2	shellex-rust
de0fc428bbf2889182bf91e1a4320c5c0e9dbae2	static-lunr
de0fc428bbf2889182bf91e1a4320c5c0e9dbae2	test/add-http-tests-and-fix-stdio
de0fc428bbf2889182bf91e1a4320c5c0e9dbae2	windows-moukaeritai-work
de726bd34e78c1fd8e6f38319fa514df204b4611	9b7310d2-2d5c-4b70-8fd3-f286f3cfc61b
de726bd34e78c1fd8e6f38319fa514df204b4611	git-hangup-investigation
de726bd34e78c1fd8e6f38319fa514df204b4611	git-lfs-lite
de726bd34e78c1fd8e6f38319fa514df204b4611	githooks
de726bd34e78c1fd8e6f38319fa514df204b4611	llama-cpp-tk
de726bd34e78c1fd8e6f38319fa514df204b4611	mcp
de726bd34e78c1fd8e6f38319fa514df204b4611	mdns-inspector
de726bd34e78c1fd8e6f38319fa514df204b4611	mouse-pointer
de726bd34e78c1fd8e6f38319fa514df204b4611	pictogram
de726bd34e78c1fd8e6f38319fa514df204b4611	remove-desktop-ini
de726bd34e78c1fd8e6f38319fa514df204b4611	shellex-rust
de726bd34e78c1fd8e6f38319fa514df204b4611	static-lunr
de726bd34e78c1fd8e6f38319fa514df204b4611	test/add-http-tests-and-fix-stdio
de726bd34e78c1fd8e6f38319fa514df204b4611	windows-moukaeritai-work
df1f7f78ad59a8aed33f53b026cc8819101ca349	9b7310d2-2d5c-4b70-8fd3-f286f3cfc61b
df1f7f78ad59a8aed33f53b026cc8819101ca349	git-hangup-investigation
df1f7f78ad59a8aed33f53b026cc8819101ca349	git-lfs-lite
df1f7f78ad59a8aed33f53b026cc8819101ca349	githooks
df1f7f78ad59a8aed33f53b026cc8819101ca349	llama-cpp-tk
df1f7f78ad59a8aed33f53b026cc8819101ca349	mcp
df1f7f78ad59a8aed33f53b026cc8819101ca349	mdns-inspector
df1f7f78ad59a8aed33f53b026cc8819101ca349	mouse-pointer
df1f7f78ad59a8aed33f53b026cc8819101ca349	pictogram
df1f7f78ad59a8aed33f53b026cc8819101ca349	remove-desktop-ini
df1f7f78ad59a8aed33f53b026cc8819101ca349	shellex-rust
df1f7f78ad59a8aed33f53b026cc8819101ca349	static-lunr
df1f7f78ad59a8aed33f53b026cc8819101ca349	test/add-http-tests-and-fix-stdio
df1f7f78ad59a8aed33f53b026cc8819101ca349	windows-moukaeritai-work
e0c465f2d6334d48f76fcbb194257f44d0b49e62	9b7310d2-2d5c-4b70-8fd3-f286f3cfc61b
e0c465f2d6334d48f76fcbb194257f44d0b49e62	git-hangup-investigation
e0c465f2d6334d48f76fcbb194257f44d0b49e62	git-lfs-lite
e0c465f2d6334d48f76fcbb194257f44d0b49e62	githooks
e0c465f2d6334d48f76fcbb194257f44d0b49e62	llama-cpp-tk
e0c465f2d6334d48f76fcbb194257f44d0b49e62	mcp
e0c465f2d6334d48f76fcbb194257f44d0b49e62	mdns-inspector
e0c465f2d6334d48f76fcbb194257f44d0b49e62	mouse-pointer
e0c465f2d6334d48f76fcbb194257f44d0b49e62	pictogram
e0c465f2d6334d48f76fcbb194257f44d0b49e62	remove-desktop-ini
e0c465f2d6334d48f76fcbb194257f44d0b49e62	shellex-rust
e0c465f2d6334d48f76fcbb194257f44d0b49e62	static-lunr
e0c465f2d6334d48f76fcbb194257f44d0b49e62	test/add-http-tests-and-fix-stdio
e0c465f2d6334d48f76fcbb194257f44d0b49e62	windows-moukaeritai-work
e11aa58acfb57c19aad5141b3fd134468564942d	9b7310d2-2d5c-4b70-8fd3-f286f3cfc61b
e11aa58acfb57c19aad5141b3fd134468564942d	git-hangup-investigation
e11aa58acfb57c19aad5141b3fd134468564942d	git-lfs-lite
e11aa58acfb57c19aad5141b3fd134468564942d	githooks
e11aa58acfb57c19aad5141b3fd134468564942d	llama-cpp-tk
e11aa58acfb57c19aad5141b3fd134468564942d	mcp
e11aa58acfb57c19aad5141b3fd134468564942d	mdns-inspector
e11aa58acfb57c19aad5141b3fd134468564942d	mouse-pointer
e11aa58acfb57c19aad5141b3fd134468564942d	pictogram
e11aa58acfb57c19aad5141b3fd134468564942d	remove-desktop-ini
e11aa58acfb57c19aad5141b3fd134468564942d	shellex-rust
e11aa58acfb57c19aad5141b3fd134468564942d	static-lunr
e11aa58acfb57c19aad5141b3fd134468564942d	test/add-http-tests-and-fix-stdio
e11aa58acfb57c19aad5141b3fd134468564942d	windows-moukaeritai-work
e1605c5d1f26923b73078245d101d636debee6e7	9b7310d2-2d5c-4b70-8fd3-f286f3cfc61b
e1605c5d1f26923b73078245d101d636debee6e7	feat/mcp-filelist-server
e1605c5d1f26923b73078245d101d636debee6e7	git-hangup-investigation
e1605c5d1f26923b73078245d101d636debee6e7	git-lfs-lite
e1605c5d1f26923b73078245d101d636debee6e7	githooks
e1605c5d1f26923b73078245d101d636debee6e7	llama-cpp-tk
e1605c5d1f26923b73078245d101d636debee6e7	mcp
e1605c5d1f26923b73078245d101d636debee6e7	mdns-inspector
e1605c5d1f26923b73078245d101d636debee6e7	mouse-pointer
e1605c5d1f26923b73078245d101d636debee6e7	pictogram
e1605c5d1f26923b73078245d101d636debee6e7	remove-desktop-ini
e1605c5d1f26923b73078245d101d636debee6e7	shellex-rust
e1605c5d1f26923b73078245d101d636debee6e7	static-lunr
e1605c5d1f26923b73078245d101d636debee6e7	test/add-http-tests-and-fix-stdio
e1605c5d1f26923b73078245d101d636debee6e7	windows-moukaeritai-work
e1ef2abde04fe60c77b4c31ba7d997f2f948104f	9b7310d2-2d5c-4b70-8fd3-f286f3cfc61b
e1ef2abde04fe60c77b4c31ba7d997f2f948104f	git-hangup-investigation
e1ef2abde04fe60c77b4c31ba7d997f2f948104f	git-lfs-lite
e1ef2abde04fe60c77b4c31ba7d997f2f948104f	githooks
e1ef2abde04fe60c77b4c31ba7d997f2f948104f	llama-cpp-tk
e1ef2abde04fe60c77b4c31ba7d997f2f948104f	mcp
e1ef2abde04fe60c77b4c31ba7d997f2f948104f	mdns-inspector
e1ef2abde04fe60c77b4c31ba7d997f2f948104f	mouse-pointer
e1ef2abde04fe60c77b4c31ba7d997f2f948104f	pictogram
e1ef2abde04fe60c77b4c31ba7d997f2f948104f	remove-desktop-ini
e1ef2abde04fe60c77b4c31ba7d997f2f948104f	shellex-rust
e1ef2abde04fe60c77b4c31ba7d997f2f948104f	static-lunr
e1ef2abde04fe60c77b4c31ba7d997f2f948104f	test/add-http-tests-and-fix-stdio
e1ef2abde04fe60c77b4c31ba7d997f2f948104f	windows-moukaeritai-work
e24500a55caead84ace2b9841384a6cbcb515a25	9b7310d2-2d5c-4b70-8fd3-f286f3cfc61b
e24500a55caead84ace2b9841384a6cbcb515a25	git-hangup-investigation
e24500a55caead84ace2b9841384a6cbcb515a25	git-lfs-lite
e24500a55caead84ace2b9841384a6cbcb515a25	githooks
e24500a55caead84ace2b9841384a6cbcb515a25	llama-cpp-tk
e24500a55caead84ace2b9841384a6cbcb515a25	mcp
e24500a55caead84ace2b9841384a6cbcb515a25	mdns-inspector
e24500a55caead84ace2b9841384a6cbcb515a25	mouse-pointer
e24500a55caead84ace2b9841384a6cbcb515a25	pictogram
e24500a55caead84ace2b9841384a6cbcb515a25	remove-desktop-ini
e24500a55caead84ace2b9841384a6cbcb515a25	shellex-rust
e24500a55caead84ace2b9841384a6cbcb515a25	static-lunr
e24500a55caead84ace2b9841384a6cbcb515a25	test/add-http-tests-and-fix-stdio
e24500a55caead84ace2b9841384a6cbcb515a25	windows-moukaeritai-work
e3248f231c6dc4b13a43704db4b0af1b10d94bd5	9b7310d2-2d5c-4b70-8fd3-f286f3cfc61b
e3248f231c6dc4b13a43704db4b0af1b10d94bd5	git-hangup-investigation
e3248f231c6dc4b13a43704db4b0af1b10d94bd5	git-lfs-lite
e3248f231c6dc4b13a43704db4b0af1b10d94bd5	githooks
e3248f231c6dc4b13a43704db4b0af1b10d94bd5	llama-cpp-tk
e3248f231c6dc4b13a43704db4b0af1b10d94bd5	mcp
e3248f231c6dc4b13a43704db4b0af1b10d94bd5	mdns-inspector
e3248f231c6dc4b13a43704db4b0af1b10d94bd5	mouse-pointer
e3248f231c6dc4b13a43704db4b0af1b10d94bd5	pictogram
e3248f231c6dc4b13a43704db4b0af1b10d94bd5	remove-desktop-ini
e3248f231c6dc4b13a43704db4b0af1b10d94bd5	shellex-rust
e3248f231c6dc4b13a43704db4b0af1b10d94bd5	static-lunr
e3248f231c6dc4b13a43704db4b0af1b10d94bd5	test/add-http-tests-and-fix-stdio
e3248f231c6dc4b13a43704db4b0af1b10d94bd5	windows-moukaeritai-work
e3afaa14e502d4406e4aaa9730f7503dc30a80b7	9b7310d2-2d5c-4b70-8fd3-f286f3cfc61b
e3afaa14e502d4406e4aaa9730f7503dc30a80b7	git-hangup-investigation
e3afaa14e502d4406e4aaa9730f7503dc30a80b7	git-lfs-lite
e3afaa14e502d4406e4aaa9730f7503dc30a80b7	githooks
e3afaa14e502d4406e4aaa9730f7503dc30a80b7	llama-cpp-tk
e3afaa14e502d4406e4aaa9730f7503dc30a80b7	mcp
e3afaa14e502d4406e4aaa9730f7503dc30a80b7	mdns-inspector
e3afaa14e502d4406e4aaa9730f7503dc30a80b7	mouse-pointer
e3afaa14e502d4406e4aaa9730f7503dc30a80b7	pictogram
e3afaa14e502d4406e4aaa9730f7503dc30a80b7	remove-desktop-ini
e3afaa14e502d4406e4aaa9730f7503dc30a80b7	shellex-rust
e3afaa14e502d4406e4aaa9730f7503dc30a80b7	static-lunr
e3afaa14e502d4406e4aaa9730f7503dc30a80b7	test/add-http-tests-and-fix-stdio
e3afaa14e502d4406e4aaa9730f7503dc30a80b7	windows-moukaeritai-work
e5308f1eadf12d4a2a41e4f09b629c6cbd02f562	9b7310d2-2d5c-4b70-8fd3-f286f3cfc61b
e5308f1eadf12d4a2a41e4f09b629c6cbd02f562	git-hangup-investigation
e5308f1eadf12d4a2a41e4f09b629c6cbd02f562	git-lfs-lite
e5308f1eadf12d4a2a41e4f09b629c6cbd02f562	githooks
e5308f1eadf12d4a2a41e4f09b629c6cbd02f562	llama-cpp-tk
e5308f1eadf12d4a2a41e4f09b629c6cbd02f562	mcp
e5308f1eadf12d4a2a41e4f09b629c6cbd02f562	mdns-inspector
e5308f1eadf12d4a2a41e4f09b629c6cbd02f562	mouse-pointer
e5308f1eadf12d4a2a41e4f09b629c6cbd02f562	pictogram
e5308f1eadf12d4a2a41e4f09b629c6cbd02f562	remove-desktop-ini
e5308f1eadf12d4a2a41e4f09b629c6cbd02f562	shellex-rust
e5308f1eadf12d4a2a41e4f09b629c6cbd02f562	static-lunr
e5308f1eadf12d4a2a41e4f09b629c6cbd02f562	test/add-http-tests-and-fix-stdio
e5308f1eadf12d4a2a41e4f09b629c6cbd02f562	windows-moukaeritai-work
e58341e6d5626fe52e1478eb4e2655f642a8a1e5	9b7310d2-2d5c-4b70-8fd3-f286f3cfc61b
e58341e6d5626fe52e1478eb4e2655f642a8a1e5	feat/mcp-filelist-server
e58341e6d5626fe52e1478eb4e2655f642a8a1e5	git-hangup-investigation
e58341e6d5626fe52e1478eb4e2655f642a8a1e5	git-lfs-lite
e58341e6d5626fe52e1478eb4e2655f642a8a1e5	githooks
e58341e6d5626fe52e1478eb4e2655f642a8a1e5	llama-cpp-tk
e58341e6d5626fe52e1478eb4e2655f642a8a1e5	mcp
e58341e6d5626fe52e1478eb4e2655f642a8a1e5	mdns-inspector
e58341e6d5626fe52e1478eb4e2655f642a8a1e5	mouse-pointer
e58341e6d5626fe52e1478eb4e2655f642a8a1e5	pictogram
e58341e6d5626fe52e1478eb4e2655f642a8a1e5	remove-desktop-ini
e58341e6d5626fe52e1478eb4e2655f642a8a1e5	shellex-rust
e58341e6d5626fe52e1478eb4e2655f642a8a1e5	static-lunr
e58341e6d5626fe52e1478eb4e2655f642a8a1e5	test/add-http-tests-and-fix-stdio
e58341e6d5626fe52e1478eb4e2655f642a8a1e5	windows-moukaeritai-work
e595e42d8860cf6f92b1dc9eaf23c53583288318	9b7310d2-2d5c-4b70-8fd3-f286f3cfc61b
e595e42d8860cf6f92b1dc9eaf23c53583288318	feat/mcp-filelist-server
e595e42d8860cf6f92b1dc9eaf23c53583288318	git-hangup-investigation
e595e42d8860cf6f92b1dc9eaf23c53583288318	git-lfs-lite
e595e42d8860cf6f92b1dc9eaf23c53583288318	githooks
e595e42d8860cf6f92b1dc9eaf23c53583288318	llama-cpp-tk
e595e42d8860cf6f92b1dc9eaf23c53583288318	mcp
e595e42d8860cf6f92b1dc9eaf23c53583288318	mdns-inspector
e595e42d8860cf6f92b1dc9eaf23c53583288318	mouse-pointer
e595e42d8860cf6f92b1dc9eaf23c53583288318	pictogram
e595e42d8860cf6f92b1dc9eaf23c53583288318	remove-desktop-ini
e595e42d8860cf6f92b1dc9eaf23c53583288318	shellex-rust
e595e42d8860cf6f92b1dc9eaf23c53583288318	static-lunr
e595e42d8860cf6f92b1dc9eaf23c53583288318	test/add-http-tests-and-fix-stdio
e595e42d8860cf6f92b1dc9eaf23c53583288318	windows-moukaeritai-work
e5c623101517cfb8c62f7f577e22029d487cda31	9b7310d2-2d5c-4b70-8fd3-f286f3cfc61b
e5c623101517cfb8c62f7f577e22029d487cda31	git-hangup-investigation
e5c623101517cfb8c62f7f577e22029d487cda31	git-lfs-lite
e5c623101517cfb8c62f7f577e22029d487cda31	githooks
e5c623101517cfb8c62f7f577e22029d487cda31	llama-cpp-tk
e5c623101517cfb8c62f7f577e22029d487cda31	mcp
e5c623101517cfb8c62f7f577e22029d487cda31	mdns-inspector
e5c623101517cfb8c62f7f577e22029d487cda31	mouse-pointer
e5c623101517cfb8c62f7f577e22029d487cda31	pictogram
e5c623101517cfb8c62f7f577e22029d487cda31	remove-desktop-ini
e5c623101517cfb8c62f7f577e22029d487cda31	shellex-rust
e5c623101517cfb8c62f7f577e22029d487cda31	static-lunr
e5c623101517cfb8c62f7f577e22029d487cda31	test/add-http-tests-and-fix-stdio
e5c623101517cfb8c62f7f577e22029d487cda31	windows-moukaeritai-work
e64e68de52b127080dabf8d277c120abad7725a0	9b7310d2-2d5c-4b70-8fd3-f286f3cfc61b
e64e68de52b127080dabf8d277c120abad7725a0	git-hangup-investigation
e64e68de52b127080dabf8d277c120abad7725a0	git-lfs-lite
e64e68de52b127080dabf8d277c120abad7725a0	githooks
e64e68de52b127080dabf8d277c120abad7725a0	llama-cpp-tk
e64e68de52b127080dabf8d277c120abad7725a0	mcp
e64e68de52b127080dabf8d277c120abad7725a0	mdns-inspector
e64e68de52b127080dabf8d277c120abad7725a0	mouse-pointer
e64e68de52b127080dabf8d277c120abad7725a0	pictogram
e64e68de52b127080dabf8d277c120abad7725a0	remove-desktop-ini
e64e68de52b127080dabf8d277c120abad7725a0	shellex-rust
e64e68de52b127080dabf8d277c120abad7725a0	static-lunr
e64e68de52b127080dabf8d277c120abad7725a0	test/add-http-tests-and-fix-stdio
e64e68de52b127080dabf8d277c120abad7725a0	windows-moukaeritai-work
e883913f4be817164bd6be8717a9330c7fc8e056	9b7310d2-2d5c-4b70-8fd3-f286f3cfc61b
e883913f4be817164bd6be8717a9330c7fc8e056	git-hangup-investigation
e883913f4be817164bd6be8717a9330c7fc8e056	git-lfs-lite
e883913f4be817164bd6be8717a9330c7fc8e056	githooks
e883913f4be817164bd6be8717a9330c7fc8e056	llama-cpp-tk
e883913f4be817164bd6be8717a9330c7fc8e056	mcp
e883913f4be817164bd6be8717a9330c7fc8e056	mdns-inspector
e883913f4be817164bd6be8717a9330c7fc8e056	mouse-pointer
e883913f4be817164bd6be8717a9330c7fc8e056	pictogram
e883913f4be817164bd6be8717a9330c7fc8e056	remove-desktop-ini
e883913f4be817164bd6be8717a9330c7fc8e056	shellex-rust
e883913f4be817164bd6be8717a9330c7fc8e056	static-lunr
e883913f4be817164bd6be8717a9330c7fc8e056	test/add-http-tests-and-fix-stdio
e883913f4be817164bd6be8717a9330c7fc8e056	windows-moukaeritai-work
e905d88c47570920e0dbb99a5f7fa974d724b9e7	9b7310d2-2d5c-4b70-8fd3-f286f3cfc61b
e905d88c47570920e0dbb99a5f7fa974d724b9e7	feat/mcp-filelist-server
e905d88c47570920e0dbb99a5f7fa974d724b9e7	git-hangup-investigation
e905d88c47570920e0dbb99a5f7fa974d724b9e7	git-lfs-lite
e905d88c47570920e0dbb99a5f7fa974d724b9e7	githooks
e905d88c47570920e0dbb99a5f7fa974d724b9e7	llama-cpp-tk
e905d88c47570920e0dbb99a5f7fa974d724b9e7	mcp
e905d88c47570920e0dbb99a5f7fa974d724b9e7	mdns-inspector
e905d88c47570920e0dbb99a5f7fa974d724b9e7	mouse-pointer
e905d88c47570920e0dbb99a5f7fa974d724b9e7	pictogram
e905d88c47570920e0dbb99a5f7fa974d724b9e7	remove-desktop-ini
e905d88c47570920e0dbb99a5f7fa974d724b9e7	shellex-rust
e905d88c47570920e0dbb99a5f7fa974d724b9e7	static-lunr
e905d88c47570920e0dbb99a5f7fa974d724b9e7	test/add-http-tests-and-fix-stdio
e905d88c47570920e0dbb99a5f7fa974d724b9e7	windows-moukaeritai-work
ea3e8b8fce7a8ab2c110ffbef7bf91aba11be9ec	9b7310d2-2d5c-4b70-8fd3-f286f3cfc61b
ea3e8b8fce7a8ab2c110ffbef7bf91aba11be9ec	git-hangup-investigation
ea3e8b8fce7a8ab2c110ffbef7bf91aba11be9ec	git-lfs-lite
ea3e8b8fce7a8ab2c110ffbef7bf91aba11be9ec	githooks
ea3e8b8fce7a8ab2c110ffbef7bf91aba11be9ec	llama-cpp-tk
ea3e8b8fce7a8ab2c110ffbef7bf91aba11be9ec	mcp
ea3e8b8fce7a8ab2c110ffbef7bf91aba11be9ec	mdns-inspector
ea3e8b8fce7a8ab2c110ffbef7bf91aba11be9ec	mouse-pointer
ea3e8b8fce7a8ab2c110ffbef7bf91aba11be9ec	pictogram
ea3e8b8fce7a8ab2c110ffbef7bf91aba11be9ec	remove-desktop-ini
ea3e8b8fce7a8ab2c110ffbef7bf91aba11be9ec	shellex-rust
ea3e8b8fce7a8ab2c110ffbef7bf91aba11be9ec	static-lunr
ea3e8b8fce7a8ab2c110ffbef7bf91aba11be9ec	test/add-http-tests-and-fix-stdio
ea3e8b8fce7a8ab2c110ffbef7bf91aba11be9ec	windows-moukaeritai-work
eac50afd277c6b30824bc419c6ca4f3d0d54e287	9b7310d2-2d5c-4b70-8fd3-f286f3cfc61b
eac50afd277c6b30824bc419c6ca4f3d0d54e287	git-hangup-investigation
eac50afd277c6b30824bc419c6ca4f3d0d54e287	git-lfs-lite
eac50afd277c6b30824bc419c6ca4f3d0d54e287	githooks
eac50afd277c6b30824bc419c6ca4f3d0d54e287	llama-cpp-tk
eac50afd277c6b30824bc419c6ca4f3d0d54e287	mcp
eac50afd277c6b30824bc419c6ca4f3d0d54e287	mdns-inspector
eac50afd277c6b30824bc419c6ca4f3d0d54e287	mouse-pointer
eac50afd277c6b30824bc419c6ca4f3d0d54e287	pictogram
eac50afd277c6b30824bc419c6ca4f3d0d54e287	remove-desktop-ini
eac50afd277c6b30824bc419c6ca4f3d0d54e287	shellex-rust
eac50afd277c6b30824bc419c6ca4f3d0d54e287	static-lunr
eac50afd277c6b30824bc419c6ca4f3d0d54e287	test/add-http-tests-and-fix-stdio
eac50afd277c6b30824bc419c6ca4f3d0d54e287	windows-moukaeritai-work
eb5196638e5524ad28b6fed2c7e387fa30c34e35	9b7310d2-2d5c-4b70-8fd3-f286f3cfc61b
eb5196638e5524ad28b6fed2c7e387fa30c34e35	git-hangup-investigation
eb5196638e5524ad28b6fed2c7e387fa30c34e35	git-lfs-lite
eb5196638e5524ad28b6fed2c7e387fa30c34e35	githooks
eb5196638e5524ad28b6fed2c7e387fa30c34e35	llama-cpp-tk
eb5196638e5524ad28b6fed2c7e387fa30c34e35	mcp
eb5196638e5524ad28b6fed2c7e387fa30c34e35	mdns-inspector
eb5196638e5524ad28b6fed2c7e387fa30c34e35	mouse-pointer
eb5196638e5524ad28b6fed2c7e387fa30c34e35	pictogram
eb5196638e5524ad28b6fed2c7e387fa30c34e35	remove-desktop-ini
eb5196638e5524ad28b6fed2c7e387fa30c34e35	shellex-rust
eb5196638e5524ad28b6fed2c7e387fa30c34e35	static-lunr
eb5196638e5524ad28b6fed2c7e387fa30c34e35	test/add-http-tests-and-fix-stdio
eb5196638e5524ad28b6fed2c7e387fa30c34e35	windows-moukaeritai-work
ed521d70df6e970dbbffe4b30577c2f29f665ba5	9b7310d2-2d5c-4b70-8fd3-f286f3cfc61b
ed521d70df6e970dbbffe4b30577c2f29f665ba5	git-hangup-investigation
ed521d70df6e970dbbffe4b30577c2f29f665ba5	git-lfs-lite
ed521d70df6e970dbbffe4b30577c2f29f665ba5	githooks
ed521d70df6e970dbbffe4b30577c2f29f665ba5	llama-cpp-tk
ed521d70df6e970dbbffe4b30577c2f29f665ba5	mcp
ed521d70df6e970dbbffe4b30577c2f29f665ba5	mdns-inspector
ed521d70df6e970dbbffe4b30577c2f29f665ba5	mouse-pointer
ed521d70df6e970dbbffe4b30577c2f29f665ba5	pictogram
ed521d70df6e970dbbffe4b30577c2f29f665ba5	remove-desktop-ini
ed521d70df6e970dbbffe4b30577c2f29f665ba5	shellex-rust
ed521d70df6e970dbbffe4b30577c2f29f665ba5	static-lunr
ed521d70df6e970dbbffe4b30577c2f29f665ba5	test/add-http-tests-and-fix-stdio
ed521d70df6e970dbbffe4b30577c2f29f665ba5	windows-moukaeritai-work
ed5d2b439d7c4f8232eab11051d7c1aa10384a14	9b7310d2-2d5c-4b70-8fd3-f286f3cfc61b
ed5d2b439d7c4f8232eab11051d7c1aa10384a14	git-hangup-investigation
ed5d2b439d7c4f8232eab11051d7c1aa10384a14	git-lfs-lite
ed5d2b439d7c4f8232eab11051d7c1aa10384a14	githooks
ed5d2b439d7c4f8232eab11051d7c1aa10384a14	llama-cpp-tk
ed5d2b439d7c4f8232eab11051d7c1aa10384a14	mcp
ed5d2b439d7c4f8232eab11051d7c1aa10384a14	mdns-inspector
ed5d2b439d7c4f8232eab11051d7c1aa10384a14	mouse-pointer
ed5d2b439d7c4f8232eab11051d7c1aa10384a14	pictogram
ed5d2b439d7c4f8232eab11051d7c1aa10384a14	remove-desktop-ini
ed5d2b439d7c4f8232eab11051d7c1aa10384a14	shellex-rust
ed5d2b439d7c4f8232eab11051d7c1aa10384a14	static-lunr
ed5d2b439d7c4f8232eab11051d7c1aa10384a14	test/add-http-tests-and-fix-stdio
ed5d2b439d7c4f8232eab11051d7c1aa10384a14	windows-moukaeritai-work
eed522d8e6873acc5bda9650765bc1cb0f51a9fc	9b7310d2-2d5c-4b70-8fd3-f286f3cfc61b
eed522d8e6873acc5bda9650765bc1cb0f51a9fc	feat/mcp-filelist-server
eed522d8e6873acc5bda9650765bc1cb0f51a9fc	git-hangup-investigation
eed522d8e6873acc5bda9650765bc1cb0f51a9fc	git-lfs-lite
eed522d8e6873acc5bda9650765bc1cb0f51a9fc	githooks
eed522d8e6873acc5bda9650765bc1cb0f51a9fc	llama-cpp-tk
eed522d8e6873acc5bda9650765bc1cb0f51a9fc	mcp
eed522d8e6873acc5bda9650765bc1cb0f51a9fc	mdns-inspector
eed522d8e6873acc5bda9650765bc1cb0f51a9fc	mouse-pointer
eed522d8e6873acc5bda9650765bc1cb0f51a9fc	pictogram
eed522d8e6873acc5bda9650765bc1cb0f51a9fc	remove-desktop-ini
eed522d8e6873acc5bda9650765bc1cb0f51a9fc	shellex-rust
eed522d8e6873acc5bda9650765bc1cb0f51a9fc	static-lunr
eed522d8e6873acc5bda9650765bc1cb0f51a9fc	test/add-http-tests-and-fix-stdio
eed522d8e6873acc5bda9650765bc1cb0f51a9fc	windows-moukaeritai-work
eee11161cf3718f47dc97f246a6eb9918d04e207	9b7310d2-2d5c-4b70-8fd3-f286f3cfc61b
eee11161cf3718f47dc97f246a6eb9918d04e207	git-hangup-investigation
eee11161cf3718f47dc97f246a6eb9918d04e207	git-lfs-lite
eee11161cf3718f47dc97f246a6eb9918d04e207	githooks
eee11161cf3718f47dc97f246a6eb9918d04e207	llama-cpp-tk
eee11161cf3718f47dc97f246a6eb9918d04e207	mcp
eee11161cf3718f47dc97f246a6eb9918d04e207	mdns-inspector
eee11161cf3718f47dc97f246a6eb9918d04e207	mouse-pointer
eee11161cf3718f47dc97f246a6eb9918d04e207	pictogram
eee11161cf3718f47dc97f246a6eb9918d04e207	remove-desktop-ini
eee11161cf3718f47dc97f246a6eb9918d04e207	shellex-rust
eee11161cf3718f47dc97f246a6eb9918d04e207	static-lunr
eee11161cf3718f47dc97f246a6eb9918d04e207	test/add-http-tests-and-fix-stdio
eee11161cf3718f47dc97f246a6eb9918d04e207	windows-moukaeritai-work
f0df63fd06d07bbd769481cca2b9a3043339d70a	9b7310d2-2d5c-4b70-8fd3-f286f3cfc61b
f0df63fd06d07bbd769481cca2b9a3043339d70a	git-hangup-investigation
f0df63fd06d07bbd769481cca2b9a3043339d70a	git-lfs-lite
f0df63fd06d07bbd769481cca2b9a3043339d70a	githooks
f0df63fd06d07bbd769481cca2b9a3043339d70a	llama-cpp-tk
f0df63fd06d07bbd769481cca2b9a3043339d70a	mcp
f0df63fd06d07bbd769481cca2b9a3043339d70a	mdns-inspector
f0df63fd06d07bbd769481cca2b9a3043339d70a	mouse-pointer
f0df63fd06d07bbd769481cca2b9a3043339d70a	pictogram
f0df63fd06d07bbd769481cca2b9a3043339d70a	remove-desktop-ini
f0df63fd06d07bbd769481cca2b9a3043339d70a	shellex-rust
f0df63fd06d07bbd769481cca2b9a3043339d70a	static-lunr
f0df63fd06d07bbd769481cca2b9a3043339d70a	test/add-http-tests-and-fix-stdio
f0df63fd06d07bbd769481cca2b9a3043339d70a	windows-moukaeritai-work
f11282f231355e9d4e01689dfae12cd49d5209f0	9b7310d2-2d5c-4b70-8fd3-f286f3cfc61b
f11282f231355e9d4e01689dfae12cd49d5209f0	feat/mcp-filelist-server
f11282f231355e9d4e01689dfae12cd49d5209f0	git-hangup-investigation
f11282f231355e9d4e01689dfae12cd49d5209f0	git-lfs-lite
f11282f231355e9d4e01689dfae12cd49d5209f0	githooks
f11282f231355e9d4e01689dfae12cd49d5209f0	llama-cpp-tk
f11282f231355e9d4e01689dfae12cd49d5209f0	mcp
f11282f231355e9d4e01689dfae12cd49d5209f0	mdns-inspector
f11282f231355e9d4e01689dfae12cd49d5209f0	mouse-pointer
f11282f231355e9d4e01689dfae12cd49d5209f0	pictogram
f11282f231355e9d4e01689dfae12cd49d5209f0	remove-desktop-ini
f11282f231355e9d4e01689dfae12cd49d5209f0	shellex-rust
f11282f231355e9d4e01689dfae12cd49d5209f0	static-lunr
f11282f231355e9d4e01689dfae12cd49d5209f0	test/add-http-tests-and-fix-stdio
f11282f231355e9d4e01689dfae12cd49d5209f0	windows-moukaeritai-work
f118047c05451a3fcd441514b8974455f18a78bc	9b7310d2-2d5c-4b70-8fd3-f286f3cfc61b
f118047c05451a3fcd441514b8974455f18a78bc	git-hangup-investigation
f118047c05451a3fcd441514b8974455f18a78bc	git-lfs-lite
f118047c05451a3fcd441514b8974455f18a78bc	githooks
f118047c05451a3fcd441514b8974455f18a78bc	llama-cpp-tk
f118047c05451a3fcd441514b8974455f18a78bc	mcp
f118047c05451a3fcd441514b8974455f18a78bc	mdns-inspector
f118047c05451a3fcd441514b8974455f18a78bc	mouse-pointer
f118047c05451a3fcd441514b8974455f18a78bc	pictogram
f118047c05451a3fcd441514b8974455f18a78bc	remove-desktop-ini
f118047c05451a3fcd441514b8974455f18a78bc	shellex-rust
f118047c05451a3fcd441514b8974455f18a78bc	static-lunr
f118047c05451a3fcd441514b8974455f18a78bc	test/add-http-tests-and-fix-stdio
f118047c05451a3fcd441514b8974455f18a78bc	windows-moukaeritai-work
f307cb29491b7ba73d46c7c5ac2a80471e6a5b45	9b7310d2-2d5c-4b70-8fd3-f286f3cfc61b
f307cb29491b7ba73d46c7c5ac2a80471e6a5b45	git-hangup-investigation
f307cb29491b7ba73d46c7c5ac2a80471e6a5b45	git-lfs-lite
f307cb29491b7ba73d46c7c5ac2a80471e6a5b45	githooks
f307cb29491b7ba73d46c7c5ac2a80471e6a5b45	llama-cpp-tk
f307cb29491b7ba73d46c7c5ac2a80471e6a5b45	mcp
f307cb29491b7ba73d46c7c5ac2a80471e6a5b45	mdns-inspector
f307cb29491b7ba73d46c7c5ac2a80471e6a5b45	mouse-pointer
f307cb29491b7ba73d46c7c5ac2a80471e6a5b45	pictogram
f307cb29491b7ba73d46c7c5ac2a80471e6a5b45	remove-desktop-ini
f307cb29491b7ba73d46c7c5ac2a80471e6a5b45	shellex-rust
f307cb29491b7ba73d46c7c5ac2a80471e6a5b45	static-lunr
f307cb29491b7ba73d46c7c5ac2a80471e6a5b45	test/add-http-tests-and-fix-stdio
f307cb29491b7ba73d46c7c5ac2a80471e6a5b45	windows-moukaeritai-work
f37e79550aa3fa08e3a9d68fb3ad218540ac563a	9b7310d2-2d5c-4b70-8fd3-f286f3cfc61b
f37e79550aa3fa08e3a9d68fb3ad218540ac563a	git-hangup-investigation
f37e79550aa3fa08e3a9d68fb3ad218540ac563a	git-lfs-lite
f37e79550aa3fa08e3a9d68fb3ad218540ac563a	githooks
f37e79550aa3fa08e3a9d68fb3ad218540ac563a	llama-cpp-tk
f37e79550aa3fa08e3a9d68fb3ad218540ac563a	mcp
f37e79550aa3fa08e3a9d68fb3ad218540ac563a	mdns-inspector
f37e79550aa3fa08e3a9d68fb3ad218540ac563a	mouse-pointer
f37e79550aa3fa08e3a9d68fb3ad218540ac563a	pictogram
f37e79550aa3fa08e3a9d68fb3ad218540ac563a	remove-desktop-ini
f37e79550aa3fa08e3a9d68fb3ad218540ac563a	shellex-rust
f37e79550aa3fa08e3a9d68fb3ad218540ac563a	static-lunr
f37e79550aa3fa08e3a9d68fb3ad218540ac563a	test/add-http-tests-and-fix-stdio
f37e79550aa3fa08e3a9d68fb3ad218540ac563a	windows-moukaeritai-work
f410c4dfc87e1ffb066dce48f95987ee7e344fdb	9b7310d2-2d5c-4b70-8fd3-f286f3cfc61b
f410c4dfc87e1ffb066dce48f95987ee7e344fdb	git-hangup-investigation
f410c4dfc87e1ffb066dce48f95987ee7e344fdb	git-lfs-lite
f410c4dfc87e1ffb066dce48f95987ee7e344fdb	githooks
f410c4dfc87e1ffb066dce48f95987ee7e344fdb	llama-cpp-tk
f410c4dfc87e1ffb066dce48f95987ee7e344fdb	mcp
f410c4dfc87e1ffb066dce48f95987ee7e344fdb	mdns-inspector
f410c4dfc87e1ffb066dce48f95987ee7e344fdb	mouse-pointer
f410c4dfc87e1ffb066dce48f95987ee7e344fdb	pictogram
f410c4dfc87e1ffb066dce48f95987ee7e344fdb	remove-desktop-ini
f410c4dfc87e1ffb066dce48f95987ee7e344fdb	shellex-rust
f410c4dfc87e1ffb066dce48f95987ee7e344fdb	static-lunr
f410c4dfc87e1ffb066dce48f95987ee7e344fdb	test/add-http-tests-and-fix-stdio
f410c4dfc87e1ffb066dce48f95987ee7e344fdb	windows-moukaeritai-work
f41df89271b76583ae7904a2ead794973e88a575	9b7310d2-2d5c-4b70-8fd3-f286f3cfc61b
f41df89271b76583ae7904a2ead794973e88a575	git-hangup-investigation
f41df89271b76583ae7904a2ead794973e88a575	git-lfs-lite
f41df89271b76583ae7904a2ead794973e88a575	githooks
f41df89271b76583ae7904a2ead794973e88a575	llama-cpp-tk
f41df89271b76583ae7904a2ead794973e88a575	mcp
f41df89271b76583ae7904a2ead794973e88a575	mdns-inspector
f41df89271b76583ae7904a2ead794973e88a575	mouse-pointer
f41df89271b76583ae7904a2ead794973e88a575	pictogram
f41df89271b76583ae7904a2ead794973e88a575	remove-desktop-ini
f41df89271b76583ae7904a2ead794973e88a575	shellex-rust
f41df89271b76583ae7904a2ead794973e88a575	static-lunr
f41df89271b76583ae7904a2ead794973e88a575	test/add-http-tests-and-fix-stdio
f41df89271b76583ae7904a2ead794973e88a575	windows-moukaeritai-work
f4cae13bd577eba4367a12bf08833a487a30411e	9b7310d2-2d5c-4b70-8fd3-f286f3cfc61b
f4cae13bd577eba4367a12bf08833a487a30411e	git-hangup-investigation
f4cae13bd577eba4367a12bf08833a487a30411e	git-lfs-lite
f4cae13bd577eba4367a12bf08833a487a30411e	githooks
f4cae13bd577eba4367a12bf08833a487a30411e	llama-cpp-tk
f4cae13bd577eba4367a12bf08833a487a30411e	mcp
f4cae13bd577eba4367a12bf08833a487a30411e	mdns-inspector
f4cae13bd577eba4367a12bf08833a487a30411e	mouse-pointer
f4cae13bd577eba4367a12bf08833a487a30411e	pictogram
f4cae13bd577eba4367a12bf08833a487a30411e	remove-desktop-ini
f4cae13bd577eba4367a12bf08833a487a30411e	shellex-rust
f4cae13bd577eba4367a12bf08833a487a30411e	static-lunr
f4cae13bd577eba4367a12bf08833a487a30411e	test/add-http-tests-and-fix-stdio
f4cae13bd577eba4367a12bf08833a487a30411e	windows-moukaeritai-work
f578a66ccb597b43ff537283fd7c1528475dca27	9b7310d2-2d5c-4b70-8fd3-f286f3cfc61b
f578a66ccb597b43ff537283fd7c1528475dca27	git-hangup-investigation
f578a66ccb597b43ff537283fd7c1528475dca27	git-lfs-lite
f578a66ccb597b43ff537283fd7c1528475dca27	githooks
f578a66ccb597b43ff537283fd7c1528475dca27	llama-cpp-tk
f578a66ccb597b43ff537283fd7c1528475dca27	mcp
f578a66ccb597b43ff537283fd7c1528475dca27	mdns-inspector
f578a66ccb597b43ff537283fd7c1528475dca27	mouse-pointer
f578a66ccb597b43ff537283fd7c1528475dca27	pictogram
f578a66ccb597b43ff537283fd7c1528475dca27	remove-desktop-ini
f578a66ccb597b43ff537283fd7c1528475dca27	shellex-rust
f578a66ccb597b43ff537283fd7c1528475dca27	static-lunr
f578a66ccb597b43ff537283fd7c1528475dca27	test/add-http-tests-and-fix-stdio
f578a66ccb597b43ff537283fd7c1528475dca27	windows-moukaeritai-work
f59d702909470aaf14b2ed7cae6faa9b827579e5	9b7310d2-2d5c-4b70-8fd3-f286f3cfc61b
f59d702909470aaf14b2ed7cae6faa9b827579e5	git-hangup-investigation
f59d702909470aaf14b2ed7cae6faa9b827579e5	git-lfs-lite
f59d702909470aaf14b2ed7cae6faa9b827579e5	githooks
f59d702909470aaf14b2ed7cae6faa9b827579e5	llama-cpp-tk
f59d702909470aaf14b2ed7cae6faa9b827579e5	mcp
f59d702909470aaf14b2ed7cae6faa9b827579e5	mdns-inspector
f59d702909470aaf14b2ed7cae6faa9b827579e5	mouse-pointer
f59d702909470aaf14b2ed7cae6faa9b827579e5	pictogram
f59d702909470aaf14b2ed7cae6faa9b827579e5	remove-desktop-ini
f59d702909470aaf14b2ed7cae6faa9b827579e5	shellex-rust
f59d702909470aaf14b2ed7cae6faa9b827579e5	static-lunr
f59d702909470aaf14b2ed7cae6faa9b827579e5	test/add-http-tests-and-fix-stdio
f59d702909470aaf14b2ed7cae6faa9b827579e5	windows-moukaeritai-work
f5c47d12b5f9b578fa7a42802eecf8e9f6c26c88	9b7310d2-2d5c-4b70-8fd3-f286f3cfc61b
f5c47d12b5f9b578fa7a42802eecf8e9f6c26c88	git-hangup-investigation
f5c47d12b5f9b578fa7a42802eecf8e9f6c26c88	git-lfs-lite
f5c47d12b5f9b578fa7a42802eecf8e9f6c26c88	githooks
f5c47d12b5f9b578fa7a42802eecf8e9f6c26c88	llama-cpp-tk
f5c47d12b5f9b578fa7a42802eecf8e9f6c26c88	mcp
f5c47d12b5f9b578fa7a42802eecf8e9f6c26c88	mdns-inspector
f5c47d12b5f9b578fa7a42802eecf8e9f6c26c88	mouse-pointer
f5c47d12b5f9b578fa7a42802eecf8e9f6c26c88	pictogram
f5c47d12b5f9b578fa7a42802eecf8e9f6c26c88	remove-desktop-ini
f5c47d12b5f9b578fa7a42802eecf8e9f6c26c88	shellex-rust
f5c47d12b5f9b578fa7a42802eecf8e9f6c26c88	static-lunr
f5c47d12b5f9b578fa7a42802eecf8e9f6c26c88	test/add-http-tests-and-fix-stdio
f5c47d12b5f9b578fa7a42802eecf8e9f6c26c88	windows-moukaeritai-work
f5d600c2296162f0ecea9d972d3ca27f21f99045	9b7310d2-2d5c-4b70-8fd3-f286f3cfc61b
f5d600c2296162f0ecea9d972d3ca27f21f99045	git-hangup-investigation
f5d600c2296162f0ecea9d972d3ca27f21f99045	git-lfs-lite
f5d600c2296162f0ecea9d972d3ca27f21f99045	githooks
f5d600c2296162f0ecea9d972d3ca27f21f99045	llama-cpp-tk
f5d600c2296162f0ecea9d972d3ca27f21f99045	mcp
f5d600c2296162f0ecea9d972d3ca27f21f99045	mdns-inspector
f5d600c2296162f0ecea9d972d3ca27f21f99045	mouse-pointer
f5d600c2296162f0ecea9d972d3ca27f21f99045	pictogram
f5d600c2296162f0ecea9d972d3ca27f21f99045	remove-desktop-ini
f5d600c2296162f0ecea9d972d3ca27f21f99045	shellex-rust
f5d600c2296162f0ecea9d972d3ca27f21f99045	static-lunr
f5d600c2296162f0ecea9d972d3ca27f21f99045	test/add-http-tests-and-fix-stdio
f5d600c2296162f0ecea9d972d3ca27f21f99045	windows-moukaeritai-work
f665e0eee6106ec478d2ad724e2cac7cbb3e0ea5	9b7310d2-2d5c-4b70-8fd3-f286f3cfc61b
f665e0eee6106ec478d2ad724e2cac7cbb3e0ea5	git-hangup-investigation
f665e0eee6106ec478d2ad724e2cac7cbb3e0ea5	git-lfs-lite
f665e0eee6106ec478d2ad724e2cac7cbb3e0ea5	githooks
f665e0eee6106ec478d2ad724e2cac7cbb3e0ea5	llama-cpp-tk
f665e0eee6106ec478d2ad724e2cac7cbb3e0ea5	mcp
f665e0eee6106ec478d2ad724e2cac7cbb3e0ea5	mdns-inspector
f665e0eee6106ec478d2ad724e2cac7cbb3e0ea5	mouse-pointer
f665e0eee6106ec478d2ad724e2cac7cbb3e0ea5	pictogram
f665e0eee6106ec478d2ad724e2cac7cbb3e0ea5	remove-desktop-ini
f665e0eee6106ec478d2ad724e2cac7cbb3e0ea5	shellex-rust
f665e0eee6106ec478d2ad724e2cac7cbb3e0ea5	static-lunr
f665e0eee6106ec478d2ad724e2cac7cbb3e0ea5	test/add-http-tests-and-fix-stdio
f665e0eee6106ec478d2ad724e2cac7cbb3e0ea5	windows-moukaeritai-work
f6938afb337bbd5653379354802cec9257641b9c	9b7310d2-2d5c-4b70-8fd3-f286f3cfc61b
f6938afb337bbd5653379354802cec9257641b9c	git-hangup-investigation
f6938afb337bbd5653379354802cec9257641b9c	git-lfs-lite
f6938afb337bbd5653379354802cec9257641b9c	githooks
f6938afb337bbd5653379354802cec9257641b9c	llama-cpp-tk
f6938afb337bbd5653379354802cec9257641b9c	mcp
f6938afb337bbd5653379354802cec9257641b9c	mdns-inspector
f6938afb337bbd5653379354802cec9257641b9c	mouse-pointer
f6938afb337bbd5653379354802cec9257641b9c	pictogram
f6938afb337bbd5653379354802cec9257641b9c	remove-desktop-ini
f6938afb337bbd5653379354802cec9257641b9c	shellex-rust
f6938afb337bbd5653379354802cec9257641b9c	static-lunr
f6938afb337bbd5653379354802cec9257641b9c	test/add-http-tests-and-fix-stdio
f6938afb337bbd5653379354802cec9257641b9c	windows-moukaeritai-work
f6f4354ee88f50634fdfb285367c27edf9efe4cc	9b7310d2-2d5c-4b70-8fd3-f286f3cfc61b
f6f4354ee88f50634fdfb285367c27edf9efe4cc	git-hangup-investigation
f6f4354ee88f50634fdfb285367c27edf9efe4cc	git-lfs-lite
f6f4354ee88f50634fdfb285367c27edf9efe4cc	githooks
f6f4354ee88f50634fdfb285367c27edf9efe4cc	llama-cpp-tk
f6f4354ee88f50634fdfb285367c27edf9efe4cc	mcp
f6f4354ee88f50634fdfb285367c27edf9efe4cc	mdns-inspector
f6f4354ee88f50634fdfb285367c27edf9efe4cc	mouse-pointer
f6f4354ee88f50634fdfb285367c27edf9efe4cc	pictogram
f6f4354ee88f50634fdfb285367c27edf9efe4cc	remove-desktop-ini
f6f4354ee88f50634fdfb285367c27edf9efe4cc	shellex-rust
f6f4354ee88f50634fdfb285367c27edf9efe4cc	static-lunr
f6f4354ee88f50634fdfb285367c27edf9efe4cc	test/add-http-tests-and-fix-stdio
f6f4354ee88f50634fdfb285367c27edf9efe4cc	windows-moukaeritai-work
f728c2d234c07b02bf25e241a9d9bbe0c0126064	9b7310d2-2d5c-4b70-8fd3-f286f3cfc61b
f728c2d234c07b02bf25e241a9d9bbe0c0126064	feat/mcp-filelist-server
f728c2d234c07b02bf25e241a9d9bbe0c0126064	git-hangup-investigation
f728c2d234c07b02bf25e241a9d9bbe0c0126064	git-lfs-lite
f728c2d234c07b02bf25e241a9d9bbe0c0126064	githooks
f728c2d234c07b02bf25e241a9d9bbe0c0126064	llama-cpp-tk
f728c2d234c07b02bf25e241a9d9bbe0c0126064	mcp
f728c2d234c07b02bf25e241a9d9bbe0c0126064	mdns-inspector
f728c2d234c07b02bf25e241a9d9bbe0c0126064	mouse-pointer
f728c2d234c07b02bf25e241a9d9bbe0c0126064	pictogram
f728c2d234c07b02bf25e241a9d9bbe0c0126064	remove-desktop-ini
f728c2d234c07b02bf25e241a9d9bbe0c0126064	shellex-rust
f728c2d234c07b02bf25e241a9d9bbe0c0126064	static-lunr
f728c2d234c07b02bf25e241a9d9bbe0c0126064	test/add-http-tests-and-fix-stdio
f728c2d234c07b02bf25e241a9d9bbe0c0126064	windows-moukaeritai-work
f729dddfcd91f2d2785bb0ed299c6e57c6f3ef94	9b7310d2-2d5c-4b70-8fd3-f286f3cfc61b
f729dddfcd91f2d2785bb0ed299c6e57c6f3ef94	git-hangup-investigation
f729dddfcd91f2d2785bb0ed299c6e57c6f3ef94	git-lfs-lite
f729dddfcd91f2d2785bb0ed299c6e57c6f3ef94	githooks
f729dddfcd91f2d2785bb0ed299c6e57c6f3ef94	llama-cpp-tk
f729dddfcd91f2d2785bb0ed299c6e57c6f3ef94	mcp
f729dddfcd91f2d2785bb0ed299c6e57c6f3ef94	mdns-inspector
f729dddfcd91f2d2785bb0ed299c6e57c6f3ef94	mouse-pointer
f729dddfcd91f2d2785bb0ed299c6e57c6f3ef94	pictogram
f729dddfcd91f2d2785bb0ed299c6e57c6f3ef94	remove-desktop-ini
f729dddfcd91f2d2785bb0ed299c6e57c6f3ef94	shellex-rust
f729dddfcd91f2d2785bb0ed299c6e57c6f3ef94	static-lunr
f729dddfcd91f2d2785bb0ed299c6e57c6f3ef94	test/add-http-tests-and-fix-stdio
f729dddfcd91f2d2785bb0ed299c6e57c6f3ef94	windows-moukaeritai-work
f746c9518e56da4fdea80abb4ef82014702705ce	9b7310d2-2d5c-4b70-8fd3-f286f3cfc61b
f746c9518e56da4fdea80abb4ef82014702705ce	feat/mcp-filelist-server
f746c9518e56da4fdea80abb4ef82014702705ce	git-hangup-investigation
f746c9518e56da4fdea80abb4ef82014702705ce	git-lfs-lite
f746c9518e56da4fdea80abb4ef82014702705ce	githooks
f746c9518e56da4fdea80abb4ef82014702705ce	llama-cpp-tk
f746c9518e56da4fdea80abb4ef82014702705ce	mcp
f746c9518e56da4fdea80abb4ef82014702705ce	mdns-inspector
f746c9518e56da4fdea80abb4ef82014702705ce	mouse-pointer
f746c9518e56da4fdea80abb4ef82014702705ce	pictogram
f746c9518e56da4fdea80abb4ef82014702705ce	remove-desktop-ini
f746c9518e56da4fdea80abb4ef82014702705ce	shellex-rust
f746c9518e56da4fdea80abb4ef82014702705ce	static-lunr
f746c9518e56da4fdea80abb4ef82014702705ce	test/add-http-tests-and-fix-stdio
f746c9518e56da4fdea80abb4ef82014702705ce	windows-moukaeritai-work
f7a88ca2140ddcaf6ec3c5eafd84a5d128f54273	9b7310d2-2d5c-4b70-8fd3-f286f3cfc61b
f7a88ca2140ddcaf6ec3c5eafd84a5d128f54273	feat/mcp-filelist-server
f7a88ca2140ddcaf6ec3c5eafd84a5d128f54273	git-hangup-investigation
f7a88ca2140ddcaf6ec3c5eafd84a5d128f54273	git-lfs-lite
f7a88ca2140ddcaf6ec3c5eafd84a5d128f54273	githooks
f7a88ca2140ddcaf6ec3c5eafd84a5d128f54273	llama-cpp-tk
f7a88ca2140ddcaf6ec3c5eafd84a5d128f54273	mcp
f7a88ca2140ddcaf6ec3c5eafd84a5d128f54273	mdns-inspector
f7a88ca2140ddcaf6ec3c5eafd84a5d128f54273	mouse-pointer
f7a88ca2140ddcaf6ec3c5eafd84a5d128f54273	pictogram
f7a88ca2140ddcaf6ec3c5eafd84a5d128f54273	remove-desktop-ini
f7a88ca2140ddcaf6ec3c5eafd84a5d128f54273	shellex-rust
f7a88ca2140ddcaf6ec3c5eafd84a5d128f54273	static-lunr
f7a88ca2140ddcaf6ec3c5eafd84a5d128f54273	test/add-http-tests-and-fix-stdio
f7a88ca2140ddcaf6ec3c5eafd84a5d128f54273	windows-moukaeritai-work
f7ba6d003b3d207cd511042f0eef3881391075fe	9b7310d2-2d5c-4b70-8fd3-f286f3cfc61b
f7ba6d003b3d207cd511042f0eef3881391075fe	git-hangup-investigation
f7ba6d003b3d207cd511042f0eef3881391075fe	git-lfs-lite
f7ba6d003b3d207cd511042f0eef3881391075fe	githooks
f7ba6d003b3d207cd511042f0eef3881391075fe	llama-cpp-tk
f7ba6d003b3d207cd511042f0eef3881391075fe	mcp
f7ba6d003b3d207cd511042f0eef3881391075fe	mdns-inspector
f7ba6d003b3d207cd511042f0eef3881391075fe	mouse-pointer
f7ba6d003b3d207cd511042f0eef3881391075fe	pictogram
f7ba6d003b3d207cd511042f0eef3881391075fe	remove-desktop-ini
f7ba6d003b3d207cd511042f0eef3881391075fe	shellex-rust
f7ba6d003b3d207cd511042f0eef3881391075fe	static-lunr
f7ba6d003b3d207cd511042f0eef3881391075fe	test/add-http-tests-and-fix-stdio
f7ba6d003b3d207cd511042f0eef3881391075fe	windows-moukaeritai-work
f870159a3d0bfd7769d3e4512340abaaeeefa3b5	9b7310d2-2d5c-4b70-8fd3-f286f3cfc61b
f870159a3d0bfd7769d3e4512340abaaeeefa3b5	git-hangup-investigation
f870159a3d0bfd7769d3e4512340abaaeeefa3b5	git-lfs-lite
f870159a3d0bfd7769d3e4512340abaaeeefa3b5	githooks
f870159a3d0bfd7769d3e4512340abaaeeefa3b5	llama-cpp-tk
f870159a3d0bfd7769d3e4512340abaaeeefa3b5	mcp
f870159a3d0bfd7769d3e4512340abaaeeefa3b5	mdns-inspector
f870159a3d0bfd7769d3e4512340abaaeeefa3b5	mouse-pointer
f870159a3d0bfd7769d3e4512340abaaeeefa3b5	pictogram
f870159a3d0bfd7769d3e4512340abaaeeefa3b5	remove-desktop-ini
f870159a3d0bfd7769d3e4512340abaaeeefa3b5	shellex-rust
f870159a3d0bfd7769d3e4512340abaaeeefa3b5	static-lunr
f870159a3d0bfd7769d3e4512340abaaeeefa3b5	test/add-http-tests-and-fix-stdio
f870159a3d0bfd7769d3e4512340abaaeeefa3b5	windows-moukaeritai-work
f8dc5484777ac3ae9cffd69eaafb26a15e028c15	9b7310d2-2d5c-4b70-8fd3-f286f3cfc61b
f8dc5484777ac3ae9cffd69eaafb26a15e028c15	git-hangup-investigation
f8dc5484777ac3ae9cffd69eaafb26a15e028c15	git-lfs-lite
f8dc5484777ac3ae9cffd69eaafb26a15e028c15	githooks
f8dc5484777ac3ae9cffd69eaafb26a15e028c15	llama-cpp-tk
f8dc5484777ac3ae9cffd69eaafb26a15e028c15	mcp
f8dc5484777ac3ae9cffd69eaafb26a15e028c15	mdns-inspector
f8dc5484777ac3ae9cffd69eaafb26a15e028c15	mouse-pointer
f8dc5484777ac3ae9cffd69eaafb26a15e028c15	pictogram
f8dc5484777ac3ae9cffd69eaafb26a15e028c15	remove-desktop-ini
f8dc5484777ac3ae9cffd69eaafb26a15e028c15	shellex-rust
f8dc5484777ac3ae9cffd69eaafb26a15e028c15	static-lunr
f8dc5484777ac3ae9cffd69eaafb26a15e028c15	test/add-http-tests-and-fix-stdio
f8dc5484777ac3ae9cffd69eaafb26a15e028c15	windows-moukaeritai-work
f9ea28ba69f102b8858f4984001fbd6839a01136	9b7310d2-2d5c-4b70-8fd3-f286f3cfc61b
f9ea28ba69f102b8858f4984001fbd6839a01136	git-hangup-investigation
f9ea28ba69f102b8858f4984001fbd6839a01136	git-lfs-lite
f9ea28ba69f102b8858f4984001fbd6839a01136	githooks
f9ea28ba69f102b8858f4984001fbd6839a01136	llama-cpp-tk
f9ea28ba69f102b8858f4984001fbd6839a01136	mcp
f9ea28ba69f102b8858f4984001fbd6839a01136	mdns-inspector
f9ea28ba69f102b8858f4984001fbd6839a01136	mouse-pointer
f9ea28ba69f102b8858f4984001fbd6839a01136	pictogram
f9ea28ba69f102b8858f4984001fbd6839a01136	remove-desktop-ini
f9ea28ba69f102b8858f4984001fbd6839a01136	shellex-rust
f9ea28ba69f102b8858f4984001fbd6839a01136	static-lunr
f9ea28ba69f102b8858f4984001fbd6839a01136	test/add-http-tests-and-fix-stdio
f9ea28ba69f102b8858f4984001fbd6839a01136	windows-moukaeritai-work
fa22ee091177d13854a836cc7a99e8da420c6343	9b7310d2-2d5c-4b70-8fd3-f286f3cfc61b
fa22ee091177d13854a836cc7a99e8da420c6343	git-hangup-investigation
fa22ee091177d13854a836cc7a99e8da420c6343	git-lfs-lite
fa22ee091177d13854a836cc7a99e8da420c6343	githooks
fa22ee091177d13854a836cc7a99e8da420c6343	llama-cpp-tk
fa22ee091177d13854a836cc7a99e8da420c6343	mcp
fa22ee091177d13854a836cc7a99e8da420c6343	mdns-inspector
fa22ee091177d13854a836cc7a99e8da420c6343	mouse-pointer
fa22ee091177d13854a836cc7a99e8da420c6343	pictogram
fa22ee091177d13854a836cc7a99e8da420c6343	remove-desktop-ini
fa22ee091177d13854a836cc7a99e8da420c6343	shellex-rust
fa22ee091177d13854a836cc7a99e8da420c6343	static-lunr
fa22ee091177d13854a836cc7a99e8da420c6343	test/add-http-tests-and-fix-stdio
fa22ee091177d13854a836cc7a99e8da420c6343	windows-moukaeritai-work
fa852f82e2226c0ed042ad0e45ede16a0ab96746	9b7310d2-2d5c-4b70-8fd3-f286f3cfc61b
fa852f82e2226c0ed042ad0e45ede16a0ab96746	git-hangup-investigation
fa852f82e2226c0ed042ad0e45ede16a0ab96746	git-lfs-lite
fa852f82e2226c0ed042ad0e45ede16a0ab96746	githooks
fa852f82e2226c0ed042ad0e45ede16a0ab96746	llama-cpp-tk
fa852f82e2226c0ed042ad0e45ede16a0ab96746	mcp
fa852f82e2226c0ed042ad0e45ede16a0ab96746	mdns-inspector
fa852f82e2226c0ed042ad0e45ede16a0ab96746	mouse-pointer
fa852f82e2226c0ed042ad0e45ede16a0ab96746	pictogram
fa852f82e2226c0ed042ad0e45ede16a0ab96746	remove-desktop-ini
fa852f82e2226c0ed042ad0e45ede16a0ab96746	shellex-rust
fa852f82e2226c0ed042ad0e45ede16a0ab96746	static-lunr
fa852f82e2226c0ed042ad0e45ede16a0ab96746	test/add-http-tests-and-fix-stdio
fa852f82e2226c0ed042ad0e45ede16a0ab96746	windows-moukaeritai-work
fb2d2c8818aa86a208b66a44533608e9d1986e50	9b7310d2-2d5c-4b70-8fd3-f286f3cfc61b
fb2d2c8818aa86a208b66a44533608e9d1986e50	git-hangup-investigation
fb2d2c8818aa86a208b66a44533608e9d1986e50	git-lfs-lite
fb2d2c8818aa86a208b66a44533608e9d1986e50	githooks
fb2d2c8818aa86a208b66a44533608e9d1986e50	llama-cpp-tk
fb2d2c8818aa86a208b66a44533608e9d1986e50	mcp
fb2d2c8818aa86a208b66a44533608e9d1986e50	mdns-inspector
fb2d2c8818aa86a208b66a44533608e9d1986e50	mouse-pointer
fb2d2c8818aa86a208b66a44533608e9d1986e50	pictogram
fb2d2c8818aa86a208b66a44533608e9d1986e50	remove-desktop-ini
fb2d2c8818aa86a208b66a44533608e9d1986e50	shellex-rust
fb2d2c8818aa86a208b66a44533608e9d1986e50	static-lunr
fb2d2c8818aa86a208b66a44533608e9d1986e50	test/add-http-tests-and-fix-stdio
fb2d2c8818aa86a208b66a44533608e9d1986e50	windows-moukaeritai-work
fb36f4ea458b1957ea1661fc336bc0531de6f28b	9b7310d2-2d5c-4b70-8fd3-f286f3cfc61b
fb36f4ea458b1957ea1661fc336bc0531de6f28b	git-hangup-investigation
fb36f4ea458b1957ea1661fc336bc0531de6f28b	git-lfs-lite
fb36f4ea458b1957ea1661fc336bc0531de6f28b	githooks
fb36f4ea458b1957ea1661fc336bc0531de6f28b	llama-cpp-tk
fb36f4ea458b1957ea1661fc336bc0531de6f28b	mcp
fb36f4ea458b1957ea1661fc336bc0531de6f28b	mdns-inspector
fb36f4ea458b1957ea1661fc336bc0531de6f28b	mouse-pointer
fb36f4ea458b1957ea1661fc336bc0531de6f28b	pictogram
fb36f4ea458b1957ea1661fc336bc0531de6f28b	remove-desktop-ini
fb36f4ea458b1957ea1661fc336bc0531de6f28b	shellex-rust
fb36f4ea458b1957ea1661fc336bc0531de6f28b	static-lunr
fb36f4ea458b1957ea1661fc336bc0531de6f28b	test/add-http-tests-and-fix-stdio
fb36f4ea458b1957ea1661fc336bc0531de6f28b	windows-moukaeritai-work
fb97b1cbbff65250f79f9152acaa76f9fdda6c72	9b7310d2-2d5c-4b70-8fd3-f286f3cfc61b
fb97b1cbbff65250f79f9152acaa76f9fdda6c72	git-hangup-investigation
fb97b1cbbff65250f79f9152acaa76f9fdda6c72	git-lfs-lite
fb97b1cbbff65250f79f9152acaa76f9fdda6c72	githooks
fb97b1cbbff65250f79f9152acaa76f9fdda6c72	llama-cpp-tk
fb97b1cbbff65250f79f9152acaa76f9fdda6c72	mcp
fb97b1cbbff65250f79f9152acaa76f9fdda6c72	mdns-inspector
fb97b1cbbff65250f79f9152acaa76f9fdda6c72	mouse-pointer
fb97b1cbbff65250f79f9152acaa76f9fdda6c72	pictogram
fb97b1cbbff65250f79f9152acaa76f9fdda6c72	remove-desktop-ini
fb97b1cbbff65250f79f9152acaa76f9fdda6c72	shellex-rust
fb97b1cbbff65250f79f9152acaa76f9fdda6c72	static-lunr
fb97b1cbbff65250f79f9152acaa76f9fdda6c72	test/add-http-tests-and-fix-stdio
fb97b1cbbff65250f79f9152acaa76f9fdda6c72	windows-moukaeritai-work
fbe082fc5ea894fd1990deb99d00929cc4d6b493	9b7310d2-2d5c-4b70-8fd3-f286f3cfc61b
fbe082fc5ea894fd1990deb99d00929cc4d6b493	git-hangup-investigation
fbe082fc5ea894fd1990deb99d00929cc4d6b493	git-lfs-lite
fbe082fc5ea894fd1990deb99d00929cc4d6b493	githooks
fbe082fc5ea894fd1990deb99d00929cc4d6b493	llama-cpp-tk
fbe082fc5ea894fd1990deb99d00929cc4d6b493	mcp
fbe082fc5ea894fd1990deb99d00929cc4d6b493	mdns-inspector
fbe082fc5ea894fd1990deb99d00929cc4d6b493	mouse-pointer
fbe082fc5ea894fd1990deb99d00929cc4d6b493	pictogram
fbe082fc5ea894fd1990deb99d00929cc4d6b493	remove-desktop-ini
fbe082fc5ea894fd1990deb99d00929cc4d6b493	shellex-rust
fbe082fc5ea894fd1990deb99d00929cc4d6b493	static-lunr
fbe082fc5ea894fd1990deb99d00929cc4d6b493	test/add-http-tests-and-fix-stdio
fbe082fc5ea894fd1990deb99d00929cc4d6b493	windows-moukaeritai-work
fd691f1ef380490deb8c1f73f4f374392a40ac9a	9b7310d2-2d5c-4b70-8fd3-f286f3cfc61b
fd691f1ef380490deb8c1f73f4f374392a40ac9a	git-hangup-investigation
fd691f1ef380490deb8c1f73f4f374392a40ac9a	git-lfs-lite
fd691f1ef380490deb8c1f73f4f374392a40ac9a	githooks
fd691f1ef380490deb8c1f73f4f374392a40ac9a	llama-cpp-tk
fd691f1ef380490deb8c1f73f4f374392a40ac9a	mcp
fd691f1ef380490deb8c1f73f4f374392a40ac9a	mdns-inspector
fd691f1ef380490deb8c1f73f4f374392a40ac9a	mouse-pointer
fd691f1ef380490deb8c1f73f4f374392a40ac9a	pictogram
fd691f1ef380490deb8c1f73f4f374392a40ac9a	remove-desktop-ini
fd691f1ef380490deb8c1f73f4f374392a40ac9a	shellex-rust
fd691f1ef380490deb8c1f73f4f374392a40ac9a	static-lunr
fd691f1ef380490deb8c1f73f4f374392a40ac9a	test/add-http-tests-and-fix-stdio
fd691f1ef380490deb8c1f73f4f374392a40ac9a	windows-moukaeritai-work
fdd2fa753fc7ced53f67ba3b82f453e009d70b80	9b7310d2-2d5c-4b70-8fd3-f286f3cfc61b
fdd2fa753fc7ced53f67ba3b82f453e009d70b80	git-hangup-investigation
fdd2fa753fc7ced53f67ba3b82f453e009d70b80	git-lfs-lite
fdd2fa753fc7ced53f67ba3b82f453e009d70b80	githooks
fdd2fa753fc7ced53f67ba3b82f453e009d70b80	llama-cpp-tk
fdd2fa753fc7ced53f67ba3b82f453e009d70b80	mcp
fdd2fa753fc7ced53f67ba3b82f453e009d70b80	mdns-inspector
fdd2fa753fc7ced53f67ba3b82f453e009d70b80	mouse-pointer
fdd2fa753fc7ced53f67ba3b82f453e009d70b80	pictogram
fdd2fa753fc7ced53f67ba3b82f453e009d70b80	remove-desktop-ini
fdd2fa753fc7ced53f67ba3b82f453e009d70b80	shellex-rust
fdd2fa753fc7ced53f67ba3b82f453e009d70b80	static-lunr
fdd2fa753fc7ced53f67ba3b82f453e009d70b80	test/add-http-tests-and-fix-stdio
fdd2fa753fc7ced53f67ba3b82f453e009d70b80	windows-moukaeritai-work
fea590d1acae85a29f914e405149ecd1b53cc273	9b7310d2-2d5c-4b70-8fd3-f286f3cfc61b
fea590d1acae85a29f914e405149ecd1b53cc273	git-hangup-investigation
fea590d1acae85a29f914e405149ecd1b53cc273	git-lfs-lite
fea590d1acae85a29f914e405149ecd1b53cc273	githooks
fea590d1acae85a29f914e405149ecd1b53cc273	llama-cpp-tk
fea590d1acae85a29f914e405149ecd1b53cc273	mcp
fea590d1acae85a29f914e405149ecd1b53cc273	mdns-inspector
fea590d1acae85a29f914e405149ecd1b53cc273	mouse-pointer
fea590d1acae85a29f914e405149ecd1b53cc273	pictogram
fea590d1acae85a29f914e405149ecd1b53cc273	remove-desktop-ini
fea590d1acae85a29f914e405149ecd1b53cc273	shellex-rust
fea590d1acae85a29f914e405149ecd1b53cc273	static-lunr
fea590d1acae85a29f914e405149ecd1b53cc273	test/add-http-tests-and-fix-stdio
fea590d1acae85a29f914e405149ecd1b53cc273	windows-moukaeritai-work
ff3be0bc6f9cf8a03ab3934ac4c86238fd3b8f81	9b7310d2-2d5c-4b70-8fd3-f286f3cfc61b
ff3be0bc6f9cf8a03ab3934ac4c86238fd3b8f81	feat/mcp-filelist-server
ff3be0bc6f9cf8a03ab3934ac4c86238fd3b8f81	git-hangup-investigation
ff3be0bc6f9cf8a03ab3934ac4c86238fd3b8f81	git-lfs-lite
ff3be0bc6f9cf8a03ab3934ac4c86238fd3b8f81	githooks
ff3be0bc6f9cf8a03ab3934ac4c86238fd3b8f81	llama-cpp-tk
ff3be0bc6f9cf8a03ab3934ac4c86238fd3b8f81	mcp
ff3be0bc6f9cf8a03ab3934ac4c86238fd3b8f81	mdns-inspector
ff3be0bc6f9cf8a03ab3934ac4c86238fd3b8f81	mouse-pointer
ff3be0bc6f9cf8a03ab3934ac4c86238fd3b8f81	pictogram
ff3be0bc6f9cf8a03ab3934ac4c86238fd3b8f81	remove-desktop-ini
ff3be0bc6f9cf8a03ab3934ac4c86238fd3b8f81	shellex-rust
ff3be0bc6f9cf8a03ab3934ac4c86238fd3b8f81	static-lunr
ff3be0bc6f9cf8a03ab3934ac4c86238fd3b8f81	test/add-http-tests-and-fix-stdio
ff3be0bc6f9cf8a03ab3934ac4c86238fd3b8f81	windows-moukaeritai-work
ffa1e529db464d8ea870d2f162d42de5dc4b5c1c	9b7310d2-2d5c-4b70-8fd3-f286f3cfc61b
ffa1e529db464d8ea870d2f162d42de5dc4b5c1c	feat/mcp-filelist-server
ffa1e529db464d8ea870d2f162d42de5dc4b5c1c	git-hangup-investigation
ffa1e529db464d8ea870d2f162d42de5dc4b5c1c	git-lfs-lite
ffa1e529db464d8ea870d2f162d42de5dc4b5c1c	githooks
ffa1e529db464d8ea870d2f162d42de5dc4b5c1c	llama-cpp-tk
ffa1e529db464d8ea870d2f162d42de5dc4b5c1c	mcp
ffa1e529db464d8ea870d2f162d42de5dc4b5c1c	mdns-inspector
ffa1e529db464d8ea870d2f162d42de5dc4b5c1c	mouse-pointer
ffa1e529db464d8ea870d2f162d42de5dc4b5c1c	pictogram
ffa1e529db464d8ea870d2f162d42de5dc4b5c1c	remove-desktop-ini
ffa1e529db464d8ea870d2f162d42de5dc4b5c1c	shellex-rust
ffa1e529db464d8ea870d2f162d42de5dc4b5c1c	static-lunr
ffa1e529db464d8ea870d2f162d42de5dc4b5c1c	test/add-http-tests-and-fix-stdio
ffa1e529db464d8ea870d2f162d42de5dc4b5c1c	windows-moukaeritai-work
